seq_name	length	topology	coordinates	n_genes	genetic_code	virus_score	fdr	n_hallmarks	marker_enrichment	taxonomy
k141_38593	6671	No terminal repeats	NA	9	11	0.9835	NA	5	12.0774	Viruses;Duplodnaviria;Heunggongvirae;Uroviricota;Caudoviricetes;;
k141_47181	6102	No terminal repeats	NA	8	11	0.9833	NA	6	13.1605	Viruses;Duplodnaviria;Heunggongvirae;Uroviricota;Caudoviricetes;;
k141_46806	3984	No terminal repeats	NA	6	11	0.9833	NA	2	10.0967	Viruses;Duplodnaviria;Heunggongvirae;Uroviricota;Caudoviricetes;;
k141_34991	3198	No terminal repeats	NA	5	11	0.9832	NA	0	7.4131	Viruses;Duplodnaviria;Heunggongvirae;Uroviricota;Caudoviricetes;;
k141_9175	4786	No terminal repeats	NA	8	11	0.9831	NA	5	13.0782	Viruses;Duplodnaviria;Heunggongvirae;Uroviricota;Caudoviricetes;;
k141_23283	9291	No terminal repeats	NA	9	11	0.9830	NA	2	14.6475	Viruses;Duplodnaviria;Heunggongvirae;Uroviricota;Caudoviricetes;;
k141_17241	6034	No terminal repeats	NA	8	11	0.9828	NA	2	12.0280	Viruses;Duplodnaviria;Heunggongvirae;Uroviricota;Caudoviricetes;;
k141_41457	31573	No terminal repeats	NA	42	11	0.9828	NA	14	60.6040	Viruses;Duplodnaviria;Heunggongvirae;Uroviricota;Caudoviricetes;;
k141_10674	7696	No terminal repeats	NA	19	11	0.9827	NA	0	19.8500	Viruses;Duplodnaviria;Heunggongvirae;Uroviricota;Caudoviricetes;;
k141_61991	6766	No terminal repeats	NA	17	11	0.9826	NA	1	22.2311	Viruses;Duplodnaviria;Heunggongvirae;Uroviricota;Caudoviricetes;;
k141_55198	26812	No terminal repeats	NA	31	11	0.9825	NA	13	39.8766	Viruses;Duplodnaviria;Heunggongvirae;Uroviricota;Caudoviricetes;;
k141_212	6131	No terminal repeats	NA	3	11	0.9824	NA	2	4.5712	Viruses;Duplodnaviria;Heunggongvirae;Uroviricota;Caudoviricetes;;
k141_41655	29909	No terminal repeats	NA	43	11	0.9823	NA	13	56.3192	Viruses;Duplodnaviria;Heunggongvirae;Uroviricota;Caudoviricetes;;
k141_17623	12085	No terminal repeats	NA	17	11	0.9823	NA	7	19.9388	Viruses;Duplodnaviria;Heunggongvirae;Uroviricota;Caudoviricetes;;
k141_4950	5308	No terminal repeats	NA	13	11	0.9822	NA	2	16.7486	Viruses;Duplodnaviria;Heunggongvirae;Uroviricota;Caudoviricetes;;
k141_76559	4118	No terminal repeats	NA	5	11	0.9822	NA	0	8.5914	Viruses;Duplodnaviria;Heunggongvirae;Uroviricota;Caudoviricetes;;
k141_3763	6003	No terminal repeats	NA	7	11	0.9822	NA	0	9.8990	Viruses;Duplodnaviria;Heunggongvirae;Uroviricota;Caudoviricetes;;
k141_65579	32499	DTR	NA	51	11	0.9822	NA	14	59.0905	Viruses;Duplodnaviria;Heunggongvirae;Uroviricota;Caudoviricetes;;
k141_579	4022	No terminal repeats	NA	6	11	0.9822	NA	5	8.5914	Viruses;Duplodnaviria;Heunggongvirae;Uroviricota;Caudoviricetes;;
k141_35145	19276	No terminal repeats	NA	19	11	0.9821	NA	1	16.1392	Viruses;Duplodnaviria;Heunggongvirae;Uroviricota;Caudoviricetes;;
k141_62589	3975	No terminal repeats	NA	7	11	0.9821	NA	3	9.4060	Viruses;Duplodnaviria;Heunggongvirae;Uroviricota;Caudoviricetes;;
k141_5313	5735	No terminal repeats	NA	8	11	0.9820	NA	3	7.5157	Viruses;Duplodnaviria;Heunggongvirae;Uroviricota;Caudoviricetes;;
k141_13069	3083	No terminal repeats	NA	6	11	0.9820	NA	0	8.0213	Viruses;Duplodnaviria;Heunggongvirae;Uroviricota;Caudoviricetes;;
k141_74539	4575	No terminal repeats	NA	8	11	0.9820	NA	2	9.6806	Viruses;Duplodnaviria;Heunggongvirae;Uroviricota;Caudoviricetes;;
k141_77482	10153	No terminal repeats	NA	13	11	0.9819	NA	7	18.1033	Viruses;Duplodnaviria;Heunggongvirae;Uroviricota;Caudoviricetes;;
k141_27183	6321	No terminal repeats	NA	10	11	0.9816	NA	4	16.4683	Viruses;Duplodnaviria;Heunggongvirae;Uroviricota;Caudoviricetes;;
k141_82511	3001	No terminal repeats	NA	7	11	0.9816	NA	0	8.7929	Viruses;Duplodnaviria;Heunggongvirae;Uroviricota;Caudoviricetes;;
k141_17666	31047	No terminal repeats	NA	50	11	0.9815	NA	15	60.4880	Viruses;Duplodnaviria;Heunggongvirae;Uroviricota;Caudoviricetes;;
k141_77065	7548	No terminal repeats	NA	13	11	0.9814	NA	2	16.3359	Viruses;Duplodnaviria;Heunggongvirae;Uroviricota;Caudoviricetes;;
k141_38513	3389	No terminal repeats	NA	4	11	0.9814	NA	4	6.3884	Viruses;Duplodnaviria;Heunggongvirae;Uroviricota;Caudoviricetes;;
k141_17263	4297	No terminal repeats	NA	7	11	0.9812	NA	1	10.3097	Viruses;Duplodnaviria;Heunggongvirae;Uroviricota;Caudoviricetes;;
k141_54481	1960	No terminal repeats	NA	7	11	0.9812	NA	1	11.8412	Viruses;Duplodnaviria;Heunggongvirae;Uroviricota;Caudoviricetes;;
k141_9149	3710	No terminal repeats	NA	6	11	0.9812	NA	4	9.7741	Viruses;Duplodnaviria;Heunggongvirae;Uroviricota;Caudoviricetes;;
k141_25692	9996	No terminal repeats	NA	16	11	0.9811	NA	4	18.3762	Viruses;Duplodnaviria;Heunggongvirae;Uroviricota;Caudoviricetes;;
k141_35608	19716	No terminal repeats	NA	26	11	0.9811	NA	4	28.1525	Viruses;Duplodnaviria;Heunggongvirae;Uroviricota;Caudoviricetes;;
k141_9637	6518	No terminal repeats	NA	8	11	0.9811	NA	1	10.2333	Viruses;Duplodnaviria;Heunggongvirae;Uroviricota;Caudoviricetes;;
k141_55557	5693	No terminal repeats	NA	10	11	0.9810	NA	1	16.3124	Viruses;Duplodnaviria;Heunggongvirae;Uroviricota;Caudoviricetes;;
k141_754|provirus_7606_59786	52181	Provirus	7606-59786	80	11	0.9809	NA	19	77.2208	Viruses;Duplodnaviria;Heunggongvirae;Uroviricota;Caudoviricetes;;
k141_46712	5325	No terminal repeats	NA	12	11	0.9809	NA	10	17.5441	Viruses;Duplodnaviria;Heunggongvirae;Uroviricota;Caudoviricetes;;
k141_55291	34796	No terminal repeats	NA	51	11	0.9809	NA	14	50.5093	Viruses;Duplodnaviria;Heunggongvirae;Uroviricota;Caudoviricetes;;
k141_23748	40477	No terminal repeats	NA	49	11	0.9808	NA	16	62.2420	Viruses;Duplodnaviria;Heunggongvirae;Uroviricota;Caudoviricetes;;
k141_50942	25717	No terminal repeats	NA	31	11	0.9807	NA	13	45.2777	Viruses;Duplodnaviria;Heunggongvirae;Uroviricota;Caudoviricetes;;
k141_640	6724	No terminal repeats	NA	9	11	0.9806	NA	4	10.4633	Viruses;Duplodnaviria;Heunggongvirae;Uroviricota;Caudoviricetes;;
k141_58264	9207	No terminal repeats	NA	16	11	0.9806	NA	1	20.0072	Viruses;Duplodnaviria;Heunggongvirae;Uroviricota;Caudoviricetes;;
k141_56449	23535	No terminal repeats	NA	27	11	0.9806	NA	3	39.9127	Viruses;Duplodnaviria;Heunggongvirae;Uroviricota;Caudoviricetes;;
k141_46160	8234	No terminal repeats	NA	13	11	0.9805	NA	1	16.4133	Viruses;Duplodnaviria;Heunggongvirae;Uroviricota;Caudoviricetes;;
k141_65919	3732	No terminal repeats	NA	6	11	0.9804	NA	1	10.2086	Viruses;Duplodnaviria;Heunggongvirae;Uroviricota;Caudoviricetes;;
k141_54667|provirus_13577_21897	8321	Provirus	13577-21897	7	11	0.9803	NA	0	11.7558	Viruses;Duplodnaviria;Heunggongvirae;Uroviricota;Caudoviricetes;;
k141_40826	6508	No terminal repeats	NA	9	11	0.9803	NA	0	8.0482	Viruses;Duplodnaviria;Heunggongvirae;Uroviricota;Caudoviricetes;;
k141_24560	4299	No terminal repeats	NA	4	11	0.9803	NA	3	5.9792	Viruses;Duplodnaviria;Heunggongvirae;Uroviricota;Caudoviricetes;;
k141_41519	15427	No terminal repeats	NA	21	11	0.9802	NA	2	17.0875	Viruses;Duplodnaviria;Heunggongvirae;Uroviricota;Caudoviricetes;;
k141_12533	3020	No terminal repeats	NA	4	11	0.9801	NA	0	5.2206	Viruses;Duplodnaviria;Heunggongvirae;Uroviricota;Caudoviricetes;;
k141_16386	2968	No terminal repeats	NA	3	11	0.9801	NA	3	5.1539	Viruses;Duplodnaviria;Heunggongvirae;Uroviricota;Caudoviricetes;;
k141_39803	7841	No terminal repeats	NA	14	11	0.9800	NA	1	12.7643	Viruses;Duplodnaviria;Heunggongvirae;Uroviricota;Caudoviricetes;;
k141_44566|provirus_19271_31825	12555	Provirus	19271-31825	13	11	0.9799	NA	3	15.4385	Viruses;Duplodnaviria;Heunggongvirae;Uroviricota;Caudoviricetes;;
k141_65426	47319	No terminal repeats	NA	63	11	0.9798	NA	17	84.0552	Viruses;Duplodnaviria;Heunggongvirae;Uroviricota;Caudoviricetes;;
k141_8110	4259	No terminal repeats	NA	6	11	0.9798	NA	3	10.2611	Viruses;Duplodnaviria;Heunggongvirae;Uroviricota;Caudoviricetes;;
k141_42011	19666	No terminal repeats	NA	20	11	0.9797	NA	9	21.9047	Viruses;Duplodnaviria;Heunggongvirae;Uroviricota;Caudoviricetes;;
k141_25257	6587	No terminal repeats	NA	6	11	0.9797	NA	0	8.0180	Viruses;Duplodnaviria;Heunggongvirae;Uroviricota;Caudoviricetes;;
k141_77831	13140	No terminal repeats	NA	30	11	0.9797	NA	1	33.6375	Viruses;Duplodnaviria;Heunggongvirae;Uroviricota;Caudoviricetes;;
k141_78324	4283	No terminal repeats	NA	3	11	0.9794	NA	1	4.8477	Viruses;Duplodnaviria;Heunggongvirae;Uroviricota;Caudoviricetes;;
k141_68630	5888	No terminal repeats	NA	6	11	0.9794	NA	0	6.0973	Viruses;Duplodnaviria;Heunggongvirae;Uroviricota;Caudoviricetes;;
k141_36046	8096	No terminal repeats	NA	14	11	0.9794	NA	0	12.1929	Viruses;Duplodnaviria;Heunggongvirae;Uroviricota;Caudoviricetes;;
k141_21748	3937	No terminal repeats	NA	8	11	0.9794	NA	0	6.8257	Viruses;Duplodnaviria;Heunggongvirae;Uroviricota;Caudoviricetes;;
k141_54528	3856	No terminal repeats	NA	6	11	0.9794	NA	0	7.9258	Viruses;Duplodnaviria;Heunggongvirae;Uroviricota;Caudoviricetes;;
k141_75882	26846	No terminal repeats	NA	35	11	0.9793	NA	4	42.5209	Viruses;Duplodnaviria;Heunggongvirae;Uroviricota;Caudoviricetes;;
k141_18748	2020	No terminal repeats	NA	3	11	0.9792	NA	3	4.7328	Viruses;Duplodnaviria;Heunggongvirae;Uroviricota;Caudoviricetes;;
k141_74281	33713	No terminal repeats	NA	52	11	0.9792	NA	11	61.3420	Viruses;Duplodnaviria;Heunggongvirae;Uroviricota;Caudoviricetes;;
k141_50803|provirus_21490_53402	31913	Provirus	21490-53402	49	11	0.9792	NA	8	63.0346	Viruses;Duplodnaviria;Heunggongvirae;Uroviricota;Caudoviricetes;;
k141_26092	30108	No terminal repeats	NA	48	11	0.9791	NA	8	59.4435	Viruses;Duplodnaviria;Heunggongvirae;Uroviricota;Caudoviricetes;;
k141_45545	9897	No terminal repeats	NA	18	11	0.9791	NA	1	15.7390	Viruses;Duplodnaviria;Heunggongvirae;Uroviricota;Caudoviricetes;;
k141_75259	6642	No terminal repeats	NA	7	11	0.9791	NA	1	6.1784	Viruses;Duplodnaviria;Heunggongvirae;Uroviricota;Caudoviricetes;;
k141_4310	3442	No terminal repeats	NA	5	11	0.9790	NA	1	4.6696	Viruses;Duplodnaviria;Heunggongvirae;Uroviricota;Caudoviricetes;;
k141_24873	3215	No terminal repeats	NA	4	11	0.9789	NA	4	5.9112	Viruses;Duplodnaviria;Heunggongvirae;Uroviricota;Caudoviricetes;;
k141_2534	4405	No terminal repeats	NA	4	11	0.9789	NA	0	6.6613	Viruses;Duplodnaviria;Heunggongvirae;Uroviricota;Caudoviricetes;;
k141_64818	49400	No terminal repeats	NA	70	11	0.9787	NA	13	56.7138	Viruses;Duplodnaviria;Heunggongvirae;Uroviricota;Caudoviricetes;;
k141_23083	35836	No terminal repeats	NA	37	11	0.9786	NA	5	44.4403	Viruses;Duplodnaviria;Heunggongvirae;Uroviricota;Caudoviricetes;;
k141_22977	3359	No terminal repeats	NA	4	11	0.9785	NA	0	4.9253	Viruses;Duplodnaviria;Heunggongvirae;Uroviricota;Caudoviricetes;;
k141_52664	5389	No terminal repeats	NA	10	11	0.9785	NA	1	6.6777	Viruses;Duplodnaviria;Heunggongvirae;Uroviricota;Caudoviricetes;;
k141_16107	10568	No terminal repeats	NA	17	11	0.9785	NA	6	21.7973	Viruses;Duplodnaviria;Heunggongvirae;Uroviricota;Caudoviricetes;;
k141_4608	3704	No terminal repeats	NA	5	11	0.9784	NA	2	7.8481	Viruses;Duplodnaviria;Heunggongvirae;Uroviricota;Caudoviricetes;;
k141_21343	6902	No terminal repeats	NA	8	11	0.9784	NA	2	12.4324	Viruses;Duplodnaviria;Heunggongvirae;Uroviricota;Caudoviricetes;;
k141_42679	5264	No terminal repeats	NA	8	11	0.9784	NA	0	7.3668	Viruses;Duplodnaviria;Heunggongvirae;Uroviricota;Caudoviricetes;;
k141_28819|provirus_22448_26412	3965	Provirus	22448-26412	6	11	0.9783	NA	0	8.0503	Viruses;Duplodnaviria;Heunggongvirae;Uroviricota;Caudoviricetes;;
k141_23355	28494	No terminal repeats	NA	40	11	0.9783	NA	11	44.3624	Viruses;Duplodnaviria;Heunggongvirae;Uroviricota;Caudoviricetes;;
k141_19067	10831	No terminal repeats	NA	19	11	0.9782	NA	1	10.1688	Viruses;Duplodnaviria;Heunggongvirae;Uroviricota;Caudoviricetes;;
k141_70803	26293	No terminal repeats	NA	29	11	0.9780	NA	3	27.9113	Viruses;Duplodnaviria;Heunggongvirae;Uroviricota;Caudoviricetes;;
k141_64482	5204	No terminal repeats	NA	5	11	0.9780	NA	1	4.6949	Viruses;Duplodnaviria;Heunggongvirae;Uroviricota;Caudoviricetes;;
k141_82528	6671	No terminal repeats	NA	11	11	0.9780	NA	0	10.5159	Viruses;Duplodnaviria;Heunggongvirae;Uroviricota;Caudoviricetes;;
k141_24341	22425	No terminal repeats	NA	29	11	0.9780	NA	5	34.5352	Viruses;Duplodnaviria;Heunggongvirae;Uroviricota;Caudoviricetes;;
k141_9687	3401	No terminal repeats	NA	5	11	0.9779	NA	5	6.6430	Viruses;Duplodnaviria;Heunggongvirae;Uroviricota;Caudoviricetes;;
k141_57324	17223	No terminal repeats	NA	25	11	0.9778	NA	3	32.8985	Viruses;Duplodnaviria;Heunggongvirae;Uroviricota;Caudoviricetes;;
k141_68593	18837	No terminal repeats	NA	21	11	0.9778	NA	6	29.9916	Viruses;Duplodnaviria;Heunggongvirae;Uroviricota;Caudoviricetes;;
k141_7281|provirus_51937_84896	32960	Provirus	51937-84896	41	11	0.9777	NA	10	54.3159	Viruses;Duplodnaviria;Heunggongvirae;Uroviricota;Caudoviricetes;;
k141_13165	22819	ITR	NA	33	11	0.9777	NA	3	27.0420	Viruses;Duplodnaviria;Heunggongvirae;Uroviricota;Caudoviricetes;;
k141_45191	11843	No terminal repeats	NA	20	11	0.9776	NA	1	25.0756	Viruses;Duplodnaviria;Heunggongvirae;Uroviricota;Caudoviricetes;;
k141_61757	5583	No terminal repeats	NA	12	11	0.9773	NA	0	7.7891	Viruses;Duplodnaviria;Heunggongvirae;Uroviricota;Caudoviricetes;;
k141_28048	2879	No terminal repeats	NA	8	11	0.9773	NA	0	7.6116	Viruses;Duplodnaviria;Heunggongvirae;Uroviricota;Caudoviricetes;;
k141_58690	1708	No terminal repeats	NA	5	11	0.9773	NA	1	6.8715	Viruses;Duplodnaviria;Heunggongvirae;Uroviricota;Caudoviricetes;;
k141_54007	3061	No terminal repeats	NA	6	11	0.9772	NA	5	10.1398	Viruses;Duplodnaviria;Heunggongvirae;Uroviricota;Caudoviricetes;;
k141_7282|provirus_33234_69049	35816	Provirus	33234-69049	43	11	0.9771	NA	9	57.1971	Viruses;Duplodnaviria;Heunggongvirae;Uroviricota;Caudoviricetes;;
k141_11652	9631	No terminal repeats	NA	20	11	0.9770	NA	3	21.7683	Viruses;Duplodnaviria;Heunggongvirae;Uroviricota;Caudoviricetes;;
k141_26357	139247	DTR	NA	221	11	0.9770	NA	14	215.7330	Viruses;Duplodnaviria;Heunggongvirae;Uroviricota;Caudoviricetes;;
k141_13605	2424	No terminal repeats	NA	3	11	0.9770	NA	2	4.7360	Viruses;Duplodnaviria;Heunggongvirae;Uroviricota;Caudoviricetes;;
k141_27611	58781	No terminal repeats	NA	85	11	0.9770	NA	10	76.4595	Viruses;Duplodnaviria;Heunggongvirae;Uroviricota;Caudoviricetes;;
k141_33511	3687	No terminal repeats	NA	9	11	0.9769	NA	0	11.3524	Viruses;Duplodnaviria;Heunggongvirae;Uroviricota;Caudoviricetes;;
k141_41286	2529	No terminal repeats	NA	5	11	0.9769	NA	1	6.8722	Viruses;Duplodnaviria;Heunggongvirae;Uroviricota;Caudoviricetes;;
k141_56810	7551	No terminal repeats	NA	18	11	0.9769	NA	1	12.6545	Viruses;Duplodnaviria;Heunggongvirae;Uroviricota;Caudoviricetes;;
k141_73441	8292	No terminal repeats	NA	16	11	0.9768	NA	1	14.5419	Viruses;Duplodnaviria;Heunggongvirae;Uroviricota;Caudoviricetes;;
k141_58051|provirus_26766_61075	34310	Provirus	26766-61075	51	11	0.9766	NA	10	43.5349	Viruses;Duplodnaviria;Heunggongvirae;Uroviricota;Caudoviricetes;;
k141_40988	2186	No terminal repeats	NA	6	11	0.9765	NA	1	6.8402	Viruses;Duplodnaviria;Heunggongvirae;Uroviricota;Caudoviricetes;;
k141_68985	14608	No terminal repeats	NA	19	11	0.9765	NA	6	20.1612	Viruses;Duplodnaviria;Heunggongvirae;Uroviricota;Caudoviricetes;;
k141_19560	2960	No terminal repeats	NA	5	11	0.9764	NA	3	8.3711	Viruses;Duplodnaviria;Heunggongvirae;Uroviricota;Caudoviricetes;;
k141_39216|provirus_59236_96171	36936	Provirus	59236-96171	60	11	0.9762	NA	11	68.4881	Viruses;Duplodnaviria;Heunggongvirae;Uroviricota;Caudoviricetes;;
k141_38687	7454	No terminal repeats	NA	11	11	0.9762	NA	2	9.4496	Viruses;Duplodnaviria;Heunggongvirae;Uroviricota;Caudoviricetes;;
k141_11342	4140	No terminal repeats	NA	7	11	0.9762	NA	3	11.4884	Viruses;Duplodnaviria;Heunggongvirae;Uroviricota;Caudoviricetes;;
k141_10172	25073	No terminal repeats	NA	42	11	0.9760	NA	10	37.7772	Viruses;Duplodnaviria;Heunggongvirae;Uroviricota;Caudoviricetes;;
k141_77905|provirus_85270_137650	52381	Provirus	85270-137650	63	11	0.9757	NA	9	72.3134	Viruses;Duplodnaviria;Heunggongvirae;Uroviricota;Caudoviricetes;;
k141_57306	3613	No terminal repeats	NA	8	11	0.9757	NA	1	6.4537	Viruses;Duplodnaviria;Heunggongvirae;Uroviricota;Caudoviricetes;;
k141_519|provirus_32890_74817	41928	Provirus	32890-74817	45	11	0.9756	NA	12	66.9202	Viruses;Duplodnaviria;Heunggongvirae;Uroviricota;Caudoviricetes;;
k141_9725	975	No terminal repeats	NA	3	11	0.9756	NA	1	3.2846	Viruses;Duplodnaviria;Heunggongvirae;Uroviricota;Caudoviricetes;;
k141_47681	62697	No terminal repeats	NA	94	11	0.9754	NA	16	91.1194	Viruses;Duplodnaviria;Heunggongvirae;Uroviricota;Caudoviricetes;;
k141_31723	18425	No terminal repeats	NA	28	11	0.9752	NA	1	12.2123	Viruses;Duplodnaviria;Heunggongvirae;Uroviricota;Caudoviricetes;;
k141_76702	2713	No terminal repeats	NA	5	11	0.9751	NA	2	5.6766	Viruses;Duplodnaviria;Heunggongvirae;Uroviricota;Caudoviricetes;;
k141_81340	28712	No terminal repeats	NA	40	11	0.9750	NA	9	46.1441	Viruses;Duplodnaviria;Heunggongvirae;Uroviricota;Caudoviricetes;;
k141_22345	72223	No terminal repeats	NA	97	11	0.9750	NA	11	108.3109	Viruses;Duplodnaviria;Heunggongvirae;Uroviricota;Caudoviricetes;;
k141_49093	3597	No terminal repeats	NA	8	11	0.9749	NA	0	9.4777	Viruses;Duplodnaviria;Heunggongvirae;Uroviricota;Caudoviricetes;;
k141_36664	1331	No terminal repeats	NA	3	11	0.9749	NA	1	4.4579	Viruses;Duplodnaviria;Heunggongvirae;Uroviricota;Caudoviricetes;;
k141_55965|provirus_6795_11638	4844	Provirus	6795-11638	10	11	0.9748	NA	0	7.2345	Viruses;Duplodnaviria;Heunggongvirae;Uroviricota;Caudoviricetes;;
k141_24338	2565	No terminal repeats	NA	4	11	0.9748	NA	0	6.0483	Viruses;Duplodnaviria;Heunggongvirae;Uroviricota;Caudoviricetes;;
k141_15711	4397	No terminal repeats	NA	9	11	0.9747	NA	0	5.3604	Viruses;Duplodnaviria;Heunggongvirae;Uroviricota;Caudoviricetes;;
k141_74967	9035	No terminal repeats	NA	10	11	0.9745	NA	2	12.3290	Viruses;Duplodnaviria;Heunggongvirae;Uroviricota;Caudoviricetes;;
k141_37807	2546	No terminal repeats	NA	6	11	0.9745	NA	4	7.5082	Viruses;Duplodnaviria;Heunggongvirae;Uroviricota;Caudoviricetes;;
k141_33705	5242	No terminal repeats	NA	8	11	0.9744	NA	0	5.9933	Viruses;Duplodnaviria;Heunggongvirae;Uroviricota;Caudoviricetes;;
k141_49665	68933	No terminal repeats	NA	103	11	0.9743	NA	19	82.2736	Viruses;Duplodnaviria;Heunggongvirae;Uroviricota;Caudoviricetes;;
k141_35618	2932	No terminal repeats	NA	8	11	0.9743	NA	0	4.3659	Viruses;Duplodnaviria;Heunggongvirae;Uroviricota;Caudoviricetes;;
k141_50353	2078	No terminal repeats	NA	3	11	0.9743	NA	2	4.9786	Viruses;Duplodnaviria;Heunggongvirae;Uroviricota;Caudoviricetes;;
k141_21231	2377	No terminal repeats	NA	7	11	0.9742	NA	4	10.1884	Viruses;Duplodnaviria;Heunggongvirae;Uroviricota;Caudoviricetes;;
k141_63715	875	No terminal repeats	NA	3	11	0.9740	NA	1	5.0953	Viruses;Duplodnaviria;Heunggongvirae;Uroviricota;Caudoviricetes;;
k141_59380	39096	No terminal repeats	NA	53	11	0.9739	NA	6	27.9734	Viruses;Duplodnaviria;Heunggongvirae;Uroviricota;Caudoviricetes;;
k141_2578	5237	No terminal repeats	NA	8	11	0.9737	NA	4	9.7703	Viruses;Duplodnaviria;Heunggongvirae;Uroviricota;Caudoviricetes;;
k141_64412	4621	No terminal repeats	NA	4	11	0.9734	NA	3	4.4100	Viruses;Duplodnaviria;Heunggongvirae;Uroviricota;Caudoviricetes;;
k141_30866	2503	No terminal repeats	NA	10	11	0.9734	NA	0	10.3097	Viruses;Duplodnaviria;Heunggongvirae;Uroviricota;Caudoviricetes;;
k141_55145	2670	No terminal repeats	NA	6	11	0.9732	NA	0	6.6869	Viruses;Duplodnaviria;Heunggongvirae;Uroviricota;Caudoviricetes;;
k141_38974	2156	No terminal repeats	NA	6	11	0.9729	NA	1	6.1395	Viruses;Duplodnaviria;Heunggongvirae;Uroviricota;Caudoviricetes;;
k141_73443	7424	No terminal repeats	NA	17	11	0.9728	NA	3	9.0846	Viruses;Duplodnaviria;Heunggongvirae;Uroviricota;Caudoviricetes;;
k141_12831	3588	No terminal repeats	NA	7	11	0.9725	NA	3	9.9104	Viruses;Duplodnaviria;Heunggongvirae;Uroviricota;Caudoviricetes;;
k141_53663	1799	No terminal repeats	NA	4	11	0.9724	NA	3	4.7187	Viruses;Duplodnaviria;Heunggongvirae;Uroviricota;Caudoviricetes;;
k141_3725	9088	No terminal repeats	NA	16	11	0.9723	NA	0	9.1456	Viruses;Duplodnaviria;Heunggongvirae;Uroviricota;Caudoviricetes;;
k141_59509|provirus_37903_47384	9482	Provirus	37903-47384	10	11	0.9723	NA	2	9.1230	Viruses;Duplodnaviria;Heunggongvirae;Uroviricota;Caudoviricetes;;
k141_44822|provirus_37276_47242	9967	Provirus	37276-47242	10	11	0.9721	NA	2	14.9468	Viruses;Duplodnaviria;Heunggongvirae;Uroviricota;Caudoviricetes;;
k141_19017	3784	No terminal repeats	NA	4	11	0.9719	NA	0	4.4158	Viruses;Duplodnaviria;Heunggongvirae;Uroviricota;Caudoviricetes;;
k141_18711	4786	No terminal repeats	NA	7	11	0.9719	NA	1	4.2669	Viruses;Duplodnaviria;Heunggongvirae;Uroviricota;Caudoviricetes;;
k141_46346|provirus_154_5034	4881	Provirus	154-5034	7	11	0.9718	NA	1	8.3859	Viruses;Duplodnaviria;Heunggongvirae;Uroviricota;Caudoviricetes;;
k141_29938	2165	No terminal repeats	NA	2	11	0.9717	NA	1	3.0180	Viruses;Duplodnaviria;Heunggongvirae;Uroviricota;Caudoviricetes;;
k141_21562	3333	No terminal repeats	NA	4	11	0.9717	NA	2	5.7130	Viruses;Duplodnaviria;Heunggongvirae;Uroviricota;Caudoviricetes;;
k141_11421|provirus_11076_22153	11078	Provirus	11076-22153	19	11	0.9716	NA	2	12.6125	Viruses;Duplodnaviria;Heunggongvirae;Uroviricota;Caudoviricetes;;
k141_28066	9301	No terminal repeats	NA	9	11	0.9715	NA	0	5.7809	Viruses;Duplodnaviria;Heunggongvirae;Uroviricota;Caudoviricetes;;
k141_15135	1206	No terminal repeats	NA	3	11	0.9713	NA	1	4.7397	Viruses;Duplodnaviria;Heunggongvirae;Uroviricota;Caudoviricetes;;
k141_15175	1708	No terminal repeats	NA	3	11	0.9713	NA	1	3.4366	Viruses;Duplodnaviria;Heunggongvirae;Uroviricota;Caudoviricetes;;
k141_48807	8887	No terminal repeats	NA	11	11	0.9711	NA	0	13.2046	Viruses;Duplodnaviria;Heunggongvirae;Uroviricota;Caudoviricetes;;
k141_54239	2976	No terminal repeats	NA	7	11	0.9710	NA	3	8.9051	Viruses;Duplodnaviria;Heunggongvirae;Uroviricota;Caudoviricetes;;
k141_44453	9351	No terminal repeats	NA	8	11	0.9710	NA	2	8.2591	Viruses;Duplodnaviria;Heunggongvirae;Uroviricota;Caudoviricetes;;
k141_31109	3099	No terminal repeats	NA	6	11	0.9709	NA	2	5.1521	Viruses;Duplodnaviria;Heunggongvirae;Uroviricota;Caudoviricetes;;
k141_18715	2097	No terminal repeats	NA	2	11	0.9709	NA	2	2.4887	Viruses;Duplodnaviria;Heunggongvirae;Uroviricota;Caudoviricetes;;
k141_7185	723	No terminal repeats	NA	2	11	0.9707	NA	1	3.3041	Viruses;Duplodnaviria;Heunggongvirae;Uroviricota;Caudoviricetes;;
k141_28034	2900	No terminal repeats	NA	7	11	0.9706	NA	0	5.8933	Viruses;Duplodnaviria;Heunggongvirae;Uroviricota;Caudoviricetes;;
k141_9641	15070	No terminal repeats	NA	29	11	0.9705	NA	0	17.5610	Viruses;Duplodnaviria;Heunggongvirae;Uroviricota;Caudoviricetes;;
k141_77096	20578	No terminal repeats	NA	29	11	0.9702	NA	14	33.6143	Viruses;Duplodnaviria;Heunggongvirae;Uroviricota;Caudoviricetes;;
k141_4644	4517	No terminal repeats	NA	4	11	0.9702	NA	1	3.4366	Viruses;Duplodnaviria;Heunggongvirae;Uroviricota;Caudoviricetes;;
k141_54158	5355	No terminal repeats	NA	12	11	0.9702	NA	0	5.3061	Viruses;Duplodnaviria;Heunggongvirae;Uroviricota;Caudoviricetes;;
k141_82235	2473	No terminal repeats	NA	3	11	0.9702	NA	1	5.1307	Viruses;Duplodnaviria;Heunggongvirae;Uroviricota;Caudoviricetes;;
k141_66584	2551	No terminal repeats	NA	6	11	0.9700	NA	0	6.5039	Viruses;Duplodnaviria;Heunggongvirae;Uroviricota;Caudoviricetes;;
k141_68933|provirus_1_59042	59042	Provirus	1-59042	78	11	0.9699	NA	11	63.9433	Viruses;Duplodnaviria;Heunggongvirae;Uroviricota;Caudoviricetes;;
k141_55219	17743	No terminal repeats	NA	22	11	0.9697	NA	2	21.8978	Viruses;Duplodnaviria;Heunggongvirae;Uroviricota;Caudoviricetes;;
k141_455	5386	No terminal repeats	NA	7	11	0.9696	NA	1	6.6613	Viruses;Duplodnaviria;Heunggongvirae;Uroviricota;Caudoviricetes;;
k141_2104	453	No terminal repeats	NA	1	11	0.9695	NA	1	1.7183	Viruses;Duplodnaviria;Heunggongvirae;Uroviricota;Caudoviricetes;;
k141_17562	5366	No terminal repeats	NA	4	11	0.9693	NA	0	3.4366	Viruses;Duplodnaviria;Heunggongvirae;Uroviricota;Caudoviricetes;;
k141_43951	2389	No terminal repeats	NA	3	11	0.9692	NA	2	3.4366	Viruses;Duplodnaviria;Heunggongvirae;Uroviricota;Caudoviricetes;;
k141_79517	3371	No terminal repeats	NA	1	11	0.9692	NA	0	1.7183	Viruses;Duplodnaviria;Heunggongvirae;Uroviricota;Caudoviricetes;;
k141_32234	18845	No terminal repeats	NA	23	11	0.9691	NA	1	9.2953	Viruses;Duplodnaviria;Heunggongvirae;Uroviricota;Caudoviricetes;;
k141_75220	9694	No terminal repeats	NA	15	11	0.9688	NA	2	12.3870	Viruses;Duplodnaviria;Heunggongvirae;Uroviricota;Caudoviricetes;;
k141_40418	1497	No terminal repeats	NA	4	11	0.9688	NA	1	6.6109	Viruses;Duplodnaviria;Heunggongvirae;Uroviricota;Caudoviricetes;;
k141_80014	2113	No terminal repeats	NA	4	11	0.9688	NA	1	6.7964	Viruses;Duplodnaviria;Heunggongvirae;Uroviricota;Caudoviricetes;;
k141_27882	1409	No terminal repeats	NA	4	11	0.9687	NA	2	5.1548	Viruses;Duplodnaviria;Heunggongvirae;Uroviricota;Caudoviricetes;;
k141_46466	2796	No terminal repeats	NA	5	11	0.9686	NA	2	4.8795	Viruses;Duplodnaviria;Heunggongvirae;Uroviricota;Caudoviricetes;;
k141_75033	798	No terminal repeats	NA	3	11	0.9686	NA	1	2.9771	Viruses;Duplodnaviria;Heunggongvirae;Uroviricota;Caudoviricetes;;
k141_59309	2269	No terminal repeats	NA	2	11	0.9684	NA	1	2.9465	Viruses;Duplodnaviria;Heunggongvirae;Uroviricota;Caudoviricetes;;
k141_59573	39397	No terminal repeats	NA	64	11	0.9684	NA	1	73.5873	Viruses;Duplodnaviria;Heunggongvirae;Uroviricota;Caudoviricetes;;
k141_7242	3194	No terminal repeats	NA	5	11	0.9684	NA	1	6.0578	Viruses;Duplodnaviria;Heunggongvirae;Uroviricota;Caudoviricetes;;
k141_7403|provirus_50531_101659	51129	Provirus	50531-101659	55	11	0.9683	NA	14	54.5767	Viruses;Duplodnaviria;Heunggongvirae;Uroviricota;Caudoviricetes;;
k141_51096	4921	No terminal repeats	NA	7	11	0.9682	NA	2	2.5606	Viruses;Duplodnaviria;Heunggongvirae;Uroviricota;Caudoviricetes;;
k141_25827	4101	No terminal repeats	NA	3	11	0.9682	NA	3	4.4028	Viruses;Duplodnaviria;Heunggongvirae;Uroviricota;Caudoviricetes;;
k141_13815	3220	No terminal repeats	NA	5	11	0.9681	NA	1	3.8517	Viruses;Duplodnaviria;Heunggongvirae;Uroviricota;Caudoviricetes;;
k141_23711	17239	No terminal repeats	NA	20	11	0.9680	NA	2	21.7395	Viruses;Duplodnaviria;Heunggongvirae;Uroviricota;Caudoviricetes;;
k141_1412	1212	No terminal repeats	NA	2	11	0.9680	NA	1	3.4366	Viruses;Duplodnaviria;Heunggongvirae;Uroviricota;Caudoviricetes;;
k141_8997	1237	No terminal repeats	NA	1	11	0.9679	NA	1	1.7183	Viruses;Duplodnaviria;Heunggongvirae;Uroviricota;Caudoviricetes;;
k141_11345	1838	No terminal repeats	NA	2	11	0.9679	NA	1	3.1149	Viruses;Duplodnaviria;Heunggongvirae;Uroviricota;Caudoviricetes;;
k141_82176	9658	No terminal repeats	NA	20	11	0.9678	NA	1	5.4162	Viruses;Duplodnaviria;Heunggongvirae;Uroviricota;Caudoviricetes;;
k141_9608|provirus_35114_39259	4146	Provirus	35114-39259	10	11	0.9677	NA	0	8.5914	Unclassified
k141_22920	1539	No terminal repeats	NA	3	11	0.9677	NA	2	4.2317	Viruses;Duplodnaviria;Heunggongvirae;Uroviricota;Caudoviricetes;;
k141_27325	7319	No terminal repeats	NA	15	11	0.9677	NA	1	7.0297	Viruses;Duplodnaviria;Heunggongvirae;Uroviricota;Caudoviricetes;;
k141_52391	4339	No terminal repeats	NA	6	11	0.9676	NA	1	8.2874	Viruses;Duplodnaviria;Heunggongvirae;Uroviricota;Caudoviricetes;;
k141_19473	653	No terminal repeats	NA	1	11	0.9676	NA	1	1.7183	Viruses;Duplodnaviria;Heunggongvirae;Uroviricota;Caudoviricetes;;
k141_12607	471	No terminal repeats	NA	1	11	0.9673	NA	1	1.5427	Viruses;Monodnaviria;Sangervirae;Phixviricota;Malgrandaviricetes;Petitvirales;Microviridae
k141_8620|provirus_2_5788	5787	Provirus	2-5788	12	11	0.9673	NA	0	9.1747	Viruses;Duplodnaviria;Heunggongvirae;Uroviricota;Caudoviricetes;;
k141_29019	1527	No terminal repeats	NA	2	11	0.9673	NA	2	2.9844	Viruses;Duplodnaviria;Heunggongvirae;Uroviricota;Caudoviricetes;;
k141_30860	6459	No terminal repeats	NA	9	11	0.9672	NA	1	10.3378	Viruses;Duplodnaviria;Heunggongvirae;Uroviricota;Caudoviricetes;;
k141_71549	2528	No terminal repeats	NA	5	11	0.9668	NA	0	6.6849	Viruses;Duplodnaviria;Heunggongvirae;Uroviricota;Caudoviricetes;;
k141_65261	3288	No terminal repeats	NA	5	11	0.9668	NA	3	4.1929	Viruses;Duplodnaviria;Heunggongvirae;Uroviricota;Caudoviricetes;;
k141_71500	1730	No terminal repeats	NA	2	11	0.9661	NA	1	3.0174	Viruses;Duplodnaviria;Heunggongvirae;Uroviricota;Caudoviricetes;;
k141_37682	967	No terminal repeats	NA	2	11	0.9660	NA	1	3.1088	Viruses;Duplodnaviria;Heunggongvirae;Uroviricota;Caudoviricetes;;
k141_39166	1916	No terminal repeats	NA	7	11	0.9659	NA	1	9.4110	Viruses;Duplodnaviria;Heunggongvirae;Uroviricota;Caudoviricetes;;
k141_36167	2628	No terminal repeats	NA	6	11	0.9659	NA	0	6.6393	Viruses;Duplodnaviria;Heunggongvirae;Uroviricota;Caudoviricetes;;
k141_69995	7377	No terminal repeats	NA	17	11	0.9658	NA	1	7.2547	Viruses;Duplodnaviria;Heunggongvirae;Uroviricota;Caudoviricetes;;
k141_63194	37716	No terminal repeats	NA	25	11	0.9658	NA	3	32.8715	Viruses;Duplodnaviria;Heunggongvirae;Uroviricota;Caudoviricetes;;
k141_60119	4118	No terminal repeats	NA	5	11	0.9657	NA	2	6.0237	Viruses;Duplodnaviria;Heunggongvirae;Uroviricota;Caudoviricetes;;
k141_2206	7721	No terminal repeats	NA	11	11	0.9657	NA	0	6.5877	Viruses;Duplodnaviria;Heunggongvirae;Uroviricota;Caudoviricetes;;
k141_28047	40921	No terminal repeats	NA	59	11	0.9657	NA	8	38.7790	Viruses;Duplodnaviria;Heunggongvirae;Uroviricota;Caudoviricetes;;
k141_81958	1718	No terminal repeats	NA	3	11	0.9656	NA	2	5.1548	Viruses;Duplodnaviria;Heunggongvirae;Uroviricota;Caudoviricetes;;
k141_38297	2606	No terminal repeats	NA	3	11	0.9654	NA	2	4.6537	Viruses;Duplodnaviria;Heunggongvirae;Uroviricota;Caudoviricetes;;
k141_45069	6564	No terminal repeats	NA	10	11	0.9647	NA	0	10.5495	Viruses;Duplodnaviria;Heunggongvirae;Uroviricota;Caudoviricetes;;
k141_36441	2941	No terminal repeats	NA	4	11	0.9646	NA	2	4.6478	Viruses;Duplodnaviria;Heunggongvirae;Uroviricota;Caudoviricetes;;
k141_33933	32420	No terminal repeats	NA	39	11	0.9644	NA	11	50.4789	Viruses;Duplodnaviria;Heunggongvirae;Uroviricota;Caudoviricetes;;
k141_27344	2811	No terminal repeats	NA	4	11	0.9644	NA	2	5.5831	Viruses;Duplodnaviria;Heunggongvirae;Uroviricota;Caudoviricetes;;
k141_36758	6418	No terminal repeats	NA	9	11	0.9643	NA	0	8.1496	Viruses;Duplodnaviria;Heunggongvirae;Uroviricota;Caudoviricetes;;
k141_2926	7035	No terminal repeats	NA	8	11	0.9643	NA	0	5.9181	Viruses;Duplodnaviria;Heunggongvirae;Uroviricota;Caudoviricetes;;
k141_81821	26489	No terminal repeats	NA	26	11	0.9643	NA	0	29.2625	Viruses;Duplodnaviria;Heunggongvirae;Uroviricota;Caudoviricetes;;
k141_26872	1576	No terminal repeats	NA	3	11	0.9643	NA	1	4.1053	Viruses;Duplodnaviria;Heunggongvirae;Uroviricota;Caudoviricetes;;
k141_49238	890	No terminal repeats	NA	3	11	0.9643	NA	1	4.8875	Viruses;Duplodnaviria;Heunggongvirae;Uroviricota;Caudoviricetes;;
k141_57671	932	No terminal repeats	NA	2	11	0.9639	NA	2	3.2536	Viruses;Duplodnaviria;Heunggongvirae;Uroviricota;Caudoviricetes;;
k141_24352	922	No terminal repeats	NA	2	11	0.9639	NA	1	2.8815	Viruses;Duplodnaviria;Heunggongvirae;Uroviricota;Caudoviricetes;;
k141_69039	318	No terminal repeats	NA	1	11	0.9638	NA	1	1.5240	Viruses;Duplodnaviria;Heunggongvirae;Uroviricota;Caudoviricetes;;
k141_35993	2847	No terminal repeats	NA	3	11	0.9636	NA	0	3.0002	Viruses;Duplodnaviria;Heunggongvirae;Uroviricota;Caudoviricetes;;
k141_9937	870	No terminal repeats	NA	2	11	0.9635	NA	1	2.8807	Viruses;Duplodnaviria;Heunggongvirae;Uroviricota;Caudoviricetes;;
k141_69377	1299	No terminal repeats	NA	4	11	0.9631	NA	3	4.9193	Viruses;Duplodnaviria;Heunggongvirae;Uroviricota;Caudoviricetes;;
k141_14483	355	No terminal repeats	NA	1	11	0.9628	NA	1	1.7183	Viruses;Duplodnaviria;Heunggongvirae;Uroviricota;Caudoviricetes;;
k141_80744	11851	No terminal repeats	NA	20	11	0.9628	NA	0	6.7533	Viruses;Duplodnaviria;Heunggongvirae;Uroviricota;Caudoviricetes;;
k141_56226	3192	No terminal repeats	NA	5	11	0.9627	NA	1	6.5010	Viruses;Duplodnaviria;Heunggongvirae;Uroviricota;Caudoviricetes;;
k141_32502	554	No terminal repeats	NA	1	11	0.9625	NA	1	1.7183	Viruses;Duplodnaviria;Heunggongvirae;Uroviricota;Caudoviricetes;;
k141_56614	2227	No terminal repeats	NA	2	11	0.9625	NA	1	2.3741	Viruses;Duplodnaviria;Heunggongvirae;Uroviricota;Caudoviricetes;;
k141_31440	1650	No terminal repeats	NA	3	11	0.9620	NA	2	4.9483	Viruses;Duplodnaviria;Heunggongvirae;Uroviricota;Caudoviricetes;;
k141_57213	9941	No terminal repeats	NA	12	11	0.9619	NA	1	10.3097	Viruses;Duplodnaviria;Heunggongvirae;Uroviricota;Caudoviricetes;;
k141_65446	354	No terminal repeats	NA	2	11	0.9618	NA	1	3.3770	Viruses;Duplodnaviria;Heunggongvirae;Uroviricota;Caudoviricetes;;
k141_44214	2189	No terminal repeats	NA	2	11	0.9618	NA	2	3.2346	Viruses;Duplodnaviria;Heunggongvirae;Uroviricota;Caudoviricetes;;
k141_33818	1605	No terminal repeats	NA	2	11	0.9616	NA	1	3.4366	Viruses;Duplodnaviria;Heunggongvirae;Uroviricota;Caudoviricetes;;
k141_19566	2442	No terminal repeats	NA	2	11	0.9613	NA	1	2.1982	Viruses;Duplodnaviria;Heunggongvirae;Uroviricota;Caudoviricetes;;
k141_55439	607	No terminal repeats	NA	1	11	0.9612	NA	1	1.7183	Viruses;Duplodnaviria;Heunggongvirae;Uroviricota;Caudoviricetes;;
k141_46842	6634	No terminal repeats	NA	8	11	0.9611	NA	1	10.6398	Viruses;Duplodnaviria;Heunggongvirae;Uroviricota;Caudoviricetes;;
k141_19214	1958	No terminal repeats	NA	3	11	0.9611	NA	1	3.4065	Viruses;Duplodnaviria;Heunggongvirae;Uroviricota;Caudoviricetes;;
k141_64695	10531	No terminal repeats	NA	14	11	0.9609	NA	2	5.0288	Viruses;Duplodnaviria;Heunggongvirae;Uroviricota;Caudoviricetes;;
k141_8566	2101	No terminal repeats	NA	4	11	0.9606	NA	1	4.2282	Viruses;Duplodnaviria;Heunggongvirae;Uroviricota;Caudoviricetes;;
k141_72947	2165	No terminal repeats	NA	2	11	0.9605	NA	2	3.2545	Viruses;Duplodnaviria;Heunggongvirae;Uroviricota;Caudoviricetes;;
k141_21202	1403	No terminal repeats	NA	1	11	0.9604	NA	1	1.7183	Viruses;Duplodnaviria;Heunggongvirae;Uroviricota;Caudoviricetes;;
k141_61227	13853	No terminal repeats	NA	20	11	0.9601	NA	5	21.4668	Viruses;Duplodnaviria;Heunggongvirae;Uroviricota;Caudoviricetes;;
k141_65480	1221	No terminal repeats	NA	2	11	0.9601	NA	1	3.2077	Viruses;Duplodnaviria;Heunggongvirae;Uroviricota;Caudoviricetes;;
k141_47372	6595	No terminal repeats	NA	15	11	0.9595	NA	1	14.4342	Viruses;Duplodnaviria;Heunggongvirae;Uroviricota;Caudoviricetes;;
k141_58975	466	No terminal repeats	NA	1	11	0.9593	NA	1	1.7183	Viruses;Duplodnaviria;Heunggongvirae;Uroviricota;Caudoviricetes;;
k141_15778	3374	No terminal repeats	NA	7	11	0.9593	NA	3	10.9950	Viruses;Duplodnaviria;Heunggongvirae;Uroviricota;Caudoviricetes;;
k141_13923	303	No terminal repeats	NA	2	11	0.9592	NA	1	3.4366	Viruses;Duplodnaviria;Heunggongvirae;Uroviricota;Caudoviricetes;;
k141_37156	7104	No terminal repeats	NA	7	11	0.9591	NA	0	5.1196	Viruses;Duplodnaviria;Heunggongvirae;Uroviricota;Caudoviricetes;;
k141_66589	2970	No terminal repeats	NA	3	11	0.9589	NA	0	2.5435	Viruses;Duplodnaviria;Heunggongvirae;Uroviricota;Caudoviricetes;;
k141_23813	691	No terminal repeats	NA	2	11	0.9588	NA	2	2.7574	Viruses;Duplodnaviria;Heunggongvirae;Uroviricota;Caudoviricetes;;
k141_29024	15750	No terminal repeats	NA	18	11	0.9588	NA	0	8.7456	Viruses;Duplodnaviria;Heunggongvirae;Uroviricota;Caudoviricetes;;
k141_62410|provirus_175_12164	11990	Provirus	175-12164	13	11	0.9586	NA	2	7.7316	Viruses;Duplodnaviria;Heunggongvirae;Uroviricota;Caudoviricetes;;
k141_78315	1902	No terminal repeats	NA	3	11	0.9585	NA	1	3.3914	Viruses;Duplodnaviria;Heunggongvirae;Uroviricota;Caudoviricetes;;
k141_58938	1298	No terminal repeats	NA	3	11	0.9585	NA	1	3.4366	Viruses;Duplodnaviria;Heunggongvirae;Uroviricota;Caudoviricetes;;
k141_13003	1595	No terminal repeats	NA	3	11	0.9579	NA	1	4.1768	Viruses;Duplodnaviria;Heunggongvirae;Uroviricota;Caudoviricetes;;
k141_2250	1704	No terminal repeats	NA	4	11	0.9579	NA	4	5.8549	Viruses;Duplodnaviria;Heunggongvirae;Uroviricota;Caudoviricetes;;
k141_77230	2255	No terminal repeats	NA	3	11	0.9576	NA	2	5.1406	Viruses;Duplodnaviria;Heunggongvirae;Uroviricota;Caudoviricetes;;
k141_9923	439	No terminal repeats	NA	2	11	0.9576	NA	1	3.4366	Viruses;Duplodnaviria;Heunggongvirae;Uroviricota;Caudoviricetes;;
k141_72523	10620	No terminal repeats	NA	8	11	0.9575	NA	3	7.4310	Viruses;Duplodnaviria;Heunggongvirae;Uroviricota;Caudoviricetes;;
k141_50007	1454	No terminal repeats	NA	1	11	0.9575	NA	1	1.7183	Viruses;Duplodnaviria;Heunggongvirae;Uroviricota;Caudoviricetes;;
k141_814	3770	No terminal repeats	NA	6	11	0.9573	NA	0	4.7470	Viruses;Duplodnaviria;Heunggongvirae;Uroviricota;Caudoviricetes;;
k141_11481	1532	No terminal repeats	NA	2	11	0.9569	NA	1	2.9859	Viruses;Duplodnaviria;Heunggongvirae;Uroviricota;Caudoviricetes;;
k141_15552	811	No terminal repeats	NA	2	11	0.9568	NA	1	3.4366	Viruses;Duplodnaviria;Heunggongvirae;Uroviricota;Caudoviricetes;;
k141_36448	328	No terminal repeats	NA	1	11	0.9562	NA	1	1.7183	Viruses;Duplodnaviria;Heunggongvirae;Uroviricota;Caudoviricetes;;
k141_39737	1923	No terminal repeats	NA	3	11	0.9562	NA	1	4.0828	Viruses;Duplodnaviria;Heunggongvirae;Uroviricota;Caudoviricetes;;
k141_61727	1804	No terminal repeats	NA	5	11	0.9561	NA	1	6.4731	Viruses;Duplodnaviria;Heunggongvirae;Uroviricota;Caudoviricetes;;
k141_52290	12186	No terminal repeats	NA	12	11	0.9560	NA	2	8.7107	Viruses;Duplodnaviria;Heunggongvirae;Uroviricota;Caudoviricetes;;
k141_10248	2118	No terminal repeats	NA	4	11	0.9558	NA	2	4.6461	Viruses;Duplodnaviria;Heunggongvirae;Uroviricota;Caudoviricetes;;
k141_80939	1411	No terminal repeats	NA	4	11	0.9553	NA	1	4.2296	Viruses;Duplodnaviria;Heunggongvirae;Uroviricota;Caudoviricetes;;
k141_10306	386	No terminal repeats	NA	1	11	0.9548	NA	1	1.7183	Viruses;Duplodnaviria;Heunggongvirae;Uroviricota;Caudoviricetes;;
k141_71757	621	No terminal repeats	NA	2	11	0.9548	NA	1	3.1840	Viruses;Duplodnaviria;Heunggongvirae;Uroviricota;Caudoviricetes;;
k141_66618	2974	No terminal repeats	NA	5	11	0.9546	NA	0	2.7528	Viruses;Duplodnaviria;Heunggongvirae;Uroviricota;Caudoviricetes;;
k141_3605	3214	No terminal repeats	NA	3	11	0.9546	NA	1	3.0126	Viruses;Duplodnaviria;Heunggongvirae;Uroviricota;Caudoviricetes;;
k141_39641	856	No terminal repeats	NA	2	11	0.9545	NA	1	3.4366	Viruses;Duplodnaviria;Heunggongvirae;Uroviricota;Caudoviricetes;;
k141_14077	3026	No terminal repeats	NA	4	11	0.9543	NA	0	4.8535	Viruses;Duplodnaviria;Heunggongvirae;Uroviricota;Caudoviricetes;;
k141_60915	977	No terminal repeats	NA	3	11	0.9541	NA	1	3.2496	Viruses;Duplodnaviria;Heunggongvirae;Uroviricota;Caudoviricetes;;
k141_45467	2053	No terminal repeats	NA	3	11	0.9539	NA	1	5.1307	Viruses;Duplodnaviria;Heunggongvirae;Uroviricota;Caudoviricetes;;
k141_37353	23468	No terminal repeats	NA	35	11	0.9531	NA	4	29.7866	Viruses;Duplodnaviria;Heunggongvirae;Uroviricota;Caudoviricetes;;
k141_71890	1224	No terminal repeats	NA	2	11	0.9530	NA	2	2.6393	Viruses;Duplodnaviria;Heunggongvirae;Uroviricota;Caudoviricetes;;
k141_32609	2299	No terminal repeats	NA	3	11	0.9527	NA	1	3.1165	Viruses;Duplodnaviria;Heunggongvirae;Uroviricota;Caudoviricetes;;
k141_50551	6580	No terminal repeats	NA	9	11	0.9526	NA	1	8.3848	Viruses;Duplodnaviria;Heunggongvirae;Uroviricota;Caudoviricetes;;
k141_56862	3622	No terminal repeats	NA	8	11	0.9524	NA	0	1.2960	Viruses;Duplodnaviria;Heunggongvirae;Uroviricota;Caudoviricetes;;
k141_39240	3993	No terminal repeats	NA	1	11	0.9521	NA	0	1.2308	Viruses;Duplodnaviria;Heunggongvirae;Uroviricota;Caudoviricetes;;
k141_77512	1327	No terminal repeats	NA	1	11	0.9521	NA	1	1.7183	Viruses;Duplodnaviria;Heunggongvirae;Uroviricota;Caudoviricetes;;
k141_60165	4231	No terminal repeats	NA	5	11	0.9520	NA	2	5.1526	Viruses;Duplodnaviria;Heunggongvirae;Uroviricota;Caudoviricetes;;
k141_68897	4214	No terminal repeats	NA	1	11	0.9519	NA	0	1.3665	Viruses;Duplodnaviria;Heunggongvirae;Uroviricota;Caudoviricetes;;
k141_62129	578	No terminal repeats	NA	1	11	0.9518	NA	1	1.7183	Viruses;Duplodnaviria;Heunggongvirae;Uroviricota;Caudoviricetes;;
k141_67663	2825	No terminal repeats	NA	4	11	0.9517	NA	0	2.7769	Viruses;Duplodnaviria;Heunggongvirae;Uroviricota;Caudoviricetes;;
k141_9211	1475	No terminal repeats	NA	1	11	0.9516	NA	1	1.7183	Viruses;Duplodnaviria;Heunggongvirae;Uroviricota;Caudoviricetes;;
k141_53825	965	No terminal repeats	NA	2	11	0.9512	NA	2	2.9752	Viruses;Duplodnaviria;Heunggongvirae;Uroviricota;Caudoviricetes;;
k141_25544	2813	No terminal repeats	NA	5	11	0.9512	NA	1	6.4481	Viruses;Duplodnaviria;Heunggongvirae;Uroviricota;Caudoviricetes;;
k141_81364	4888	No terminal repeats	NA	9	11	0.9511	NA	0	2.5745	Viruses;Duplodnaviria;Heunggongvirae;Uroviricota;Caudoviricetes;;
k141_5373	661	No terminal repeats	NA	2	11	0.9509	NA	1	1.7183	Viruses;Duplodnaviria;Heunggongvirae;Uroviricota;Caudoviricetes;;
k141_71153	2590	No terminal repeats	NA	6	11	0.9509	NA	2	5.5831	Viruses;Duplodnaviria;Heunggongvirae;Uroviricota;Caudoviricetes;;
k141_70708	15796	No terminal repeats	NA	14	11	0.9506	NA	0	1.7183	Viruses;Duplodnaviria;Heunggongvirae;Uroviricota;Caudoviricetes;;
k141_1434	738	No terminal repeats	NA	3	11	0.9506	NA	1	3.0886	Viruses;Duplodnaviria;Heunggongvirae;Uroviricota;Caudoviricetes;;
k141_22029	7988	No terminal repeats	NA	7	11	0.9502	NA	0	6.8431	Viruses;Duplodnaviria;Heunggongvirae;Uroviricota;Caudoviricetes;;
k141_24318	372	No terminal repeats	NA	2	11	0.9500	NA	1	3.4366	Viruses;Duplodnaviria;Heunggongvirae;Uroviricota;Caudoviricetes;;
k141_8715|provirus_1_17799	17799	Provirus	1-17799	25	11	0.9497	NA	6	21.9819	Viruses;Duplodnaviria;Heunggongvirae;Uroviricota;Caudoviricetes;;
k141_61187	2876	No terminal repeats	NA	4	11	0.9496	NA	1	1.2533	Viruses;Duplodnaviria;Heunggongvirae;Uroviricota;Caudoviricetes;;
k141_41776	1702	No terminal repeats	NA	3	11	0.9493	NA	1	5.1548	Viruses;Duplodnaviria;Heunggongvirae;Uroviricota;Caudoviricetes;;
k141_14332	1942	No terminal repeats	NA	2	11	0.9492	NA	1	3.4324	Viruses;Duplodnaviria;Heunggongvirae;Uroviricota;Caudoviricetes;;
k141_22137	1338	No terminal repeats	NA	2	11	0.9491	NA	1	2.8281	Viruses;Duplodnaviria;Heunggongvirae;Uroviricota;Caudoviricetes;;
k141_67714	3671	No terminal repeats	NA	5	11	0.9490	NA	0	3.8343	Viruses;Duplodnaviria;Heunggongvirae;Uroviricota;Caudoviricetes;;
k141_8515|provirus_172015_186866	14852	Provirus	172015-186866	20	11	0.9486	NA	1	17.3937	Viruses;Duplodnaviria;Heunggongvirae;Uroviricota;Caudoviricetes;;
k141_45185	1231	No terminal repeats	NA	1	11	0.9486	NA	1	1.7183	Viruses;Duplodnaviria;Heunggongvirae;Uroviricota;Caudoviricetes;;
k141_68881	17779	No terminal repeats	NA	33	11	0.9485	NA	0	19.3713	Viruses;Duplodnaviria;Heunggongvirae;Uroviricota;Caudoviricetes;;
k141_39195	4368	No terminal repeats	NA	11	11	0.9484	NA	0	9.8356	Viruses;Duplodnaviria;Heunggongvirae;Uroviricota;Caudoviricetes;;
k141_56822	522	No terminal repeats	NA	1	11	0.9482	NA	1	1.7183	Viruses;Duplodnaviria;Heunggongvirae;Uroviricota;Caudoviricetes;;
k141_3073	2302	No terminal repeats	NA	2	11	0.9482	NA	2	2.8716	Viruses;Duplodnaviria;Heunggongvirae;Uroviricota;Caudoviricetes;;
k141_34377	1884	No terminal repeats	NA	4	11	0.9482	NA	1	4.9909	Viruses;Duplodnaviria;Heunggongvirae;Uroviricota;Caudoviricetes;;
k141_63640	337	No terminal repeats	NA	2	11	0.9481	NA	1	1.7183	Viruses;Duplodnaviria;Heunggongvirae;Uroviricota;Caudoviricetes;;
k141_53810	674	No terminal repeats	NA	1	11	0.9477	NA	1	1.7183	Viruses;Duplodnaviria;Heunggongvirae;Uroviricota;Caudoviricetes;;
k141_50207	340	No terminal repeats	NA	2	11	0.9474	NA	2	2.9558	Viruses;Duplodnaviria;Heunggongvirae;Uroviricota;Caudoviricetes;;
k141_42385	3395	No terminal repeats	NA	6	11	0.9474	NA	1	4.5596	Viruses;Duplodnaviria;Heunggongvirae;Uroviricota;Caudoviricetes;;
k141_32219	6045	No terminal repeats	NA	13	11	0.9473	NA	0	4.3977	Viruses;Duplodnaviria;Heunggongvirae;Uroviricota;Caudoviricetes;;
k141_62822	2709	No terminal repeats	NA	4	11	0.9470	NA	2	4.2911	Viruses;Duplodnaviria;Heunggongvirae;Uroviricota;Caudoviricetes;;
k141_59728	5039	No terminal repeats	NA	3	11	0.9468	NA	0	2.2615	Viruses;Duplodnaviria;Heunggongvirae;Uroviricota;Caudoviricetes;;
k141_63813	1764	No terminal repeats	NA	1	11	0.9467	NA	1	1.2105	Viruses;Duplodnaviria;Heunggongvirae;Uroviricota;Caudoviricetes;;
k141_41416	821	No terminal repeats	NA	2	11	0.9467	NA	1	3.4366	Viruses;Duplodnaviria;Heunggongvirae;Uroviricota;Caudoviricetes;;
k141_62126	3175	No terminal repeats	NA	3	11	0.9467	NA	1	3.4112	Viruses;Duplodnaviria;Heunggongvirae;Uroviricota;Caudoviricetes;;
k141_2680	1391	No terminal repeats	NA	3	11	0.9465	NA	1	2.5103	Viruses;Duplodnaviria;Heunggongvirae;Uroviricota;Caudoviricetes;;
k141_27291	2891	No terminal repeats	NA	3	11	0.9464	NA	3	3.9370	Viruses;Duplodnaviria;Heunggongvirae;Uroviricota;Caudoviricetes;;
k141_62783	22698	No terminal repeats	NA	30	11	0.9463	NA	1	11.9810	Viruses;Duplodnaviria;Heunggongvirae;Uroviricota;Caudoviricetes;;
k141_81936	623	No terminal repeats	NA	1	11	0.9461	NA	1	1.7183	Viruses;Duplodnaviria;Heunggongvirae;Uroviricota;Caudoviricetes;;
k141_42122	1120	No terminal repeats	NA	2	11	0.9460	NA	1	1.7183	Viruses;Duplodnaviria;Heunggongvirae;Uroviricota;Caudoviricetes;;
k141_73002	835	No terminal repeats	NA	2	11	0.9456	NA	1	3.4366	Viruses;Duplodnaviria;Heunggongvirae;Uroviricota;Caudoviricetes;;
k141_78311	605	No terminal repeats	NA	1	11	0.9456	NA	1	1.7183	Viruses;Duplodnaviria;Heunggongvirae;Uroviricota;Caudoviricetes;;
k141_75803|provirus_7760_21000	13241	Provirus	7760-21000	17	11	0.9448	NA	7	10.9475	Viruses;Duplodnaviria;Heunggongvirae;Uroviricota;Caudoviricetes;;
k141_31430	2864	No terminal repeats	NA	6	11	0.9448	NA	0	2.7004	Viruses;Duplodnaviria;Heunggongvirae;Uroviricota;Caudoviricetes;;
k141_70775	775	No terminal repeats	NA	2	11	0.9445	NA	1	3.4366	Viruses;Duplodnaviria;Heunggongvirae;Uroviricota;Caudoviricetes;;
k141_64036	555	No terminal repeats	NA	2	11	0.9443	NA	1	1.6517	Viruses;Duplodnaviria;Heunggongvirae;Uroviricota;Caudoviricetes;;
k141_12360	4927	No terminal repeats	NA	9	11	0.9440	NA	5	10.4461	Viruses;Duplodnaviria;Heunggongvirae;Uroviricota;Caudoviricetes;;
k141_76055|provirus_3_25319	25317	Provirus	3-25319	30	11	0.9438	NA	6	24.2848	Viruses;Duplodnaviria;Heunggongvirae;Uroviricota;Caudoviricetes;;
k141_4202	991	No terminal repeats	NA	4	11	0.9437	NA	1	5.0941	Viruses;Duplodnaviria;Heunggongvirae;Uroviricota;Caudoviricetes;;
k141_30087	3753	No terminal repeats	NA	1	11	0.9434	NA	0	1.7183	Viruses;Duplodnaviria;Heunggongvirae;Uroviricota;Caudoviricetes;;
k141_7246	645	No terminal repeats	NA	1	11	0.9431	NA	1	1.7183	Viruses;Duplodnaviria;Heunggongvirae;Uroviricota;Caudoviricetes;;
k141_15156	414	No terminal repeats	NA	1	11	0.9430	NA	1	1.7183	Viruses;Duplodnaviria;Heunggongvirae;Uroviricota;Caudoviricetes;;
k141_71352	4275	No terminal repeats	NA	8	11	0.9429	NA	0	5.1780	Viruses;Duplodnaviria;Heunggongvirae;Uroviricota;Caudoviricetes;;
k141_27100	756	No terminal repeats	NA	2	11	0.9429	NA	1	3.4323	Viruses;Duplodnaviria;Heunggongvirae;Uroviricota;Caudoviricetes;;
k141_73188	3044	No terminal repeats	NA	3	11	0.9427	NA	0	3.2371	Viruses;Duplodnaviria;Heunggongvirae;Uroviricota;Caudoviricetes;;
k141_36588	3799	No terminal repeats	NA	3	11	0.9427	NA	0	3.3151	Viruses;Duplodnaviria;Heunggongvirae;Uroviricota;Caudoviricetes;;
k141_57443	3350	No terminal repeats	NA	10	11	0.9425	NA	0	1.6663	Viruses;Duplodnaviria;Heunggongvirae;Uroviricota;Caudoviricetes;;
k141_56608	4131	No terminal repeats	NA	6	11	0.9424	NA	0	6.9582	Viruses;Duplodnaviria;Heunggongvirae;Uroviricota;Caudoviricetes;;
k141_47985	2043	No terminal repeats	NA	1	11	0.9422	NA	1	1.7183	Viruses;Duplodnaviria;Heunggongvirae;Uroviricota;Caudoviricetes;;
k141_16480	3116	No terminal repeats	NA	3	11	0.9421	NA	1	4.1281	Viruses;Duplodnaviria;Heunggongvirae;Uroviricota;Caudoviricetes;;
k141_60206	803	No terminal repeats	NA	1	11	0.9420	NA	1	1.7183	Viruses;Duplodnaviria;Heunggongvirae;Uroviricota;Caudoviricetes;;
k141_32256	1196	No terminal repeats	NA	1	11	0.9420	NA	1	1.7183	Viruses;Duplodnaviria;Heunggongvirae;Uroviricota;Caudoviricetes;;
k141_19442	500	No terminal repeats	NA	1	11	0.9420	NA	1	1.7183	Viruses;Duplodnaviria;Heunggongvirae;Uroviricota;Caudoviricetes;;
k141_37895	408	No terminal repeats	NA	1	11	0.9419	NA	1	1.5021	Viruses;Duplodnaviria;Heunggongvirae;Uroviricota;Caudoviricetes;;
k141_65972	896	No terminal repeats	NA	1	11	0.9419	NA	1	1.2073	Viruses;Duplodnaviria;Heunggongvirae;Uroviricota;Caudoviricetes;;
k141_17963	5516	No terminal repeats	NA	9	11	0.9417	NA	0	7.2459	Viruses;Duplodnaviria;Heunggongvirae;Uroviricota;Caudoviricetes;;
k141_21540	697	No terminal repeats	NA	2	11	0.9414	NA	2	3.2688	Viruses;Duplodnaviria;Heunggongvirae;Uroviricota;Caudoviricetes;;
k141_80385	1967	No terminal repeats	NA	1	11	0.9412	NA	1	1.7183	Viruses;Duplodnaviria;Heunggongvirae;Uroviricota;Caudoviricetes;;
k141_32612	8468	No terminal repeats	NA	8	11	0.9408	NA	0	7.9088	Viruses;Duplodnaviria;Heunggongvirae;Uroviricota;Caudoviricetes;;
k141_80390	6864	No terminal repeats	NA	12	11	0.9407	NA	0	4.1191	Viruses;Duplodnaviria;Heunggongvirae;Uroviricota;Caudoviricetes;;
k141_70917	18113	No terminal repeats	NA	27	11	0.9406	NA	2	16.9593	Viruses;Duplodnaviria;Heunggongvirae;Uroviricota;Caudoviricetes;;
k141_1234	5108	No terminal repeats	NA	12	11	0.9403	NA	0	2.9366	Viruses;Duplodnaviria;Heunggongvirae;Uroviricota;Caudoviricetes;;
k141_80302	4853	No terminal repeats	NA	3	11	0.9399	NA	0	3.4366	Viruses;Duplodnaviria;Heunggongvirae;Uroviricota;Caudoviricetes;;
k141_14433	1407	No terminal repeats	NA	1	11	0.9397	NA	1	1.7183	Viruses;Duplodnaviria;Heunggongvirae;Uroviricota;Caudoviricetes;;
k141_12427	4986	No terminal repeats	NA	6	11	0.9395	NA	1	6.4195	Viruses;Duplodnaviria;Heunggongvirae;Uroviricota;Caudoviricetes;;
k141_18215	5065	No terminal repeats	NA	5	11	0.9394	NA	0	2.3516	Viruses;Duplodnaviria;Heunggongvirae;Uroviricota;Caudoviricetes;;
k141_36592	343	No terminal repeats	NA	1	11	0.9390	NA	1	1.1825	Viruses;Duplodnaviria;Heunggongvirae;Uroviricota;Caudoviricetes;;
k141_81435	419	No terminal repeats	NA	1	11	0.9385	NA	1	1.7183	Viruses;Duplodnaviria;Heunggongvirae;Uroviricota;Caudoviricetes;;
k141_36575	16193	No terminal repeats	NA	13	11	0.9385	NA	1	8.4385	Viruses;Duplodnaviria;Heunggongvirae;Uroviricota;Caudoviricetes;;
k141_42214	1364	No terminal repeats	NA	4	11	0.9383	NA	2	5.8799	Viruses;Duplodnaviria;Heunggongvirae;Uroviricota;Caudoviricetes;;
k141_26920	2666	No terminal repeats	NA	8	11	0.9379	NA	0	3.4589	Viruses;Duplodnaviria;Heunggongvirae;Uroviricota;Caudoviricetes;;
k141_63239	3120	No terminal repeats	NA	4	11	0.9377	NA	2	4.2613	Viruses;Duplodnaviria;Heunggongvirae;Uroviricota;Caudoviricetes;;
k141_41668	17610	No terminal repeats	NA	22	11	0.9377	NA	0	5.5940	Viruses;Duplodnaviria;Heunggongvirae;Uroviricota;Caudoviricetes;;
k141_80718	8433	No terminal repeats	NA	12	11	0.9376	NA	2	9.0594	Viruses;Duplodnaviria;Heunggongvirae;Uroviricota;Caudoviricetes;;
k141_53033	1622	No terminal repeats	NA	1	11	0.9376	NA	1	1.0421	Viruses;Duplodnaviria;Heunggongvirae;Uroviricota;Caudoviricetes;;
k141_42820	9307	No terminal repeats	NA	10	11	0.9371	NA	1	8.9727	Viruses;Duplodnaviria;Heunggongvirae;Uroviricota;Caudoviricetes;;
k141_65440	443	No terminal repeats	NA	1	11	0.9368	NA	1	1.7183	Viruses;Duplodnaviria;Heunggongvirae;Uroviricota;Caudoviricetes;;
k141_33854	2247	No terminal repeats	NA	1	11	0.9367	NA	1	1.7183	Viruses;Duplodnaviria;Heunggongvirae;Uroviricota;Caudoviricetes;;
k141_31348	1800	No terminal repeats	NA	4	11	0.9366	NA	1	3.0455	Viruses;Duplodnaviria;Heunggongvirae;Uroviricota;Caudoviricetes;;
k141_27075	1119	No terminal repeats	NA	4	11	0.9362	NA	3	5.9602	Viruses;Duplodnaviria;Heunggongvirae;Uroviricota;Caudoviricetes;;
k141_12826	515	No terminal repeats	NA	1	11	0.9357	NA	1	1.7183	Viruses;Duplodnaviria;Heunggongvirae;Uroviricota;Caudoviricetes;;
k141_71961	461	No terminal repeats	NA	1	11	0.9355	NA	1	1.7183	Viruses;Duplodnaviria;Heunggongvirae;Uroviricota;Caudoviricetes;;
k141_77084	365	No terminal repeats	NA	2	11	0.9348	NA	1	3.1437	Viruses;Duplodnaviria;Heunggongvirae;Uroviricota;Caudoviricetes;;
k141_31540	1720	No terminal repeats	NA	5	11	0.9346	NA	2	5.5663	Viruses;Duplodnaviria;Heunggongvirae;Uroviricota;Caudoviricetes;;
k141_63878	3895	No terminal repeats	NA	2	11	0.9342	NA	1	1.7183	Viruses;Duplodnaviria;Heunggongvirae;Uroviricota;Caudoviricetes;;
k141_6701	6293	No terminal repeats	NA	6	11	0.9342	NA	0	3.4366	Viruses;Duplodnaviria;Heunggongvirae;Uroviricota;Caudoviricetes;;
k141_78385	335	No terminal repeats	NA	1	11	0.9340	NA	1	1.7183	Viruses;Duplodnaviria;Heunggongvirae;Uroviricota;Caudoviricetes;;
k141_52708	686	No terminal repeats	NA	2	11	0.9339	NA	1	3.4225	Viruses;Duplodnaviria;Heunggongvirae;Uroviricota;Caudoviricetes;;
k141_29424	354	No terminal repeats	NA	2	11	0.9337	NA	1	2.8361	Viruses;Duplodnaviria;Heunggongvirae;Uroviricota;Caudoviricetes;;
k141_79469	4679	No terminal repeats	NA	6	11	0.9337	NA	1	3.3823	Viruses;Duplodnaviria;Heunggongvirae;Uroviricota;Caudoviricetes;;
k141_54547	9959	No terminal repeats	NA	9	11	0.9330	NA	0	13.2196	Viruses;Duplodnaviria;Heunggongvirae;Uroviricota;Caudoviricetes;;
k141_48333	375	No terminal repeats	NA	1	11	0.9329	NA	1	1.5252	Viruses;Duplodnaviria;Heunggongvirae;Uroviricota;Caudoviricetes;;
k141_10589	32575	No terminal repeats	NA	31	11	0.9318	NA	3	38.3877	Viruses;Duplodnaviria;Heunggongvirae;Uroviricota;Caudoviricetes;;
k141_51572	645	No terminal repeats	NA	2	11	0.9314	NA	1	2.9145	Viruses;Duplodnaviria;Heunggongvirae;Uroviricota;Caudoviricetes;;
k141_76841	672	No terminal repeats	NA	1	11	0.9296	NA	1	1.2306	Viruses;Duplodnaviria;Heunggongvirae;Uroviricota;Caudoviricetes;;
k141_53753	2654	No terminal repeats	NA	1	11	0.9296	NA	1	1.1940	Viruses;Duplodnaviria;Heunggongvirae;Uroviricota;Caudoviricetes;;
k141_4167	765	No terminal repeats	NA	1	11	0.9290	NA	1	1.7183	Viruses;Duplodnaviria;Heunggongvirae;Uroviricota;Caudoviricetes;;
k141_5401	11316	No terminal repeats	NA	7	11	0.9289	NA	0	4.3193	Viruses;Duplodnaviria;Heunggongvirae;Uroviricota;Caudoviricetes;;
k141_39802	2881	No terminal repeats	NA	2	11	0.9288	NA	0	3.4366	Viruses;Duplodnaviria;Heunggongvirae;Uroviricota;Caudoviricetes;;
k141_26730	647	No terminal repeats	NA	1	11	0.9285	NA	1	1.2873	Viruses;Duplodnaviria;Heunggongvirae;Uroviricota;Caudoviricetes;;
k141_59275	4464	No terminal repeats	NA	7	11	0.9284	NA	1	2.9952	Viruses;Duplodnaviria;Heunggongvirae;Uroviricota;Caudoviricetes;;
k141_8877	3934	No terminal repeats	NA	4	11	0.9284	NA	1	1.7078	Viruses;Duplodnaviria;Heunggongvirae;Uroviricota;Caudoviricetes;;
k141_14914	569	No terminal repeats	NA	2	11	0.9284	NA	1	1.7183	Viruses;Duplodnaviria;Heunggongvirae;Uroviricota;Caudoviricetes;;
k141_9209	429	No terminal repeats	NA	1	11	0.9277	NA	1	1.7183	Viruses;Duplodnaviria;Heunggongvirae;Uroviricota;Caudoviricetes;;
k141_58561|provirus_3_26029	26027	Provirus	3-26029	23	11	0.9275	NA	7	33.0332	Viruses;Duplodnaviria;Heunggongvirae;Uroviricota;Caudoviricetes;;
k141_27243	930	No terminal repeats	NA	1	11	0.9274	NA	1	1.6517	Viruses;Duplodnaviria;Heunggongvirae;Uroviricota;Caudoviricetes;;
k141_8184	8975	No terminal repeats	NA	12	11	0.9272	NA	0	2.7906	Viruses;Duplodnaviria;Heunggongvirae;Uroviricota;Caudoviricetes;;
k141_41958	49599	No terminal repeats	NA	48	11	0.9269	NA	0	13.0658	Viruses;Duplodnaviria;Heunggongvirae;Uroviricota;Caudoviricetes;;
k141_1001	471	No terminal repeats	NA	1	11	0.9269	NA	1	1.7183	Viruses;Duplodnaviria;Heunggongvirae;Uroviricota;Caudoviricetes;;
k141_23746	419	No terminal repeats	NA	1	11	0.9269	NA	1	1.7163	Viruses;Duplodnaviria;Heunggongvirae;Uroviricota;Caudoviricetes;;
k141_21028	374	No terminal repeats	NA	1	11	0.9269	NA	1	1.7183	Viruses;Duplodnaviria;Heunggongvirae;Uroviricota;Caudoviricetes;;
k141_28920	4101	No terminal repeats	NA	7	11	0.9263	NA	1	1.2801	Viruses;Duplodnaviria;Heunggongvirae;Uroviricota;Caudoviricetes;;
k141_58263|provirus_3_35362	35360	Provirus	3-35362	20	11	0.9262	NA	2	11.4719	Viruses;Duplodnaviria;Heunggongvirae;Uroviricota;Caudoviricetes;;
k141_54897	826	No terminal repeats	NA	2	11	0.9256	NA	1	1.5252	Viruses;Duplodnaviria;Heunggongvirae;Uroviricota;Caudoviricetes;;
k141_49555	1041	No terminal repeats	NA	1	11	0.9247	NA	1	1.5118	Viruses;Duplodnaviria;Heunggongvirae;Uroviricota;Caudoviricetes;;
k141_65296	804	No terminal repeats	NA	2	11	0.9247	NA	2	3.1932	Viruses;Duplodnaviria;Heunggongvirae;Uroviricota;Caudoviricetes;;
k141_80820	322	No terminal repeats	NA	1	11	0.9236	NA	1	1.3549	Viruses;Duplodnaviria;Heunggongvirae;Uroviricota;Caudoviricetes;;
k141_68303	420	No terminal repeats	NA	1	11	0.9233	NA	1	1.3264	Viruses;Duplodnaviria;Heunggongvirae;Uroviricota;Caudoviricetes;;
k141_39505	354	No terminal repeats	NA	1	11	0.9233	NA	1	1.7183	Viruses;Duplodnaviria;Heunggongvirae;Uroviricota;Caudoviricetes;;
k141_68091	2424	No terminal repeats	NA	1	11	0.9225	NA	1	1.1940	Viruses;Duplodnaviria;Heunggongvirae;Uroviricota;Caudoviricetes;;
k141_70682	999	No terminal repeats	NA	3	11	0.9220	NA	2	3.4366	Viruses;Duplodnaviria;Heunggongvirae;Uroviricota;Caudoviricetes;;
k141_15367	615	No terminal repeats	NA	1	11	0.9219	NA	1	1.7183	Viruses;Duplodnaviria;Heunggongvirae;Uroviricota;Caudoviricetes;;
k141_70480	3230	No terminal repeats	NA	5	11	0.9218	NA	0	2.6077	Viruses;Duplodnaviria;Heunggongvirae;Uroviricota;Caudoviricetes;;
k141_37280	4822	No terminal repeats	NA	7	11	0.9217	NA	1	5.8114	Viruses;Duplodnaviria;Heunggongvirae;Uroviricota;Caudoviricetes;;
k141_12984	1038	No terminal repeats	NA	2	11	0.9217	NA	1	2.9354	Viruses;Duplodnaviria;Heunggongvirae;Uroviricota;Caudoviricetes;;
k141_27779	433	No terminal repeats	NA	1	11	0.9214	NA	1	1.7162	Viruses;Duplodnaviria;Heunggongvirae;Uroviricota;Caudoviricetes;;
k141_52986	425	No terminal repeats	NA	1	11	0.9214	NA	1	1.7183	Viruses;Duplodnaviria;Heunggongvirae;Uroviricota;Caudoviricetes;;
k141_81260	5792	No terminal repeats	NA	8	11	0.9214	NA	0	4.8958	Viruses;Duplodnaviria;Heunggongvirae;Uroviricota;Caudoviricetes;;
k141_44064	1465	No terminal repeats	NA	2	11	0.9207	NA	1	1.7162	Viruses;Duplodnaviria;Heunggongvirae;Uroviricota;Caudoviricetes;;
k141_79205	518	No terminal repeats	NA	2	11	0.9206	NA	1	2.7768	Viruses;Duplodnaviria;Heunggongvirae;Uroviricota;Caudoviricetes;;
k141_61177	2513	No terminal repeats	NA	4	11	0.9205	NA	0	5.1411	Viruses;Duplodnaviria;Heunggongvirae;Uroviricota;Caudoviricetes;;
k141_58760	943	No terminal repeats	NA	2	11	0.9205	NA	1	3.3386	Viruses;Duplodnaviria;Heunggongvirae;Uroviricota;Caudoviricetes;;
k141_15654	1297	No terminal repeats	NA	3	11	0.9197	NA	1	3.1088	Viruses;Duplodnaviria;Heunggongvirae;Uroviricota;Caudoviricetes;;
k141_61127	354	No terminal repeats	NA	1	11	0.9195	NA	1	1.5008	Viruses;Duplodnaviria;Heunggongvirae;Uroviricota;Caudoviricetes;;
k141_64387	1766	No terminal repeats	NA	3	11	0.9193	NA	2	2.9288	Viruses;Duplodnaviria;Heunggongvirae;Uroviricota;Caudoviricetes;;
k141_31252	3265	No terminal repeats	NA	2	11	0.9190	NA	0	1.4953	Viruses;Duplodnaviria;Heunggongvirae;Uroviricota;Caudoviricetes;;
k141_31746	393	No terminal repeats	NA	1	11	0.9187	NA	1	1.7183	Viruses;Duplodnaviria;Heunggongvirae;Uroviricota;Caudoviricetes;;
k141_47820	4868	No terminal repeats	NA	3	11	0.9184	NA	0	1.7183	Viruses;Duplodnaviria;Heunggongvirae;Uroviricota;Caudoviricetes;;
k141_43639	742	No terminal repeats	NA	1	11	0.9183	NA	1	1.2610	Viruses;Duplodnaviria;Heunggongvirae;Uroviricota;Caudoviricetes;;
k141_16014	1310	No terminal repeats	NA	2	11	0.9180	NA	1	1.7183	Viruses;Duplodnaviria;Heunggongvirae;Uroviricota;Caudoviricetes;;
k141_31396	2377	No terminal repeats	NA	4	11	0.9177	NA	1	4.7772	Viruses;Duplodnaviria;Heunggongvirae;Uroviricota;Caudoviricetes;;
k141_71511	5621	No terminal repeats	NA	10	11	0.9176	NA	0	4.5505	Viruses;Duplodnaviria;Heunggongvirae;Uroviricota;Caudoviricetes;;
k141_12347	1316	No terminal repeats	NA	5	11	0.9173	NA	3	5.9602	Viruses;Duplodnaviria;Heunggongvirae;Uroviricota;Caudoviricetes;;
k141_53172	236	No terminal repeats	NA	1	11	0.9172	NA	1	1.3549	Viruses;Duplodnaviria;Heunggongvirae;Uroviricota;Caudoviricetes;;
k141_38631	588	No terminal repeats	NA	1	11	0.9172	NA	1	1.2749	Viruses;Duplodnaviria;Heunggongvirae;Uroviricota;Caudoviricetes;;
k141_34183	1060	No terminal repeats	NA	3	11	0.9169	NA	1	3.4255	Viruses;Duplodnaviria;Heunggongvirae;Uroviricota;Caudoviricetes;;
k141_55887	12933	No terminal repeats	NA	23	11	0.9155	NA	8	21.1503	Viruses;Duplodnaviria;Heunggongvirae;Uroviricota;Caudoviricetes;;
k141_23183	704	No terminal repeats	NA	2	11	0.9153	NA	1	1.7183	Viruses;Duplodnaviria;Heunggongvirae;Uroviricota;Caudoviricetes;;
k141_76322	535	No terminal repeats	NA	2	11	0.9152	NA	1	3.4350	Viruses;Duplodnaviria;Heunggongvirae;Uroviricota;Caudoviricetes;;
k141_36766	2818	No terminal repeats	NA	7	11	0.9150	NA	0	1.5962	Viruses;Duplodnaviria;Heunggongvirae;Uroviricota;Caudoviricetes;;
k141_27161	533	No terminal repeats	NA	1	11	0.9150	NA	1	1.7183	Viruses;Duplodnaviria;Heunggongvirae;Uroviricota;Caudoviricetes;;
k141_58705	3211	No terminal repeats	NA	6	11	0.9149	NA	0	2.6149	Viruses;Duplodnaviria;Heunggongvirae;Uroviricota;Caudoviricetes;;
k141_17731	604	No terminal repeats	NA	2	11	0.9147	NA	2	2.6545	Viruses;Duplodnaviria;Heunggongvirae;Uroviricota;Caudoviricetes;;
k141_20025	5681	No terminal repeats	NA	2	11	0.9143	NA	0	1.7183	Viruses;Duplodnaviria;Heunggongvirae;Uroviricota;Caudoviricetes;;
k141_50916	1548	No terminal repeats	NA	1	11	0.9142	NA	1	1.1100	Viruses;Duplodnaviria;Heunggongvirae;Uroviricota;Caudoviricetes;;
k141_12487	927	No terminal repeats	NA	1	11	0.9137	NA	1	1.7183	Viruses;Duplodnaviria;Heunggongvirae;Uroviricota;Caudoviricetes;;
k141_60590	594	No terminal repeats	NA	1	11	0.9134	NA	1	1.7183	Viruses;Duplodnaviria;Heunggongvirae;Uroviricota;Caudoviricetes;;
k141_63377	8927	No terminal repeats	NA	10	11	0.9134	NA	0	3.3414	Viruses;Duplodnaviria;Heunggongvirae;Uroviricota;Caudoviricetes;;
k141_69082	5997	No terminal repeats	NA	11	11	0.9129	NA	0	1.2756	Viruses;Duplodnaviria;Heunggongvirae;Uroviricota;Caudoviricetes;;
k141_64039	654	No terminal repeats	NA	1	11	0.9128	NA	1	1.7183	Viruses;Duplodnaviria;Heunggongvirae;Uroviricota;Caudoviricetes;;
k141_73313	311	No terminal repeats	NA	1	11	0.9126	NA	1	1.5859	Viruses;Duplodnaviria;Heunggongvirae;Uroviricota;Caudoviricetes;;
k141_16213	459	No terminal repeats	NA	2	11	0.9123	NA	1	1.7183	Viruses;Duplodnaviria;Heunggongvirae;Uroviricota;Caudoviricetes;;
k141_8299	4351	No terminal repeats	NA	5	11	0.9121	NA	2	3.4366	Viruses;Duplodnaviria;Heunggongvirae;Uroviricota;Caudoviricetes;;
k141_9907	420	No terminal repeats	NA	1	11	0.9119	NA	1	1.7118	Viruses;Duplodnaviria;Heunggongvirae;Uroviricota;Caudoviricetes;;
k141_1555	3978	No terminal repeats	NA	5	11	0.9115	NA	2	5.1260	Viruses;Duplodnaviria;Heunggongvirae;Uroviricota;Caudoviricetes;;
k141_42572	2933	No terminal repeats	NA	1	11	0.9114	NA	0	1.2217	Viruses;Duplodnaviria;Heunggongvirae;Uroviricota;Caudoviricetes;;
k141_28538	4937	No terminal repeats	NA	6	11	0.9113	NA	0	2.7786	Viruses;Duplodnaviria;Heunggongvirae;Uroviricota;Caudoviricetes;;
k141_62320|provirus_35795_43619	7825	Provirus	35795-43619	10	11	0.9112	NA	2	12.2317	Viruses;Duplodnaviria;Heunggongvirae;Uroviricota;Caudoviricetes;;
k141_47401	969	No terminal repeats	NA	1	11	0.9112	NA	1	1.0886	Viruses;Duplodnaviria;Heunggongvirae;Uroviricota;Caudoviricetes;;
k141_39434	725	No terminal repeats	NA	1	11	0.9109	NA	1	1.7183	Viruses;Duplodnaviria;Heunggongvirae;Uroviricota;Caudoviricetes;;
k141_42512	897	No terminal repeats	NA	1	11	0.9107	NA	1	1.7183	Viruses;Duplodnaviria;Heunggongvirae;Uroviricota;Caudoviricetes;;
k141_79430	469	No terminal repeats	NA	2	11	0.9106	NA	2	3.4366	Viruses;Duplodnaviria;Heunggongvirae;Uroviricota;Caudoviricetes;;
k141_61982	3365	No terminal repeats	NA	4	11	0.9101	NA	0	3.2371	Viruses;Duplodnaviria;Heunggongvirae;Uroviricota;Caudoviricetes;;
k141_15113	2400	No terminal repeats	NA	3	11	0.9100	NA	1	1.7073	Viruses;Duplodnaviria;Heunggongvirae;Uroviricota;Caudoviricetes;;
k141_28975	616	No terminal repeats	NA	2	11	0.9096	NA	2	3.4366	Viruses;Duplodnaviria;Heunggongvirae;Uroviricota;Caudoviricetes;;
k141_12210	788	No terminal repeats	NA	2	11	0.9094	NA	1	3.0745	Viruses;Duplodnaviria;Heunggongvirae;Uroviricota;Caudoviricetes;;
k141_37510	1197	No terminal repeats	NA	1	11	0.9093	NA	1	1.0405	Viruses;Duplodnaviria;Heunggongvirae;Uroviricota;Caudoviricetes;;
k141_64902	653	No terminal repeats	NA	1	11	0.9090	NA	1	1.1483	Viruses;Duplodnaviria;Heunggongvirae;Uroviricota;Caudoviricetes;;
k141_41654	5330	No terminal repeats	NA	9	11	0.9088	NA	0	1.9608	Viruses;Duplodnaviria;Heunggongvirae;Uroviricota;Caudoviricetes;;
k141_61032	508	No terminal repeats	NA	2	11	0.9083	NA	1	3.1050	Viruses;Duplodnaviria;Heunggongvirae;Uroviricota;Caudoviricetes;;
k141_70839	247	No terminal repeats	NA	1	11	0.9080	NA	1	1.3549	Viruses;Duplodnaviria;Heunggongvirae;Uroviricota;Caudoviricetes;;
k141_61940	572	No terminal repeats	NA	2	11	0.9077	NA	2	3.1612	Viruses;Duplodnaviria;Heunggongvirae;Uroviricota;Caudoviricetes;;
k141_29573	6212	No terminal repeats	NA	7	11	0.9075	NA	0	6.7121	Viruses;Duplodnaviria;Heunggongvirae;Uroviricota;Caudoviricetes;;
k141_58150	1667	No terminal repeats	NA	5	11	0.9070	NA	1	3.4366	Viruses;Duplodnaviria;Heunggongvirae;Uroviricota;Caudoviricetes;;
k141_2136|provirus_3_9854	9852	Provirus	3-9854	12	11	0.9064	NA	0	7.6591	Viruses;Duplodnaviria;Heunggongvirae;Uroviricota;Caudoviricetes;;
k141_42110	2207	No terminal repeats	NA	3	11	0.9062	NA	1	2.9074	Viruses;Duplodnaviria;Heunggongvirae;Uroviricota;Caudoviricetes;;
k141_12174	1383	No terminal repeats	NA	1	11	0.9059	NA	1	1.2298	Viruses;Duplodnaviria;Heunggongvirae;Uroviricota;Caudoviricetes;;
k141_9114	519	No terminal repeats	NA	2	11	0.9056	NA	1	1.7183	Viruses;Duplodnaviria;Heunggongvirae;Uroviricota;Caudoviricetes;;
k141_16183	15171	No terminal repeats	NA	21	11	0.9056	NA	6	21.2890	Viruses;Duplodnaviria;Heunggongvirae;Uroviricota;Caudoviricetes;;
k141_49096	501	No terminal repeats	NA	1	11	0.9056	NA	1	1.7183	Viruses;Duplodnaviria;Heunggongvirae;Uroviricota;Caudoviricetes;;
k141_44701	384	No terminal repeats	NA	1	11	0.9056	NA	1	1.7183	Viruses;Duplodnaviria;Heunggongvirae;Uroviricota;Caudoviricetes;;
k141_53162	344	No terminal repeats	NA	1	11	0.9055	NA	1	1.7183	Viruses;Duplodnaviria;Heunggongvirae;Uroviricota;Caudoviricetes;;
k141_30771	9210	No terminal repeats	NA	11	11	0.9053	NA	1	6.5318	Viruses;Duplodnaviria;Heunggongvirae;Uroviricota;Caudoviricetes;;
k141_15637	3299	No terminal repeats	NA	6	11	0.9053	NA	1	4.8015	Viruses;Duplodnaviria;Heunggongvirae;Uroviricota;Caudoviricetes;;
k141_32023	1542	No terminal repeats	NA	3	11	0.9051	NA	2	2.9844	Viruses;Duplodnaviria;Heunggongvirae;Uroviricota;Caudoviricetes;;
k141_23585	1284	No terminal repeats	NA	1	11	0.9051	NA	1	1.2306	Viruses;Duplodnaviria;Heunggongvirae;Uroviricota;Caudoviricetes;;
k141_82615	671	No terminal repeats	NA	2	11	0.9050	NA	1	1.7183	Viruses;Duplodnaviria;Heunggongvirae;Uroviricota;Caudoviricetes;;
k141_47965	1409	No terminal repeats	NA	3	11	0.9048	NA	1	2.8861	Viruses;Duplodnaviria;Heunggongvirae;Uroviricota;Caudoviricetes;;
k141_77846	764	No terminal repeats	NA	1	11	0.9046	NA	1	1.5026	Viruses;Duplodnaviria;Heunggongvirae;Uroviricota;Caudoviricetes;;
k141_58493	448	No terminal repeats	NA	1	11	0.9044	NA	1	1.5008	Viruses;Duplodnaviria;Heunggongvirae;Uroviricota;Caudoviricetes;;
k141_21031	8594	No terminal repeats	NA	16	11	0.9039	NA	1	11.9011	Viruses;Duplodnaviria;Heunggongvirae;Uroviricota;Caudoviricetes;;
k141_31949	12765	No terminal repeats	NA	12	11	0.9039	NA	4	6.0360	Viruses;Duplodnaviria;Heunggongvirae;Uroviricota;Caudoviricetes;;
k141_7633	12450	No terminal repeats	NA	12	11	0.9037	NA	1	5.6786	Viruses;Duplodnaviria;Heunggongvirae;Uroviricota;Caudoviricetes;;
k141_1922	773	No terminal repeats	NA	1	11	0.9037	NA	1	1.7183	Viruses;Duplodnaviria;Heunggongvirae;Uroviricota;Caudoviricetes;;
k141_66108	3265	No terminal repeats	NA	2	11	0.9035	NA	0	2.9871	Viruses;Duplodnaviria;Heunggongvirae;Uroviricota;Caudoviricetes;;Demerecviridae
k141_9074	1121	No terminal repeats	NA	2	11	0.9033	NA	1	1.8035	Viruses;Duplodnaviria;Heunggongvirae;Uroviricota;Caudoviricetes;;
k141_8493	1022	No terminal repeats	NA	1	11	0.9026	NA	1	1.0886	Viruses;Duplodnaviria;Heunggongvirae;Uroviricota;Caudoviricetes;;
k141_60221	1702	No terminal repeats	NA	2	11	0.9016	NA	2	3.2348	Viruses;Duplodnaviria;Heunggongvirae;Uroviricota;Caudoviricetes;;
k141_44841	1205	No terminal repeats	NA	2	11	0.9011	NA	1	1.3729	Viruses;Duplodnaviria;Heunggongvirae;Uroviricota;Caudoviricetes;;
k141_30678	437	No terminal repeats	NA	1	11	0.9010	NA	1	1.2991	Viruses;Duplodnaviria;Heunggongvirae;Uroviricota;Caudoviricetes;;
k141_7521	491	No terminal repeats	NA	1	11	0.9007	NA	1	1.7183	Viruses;Duplodnaviria;Heunggongvirae;Uroviricota;Caudoviricetes;;
k141_49505	1168	No terminal repeats	NA	3	11	0.9007	NA	2	4.2419	Viruses;Duplodnaviria;Heunggongvirae;Uroviricota;Caudoviricetes;;
k141_42886	3489	No terminal repeats	NA	4	11	0.9006	NA	3	6.2164	Viruses;Duplodnaviria;Heunggongvirae;Uroviricota;Caudoviricetes;;
k141_1211	359	No terminal repeats	NA	1	11	0.9000	NA	1	1.5379	Viruses;Duplodnaviria;Heunggongvirae;Uroviricota;Caudoviricetes;;
k141_54896	8065	No terminal repeats	NA	15	11	0.8999	NA	0	1.1271	Viruses;Duplodnaviria;Heunggongvirae;Uroviricota;Caudoviricetes;;
k141_76939	367	No terminal repeats	NA	1	11	0.8989	NA	1	1.7183	Viruses;Duplodnaviria;Heunggongvirae;Uroviricota;Caudoviricetes;;
k141_78081	21842	No terminal repeats	NA	26	11	0.8987	NA	1	7.3779	Viruses;Duplodnaviria;Heunggongvirae;Uroviricota;Caudoviricetes;;
k141_1276	398	No terminal repeats	NA	1	11	0.8986	NA	1	1.7183	Viruses;Duplodnaviria;Heunggongvirae;Uroviricota;Caudoviricetes;;
k141_13796	446	No terminal repeats	NA	1	11	0.8977	NA	1	1.7183	Viruses;Duplodnaviria;Heunggongvirae;Uroviricota;Caudoviricetes;;
k141_66824	11937	No terminal repeats	NA	15	11	0.8976	NA	1	9.1647	Viruses;Duplodnaviria;Heunggongvirae;Uroviricota;Caudoviricetes;;
k141_43000	1002	No terminal repeats	NA	2	11	0.8972	NA	1	1.7183	Viruses;Duplodnaviria;Heunggongvirae;Uroviricota;Caudoviricetes;;
k141_66724	3197	No terminal repeats	NA	5	11	0.8966	NA	0	2.3903	Viruses;Duplodnaviria;Heunggongvirae;Uroviricota;Caudoviricetes;;
k141_42457	1554	No terminal repeats	NA	4	11	0.8966	NA	3	4.7027	Viruses;Duplodnaviria;Heunggongvirae;Uroviricota;Caudoviricetes;;
k141_21618	912	No terminal repeats	NA	1	11	0.8964	NA	1	1.2306	Viruses;Duplodnaviria;Heunggongvirae;Uroviricota;Caudoviricetes;;
k141_55402	3772	No terminal repeats	NA	6	11	0.8963	NA	0	2.3551	Viruses;Duplodnaviria;Heunggongvirae;Uroviricota;Caudoviricetes;;
k141_7492	3345	No terminal repeats	NA	6	11	0.8960	NA	0	4.0803	Viruses;Duplodnaviria;Heunggongvirae;Uroviricota;Caudoviricetes;;
k141_21697	498	No terminal repeats	NA	1	11	0.8959	NA	1	1.2618	Viruses;Duplodnaviria;Heunggongvirae;Uroviricota;Caudoviricetes;;
k141_39879	1266	No terminal repeats	NA	1	11	0.8954	NA	1	1.1823	Viruses;Duplodnaviria;Heunggongvirae;Uroviricota;Caudoviricetes;;
k141_71744	675	No terminal repeats	NA	2	11	0.8952	NA	1	1.7183	Viruses;Duplodnaviria;Heunggongvirae;Uroviricota;Caudoviricetes;;
k141_26176	2720	No terminal repeats	NA	4	11	0.8948	NA	0	2.9830	Viruses;Duplodnaviria;Heunggongvirae;Uroviricota;Caudoviricetes;;
k141_41140	10786	No terminal repeats	NA	12	11	0.8944	NA	0	6.2291	Viruses;Duplodnaviria;Heunggongvirae;Uroviricota;Caudoviricetes;;
k141_43533	4247	No terminal repeats	NA	4	11	0.8939	NA	0	0.7318	Viruses;Duplodnaviria;Heunggongvirae;Uroviricota;Caudoviricetes;;
k141_77661	5531	No terminal repeats	NA	7	11	0.8934	NA	0	1.5518	Viruses;Duplodnaviria;Heunggongvirae;Uroviricota;Caudoviricetes;;
k141_80504	416	No terminal repeats	NA	2	11	0.8921	NA	2	3.2604	Viruses;Duplodnaviria;Heunggongvirae;Uroviricota;Caudoviricetes;;
k141_29636	3683	No terminal repeats	NA	7	11	0.8915	NA	0	1.8302	Viruses;Duplodnaviria;Heunggongvirae;Uroviricota;Caudoviricetes;;
k141_75327	455	No terminal repeats	NA	1	11	0.8913	NA	1	1.7183	Viruses;Duplodnaviria;Heunggongvirae;Uroviricota;Caudoviricetes;;
k141_67933	1054	No terminal repeats	NA	2	11	0.8909	NA	1	1.7183	Viruses;Duplodnaviria;Heunggongvirae;Uroviricota;Caudoviricetes;;
k141_51953	6014	No terminal repeats	NA	7	11	0.8906	NA	0	3.5148	Viruses;Duplodnaviria;Heunggongvirae;Uroviricota;Caudoviricetes;;
k141_46222	345	No terminal repeats	NA	1	11	0.8906	NA	1	1.5859	Viruses;Duplodnaviria;Heunggongvirae;Uroviricota;Caudoviricetes;;
k141_65752	422	No terminal repeats	NA	1	11	0.8904	NA	1	1.3949	Viruses;Duplodnaviria;Heunggongvirae;Uroviricota;Caudoviricetes;;
k141_61793	332	No terminal repeats	NA	1	11	0.8903	NA	1	1.4169	Viruses;Duplodnaviria;Heunggongvirae;Uroviricota;Caudoviricetes;;
k141_80259	923	No terminal repeats	NA	3	11	0.8896	NA	2	3.2604	Viruses;Duplodnaviria;Heunggongvirae;Uroviricota;Caudoviricetes;;
k141_42469	1801	No terminal repeats	NA	1	11	0.8896	NA	1	1.7126	Viruses;Duplodnaviria;Heunggongvirae;Uroviricota;Caudoviricetes;;
k141_17664	18484	No terminal repeats	NA	24	11	0.8895	NA	0	7.4329	Viruses;Duplodnaviria;Heunggongvirae;Uroviricota;Caudoviricetes;;
k141_53555	1959	No terminal repeats	NA	5	11	0.8894	NA	1	3.4366	Viruses;Duplodnaviria;Heunggongvirae;Uroviricota;Caudoviricetes;;
k141_35954	1580	No terminal repeats	NA	3	11	0.8889	NA	3	4.7434	Viruses;Duplodnaviria;Heunggongvirae;Uroviricota;Caudoviricetes;;
k141_35936	12121	No terminal repeats	NA	12	11	0.8889	NA	0	3.0741	Viruses;Duplodnaviria;Heunggongvirae;Uroviricota;Caudoviricetes;;
k141_51652	2664	No terminal repeats	NA	2	11	0.8884	NA	0	1.7183	Viruses;Duplodnaviria;Heunggongvirae;Uroviricota;Caudoviricetes;;
k141_51789	6422	No terminal repeats	NA	9	11	0.8882	NA	0	6.2763	Viruses;Duplodnaviria;Heunggongvirae;Uroviricota;Caudoviricetes;;
k141_57788	925	No terminal repeats	NA	1	11	0.8880	NA	1	1.7183	Viruses;Duplodnaviria;Heunggongvirae;Uroviricota;Caudoviricetes;;
k141_25265	10800	No terminal repeats	NA	6	11	0.8879	NA	0	2.5885	Viruses;Duplodnaviria;Heunggongvirae;Uroviricota;Caudoviricetes;;
k141_14582	531	No terminal repeats	NA	1	11	0.8871	NA	1	1.7183	Viruses;Duplodnaviria;Heunggongvirae;Uroviricota;Caudoviricetes;;
k141_47823	4087	No terminal repeats	NA	6	11	0.8864	NA	0	4.2585	Viruses;Duplodnaviria;Heunggongvirae;Uroviricota;Caudoviricetes;;Autographiviridae
k141_62938	662	No terminal repeats	NA	2	11	0.8860	NA	1	2.6575	Viruses;Duplodnaviria;Heunggongvirae;Uroviricota;Caudoviricetes;;
k141_61694	595	No terminal repeats	NA	1	11	0.8860	NA	1	1.7163	Viruses;Duplodnaviria;Heunggongvirae;Uroviricota;Caudoviricetes;;
k141_31801|provirus_68646_76179	7534	Provirus	68646-76179	8	11	0.8857	NA	3	7.7915	Viruses;Duplodnaviria;Heunggongvirae;Uroviricota;Caudoviricetes;;
k141_65680	3357	No terminal repeats	NA	6	11	0.8857	NA	0	4.9459	Viruses;Duplodnaviria;Heunggongvirae;Uroviricota;Caudoviricetes;;
k141_50088	601	No terminal repeats	NA	2	11	0.8849	NA	1	1.7183	Viruses;Duplodnaviria;Heunggongvirae;Uroviricota;Caudoviricetes;;
k141_61135	425	No terminal repeats	NA	1	11	0.8848	NA	1	1.7183	Viruses;Duplodnaviria;Heunggongvirae;Uroviricota;Caudoviricetes;;
k141_46123	822	No terminal repeats	NA	1	11	0.8845	NA	1	1.7183	Viruses;Duplodnaviria;Heunggongvirae;Uroviricota;Caudoviricetes;;
k141_64331	7317	No terminal repeats	NA	7	11	0.8839	NA	0	0.0000	Unclassified
k141_40785	4047	No terminal repeats	NA	3	11	0.8839	NA	0	3.4366	Viruses;Duplodnaviria;Heunggongvirae;Uroviricota;Caudoviricetes;;
k141_13465	8265	No terminal repeats	NA	11	11	0.8829	NA	0	6.9344	Viruses;Duplodnaviria;Heunggongvirae;Uroviricota;Caudoviricetes;;
k141_43206	3858	No terminal repeats	NA	7	11	0.8826	NA	0	3.7006	Viruses;Duplodnaviria;Heunggongvirae;Uroviricota;Caudoviricetes;;
k141_38560	451	No terminal repeats	NA	1	11	0.8822	NA	1	0.9308	Viruses;Duplodnaviria;Heunggongvirae;Uroviricota;Caudoviricetes;;
k141_67592	377	No terminal repeats	NA	1	11	0.8814	NA	1	1.7183	Viruses;Duplodnaviria;Heunggongvirae;Uroviricota;Caudoviricetes;;
k141_71332	1845	No terminal repeats	NA	1	11	0.8812	NA	1	1.7183	Viruses;Duplodnaviria;Heunggongvirae;Uroviricota;Caudoviricetes;;
k141_46366	1206	No terminal repeats	NA	2	11	0.8811	NA	1	1.7171	Viruses;Duplodnaviria;Heunggongvirae;Uroviricota;Caudoviricetes;;
k141_48452	5203	No terminal repeats	NA	7	11	0.8806	NA	0	4.5368	Viruses;Duplodnaviria;Heunggongvirae;Uroviricota;Caudoviricetes;;
k141_82354|provirus_40803_53002	12200	Provirus	40803-53002	15	11	0.8798	NA	0	7.9884	Viruses;Duplodnaviria;Heunggongvirae;Uroviricota;Caudoviricetes;;
k141_22447	565	No terminal repeats	NA	1	11	0.8794	NA	1	1.2306	Viruses;Duplodnaviria;Heunggongvirae;Uroviricota;Caudoviricetes;;
k141_12872	2333	No terminal repeats	NA	7	11	0.8788	NA	1	3.4348	Viruses;Duplodnaviria;Heunggongvirae;Uroviricota;Caudoviricetes;;
k141_34361	2965	No terminal repeats	NA	4	11	0.8787	NA	0	2.8315	Viruses;Duplodnaviria;Heunggongvirae;Uroviricota;Caudoviricetes;;
k141_48486	1036	No terminal repeats	NA	4	11	0.8781	NA	1	1.4188	Viruses;Monodnaviria;Loebvirae;Hofneiviricota;Faserviricetes;Tubulavirales;Inoviridae
k141_25277	1738	No terminal repeats	NA	5	11	0.8772	NA	1	4.2282	Viruses;Duplodnaviria;Heunggongvirae;Uroviricota;Caudoviricetes;;
k141_31812	8330	No terminal repeats	NA	6	11	0.8768	NA	1	1.8020	Viruses;Duplodnaviria;Heunggongvirae;Uroviricota;Caudoviricetes;;
k141_34729	439	No terminal repeats	NA	1	11	0.8766	NA	1	1.6802	Viruses;Duplodnaviria;Heunggongvirae;Uroviricota;Caudoviricetes;;
k141_61253	12010	No terminal repeats	NA	16	11	0.8762	NA	1	4.0687	Viruses;Duplodnaviria;Heunggongvirae;Uroviricota;Caudoviricetes;;
k141_62044	3263	No terminal repeats	NA	4	11	0.8762	NA	0	3.3162	Viruses;Duplodnaviria;Heunggongvirae;Uroviricota;Caudoviricetes;;
k141_29517	504	No terminal repeats	NA	1	11	0.8757	NA	1	1.7183	Viruses;Duplodnaviria;Heunggongvirae;Uroviricota;Caudoviricetes;;
k141_69841	616	No terminal repeats	NA	2	11	0.8754	NA	1	1.2167	Viruses;Duplodnaviria;Heunggongvirae;Uroviricota;Caudoviricetes;;
k141_18067	9417	No terminal repeats	NA	9	11	0.8747	NA	0	3.4759	Viruses;Duplodnaviria;Heunggongvirae;Uroviricota;Caudoviricetes;;
k141_80007	649	No terminal repeats	NA	2	11	0.8747	NA	1	1.7183	Viruses;Duplodnaviria;Heunggongvirae;Uroviricota;Caudoviricetes;;
k141_60809	568	No terminal repeats	NA	1	11	0.8746	NA	1	1.7183	Viruses;Duplodnaviria;Heunggongvirae;Uroviricota;Caudoviricetes;;
k141_7802	405	No terminal repeats	NA	1	11	0.8746	NA	1	1.7104	Viruses;Duplodnaviria;Heunggongvirae;Uroviricota;Caudoviricetes;;
k141_61609	6185	No terminal repeats	NA	9	11	0.8744	NA	1	3.9786	Viruses;Duplodnaviria;Heunggongvirae;Uroviricota;Caudoviricetes;;
k141_28151	3222	No terminal repeats	NA	5	11	0.8741	NA	0	2.3551	Viruses;Duplodnaviria;Heunggongvirae;Uroviricota;Caudoviricetes;;
k141_8999	2026	No terminal repeats	NA	3	11	0.8741	NA	1	1.7183	Viruses;Duplodnaviria;Heunggongvirae;Uroviricota;Caudoviricetes;;
k141_43102	1492	No terminal repeats	NA	3	11	0.8735	NA	1	3.2545	Viruses;Duplodnaviria;Heunggongvirae;Uroviricota;Caudoviricetes;;
k141_62164	2185	No terminal repeats	NA	6	11	0.8729	NA	1	3.7119	Viruses;Duplodnaviria;Heunggongvirae;Uroviricota;Caudoviricetes;;
k141_1491	878	No terminal repeats	NA	1	11	0.8720	NA	1	1.7183	Viruses;Duplodnaviria;Heunggongvirae;Uroviricota;Caudoviricetes;;
k141_3809	3002	No terminal repeats	NA	3	11	0.8717	NA	0	2.9846	Viruses;Duplodnaviria;Heunggongvirae;Uroviricota;Caudoviricetes;;
k141_47895	954	No terminal repeats	NA	2	11	0.8711	NA	1	1.4785	Viruses;Duplodnaviria;Heunggongvirae;Uroviricota;Caudoviricetes;;
k141_380	305	No terminal repeats	NA	1	11	0.8708	NA	1	1.3966	Viruses;Duplodnaviria;Heunggongvirae;Uroviricota;Caudoviricetes;;
k141_25895	5493	No terminal repeats	NA	6	11	0.8698	NA	1	2.5753	Viruses;Duplodnaviria;Heunggongvirae;Uroviricota;Caudoviricetes;;
k141_60860	13843	No terminal repeats	NA	11	11	0.8696	NA	1	5.9656	Viruses;Duplodnaviria;Heunggongvirae;Uroviricota;Caudoviricetes;;
k141_17616	641	No terminal repeats	NA	2	11	0.8694	NA	1	1.7183	Viruses;Duplodnaviria;Heunggongvirae;Uroviricota;Caudoviricetes;;
k141_51741	9713	No terminal repeats	NA	11	11	0.8685	NA	0	5.7917	Viruses;Duplodnaviria;Heunggongvirae;Uroviricota;Caudoviricetes;;
k141_16930	16125	No terminal repeats	NA	16	11	0.8683	NA	1	4.2762	Viruses;Duplodnaviria;Heunggongvirae;Uroviricota;Caudoviricetes;;
k141_46681	468	No terminal repeats	NA	2	11	0.8679	NA	1	1.7183	Viruses;Duplodnaviria;Heunggongvirae;Uroviricota;Caudoviricetes;;
k141_55253	2103	No terminal repeats	NA	1	11	0.8663	NA	1	1.1940	Viruses;Duplodnaviria;Heunggongvirae;Uroviricota;Caudoviricetes;;
k141_49353	10225	No terminal repeats	NA	11	11	0.8661	NA	1	2.2334	Viruses;Monodnaviria;Shotokuvirae;Cressdnaviricota;Arfiviricetes;Cirlivirales;
k141_47272	2667	No terminal repeats	NA	3	11	0.8661	NA	0	1.7049	Viruses;Duplodnaviria;Heunggongvirae;Uroviricota;Caudoviricetes;;
k141_66807	4975	No terminal repeats	NA	5	11	0.8658	NA	0	1.0567	Viruses;Duplodnaviria;Heunggongvirae;Uroviricota;Caudoviricetes;;
k141_57136	8802	No terminal repeats	NA	9	11	0.8653	NA	0	3.4366	Viruses;Duplodnaviria;Heunggongvirae;Uroviricota;Caudoviricetes;;
k141_8515|provirus_64865_73077	8213	Provirus	64865-73077	10	11	0.8652	NA	5	6.8795	Viruses;Duplodnaviria;Heunggongvirae;Uroviricota;Caudoviricetes;;
k141_51559	3901	No terminal repeats	NA	7	11	0.8646	NA	0	1.5257	Viruses;Duplodnaviria;Heunggongvirae;Uroviricota;Caudoviricetes;;
k141_26403	434	No terminal repeats	NA	1	11	0.8642	NA	1	1.6497	Viruses;Duplodnaviria;Heunggongvirae;Uroviricota;Caudoviricetes;;
k141_26913	387	No terminal repeats	NA	1	11	0.8641	NA	1	1.3379	Viruses;Duplodnaviria;Heunggongvirae;Uroviricota;Caudoviricetes;;
k141_4224	898	No terminal repeats	NA	1	11	0.8639	NA	1	1.7183	Viruses;Duplodnaviria;Heunggongvirae;Uroviricota;Caudoviricetes;;
k141_82058	216	No terminal repeats	NA	1	11	0.8639	NA	1	1.3549	Viruses;Duplodnaviria;Heunggongvirae;Uroviricota;Caudoviricetes;;
k141_56279	6452	No terminal repeats	NA	6	11	0.8634	NA	0	1.2957	Viruses;Duplodnaviria;Heunggongvirae;Uroviricota;Caudoviricetes;;
k141_56384	12631	No terminal repeats	NA	13	11	0.8633	NA	0	1.7183	Viruses;Duplodnaviria;Heunggongvirae;Uroviricota;Caudoviricetes;;
k141_51313	894	No terminal repeats	NA	1	11	0.8627	NA	1	1.1304	Viruses;Duplodnaviria;Heunggongvirae;Uroviricota;Caudoviricetes;;
k141_15328	374	No terminal repeats	NA	1	11	0.8624	NA	1	1.3345	Viruses;Duplodnaviria;Heunggongvirae;Uroviricota;Caudoviricetes;;
k141_46178	1642	No terminal repeats	NA	2	11	0.8623	NA	1	2.1930	Viruses;Duplodnaviria;Heunggongvirae;Uroviricota;Caudoviricetes;;
k141_71175	565	No terminal repeats	NA	2	11	0.8605	NA	1	1.3966	Viruses;Duplodnaviria;Heunggongvirae;Uroviricota;Caudoviricetes;;
k141_6236	513	No terminal repeats	NA	2	11	0.8601	NA	1	3.4345	Viruses;Duplodnaviria;Heunggongvirae;Uroviricota;Caudoviricetes;;
k141_50467	368	No terminal repeats	NA	1	11	0.8600	NA	1	1.6802	Viruses;Duplodnaviria;Heunggongvirae;Uroviricota;Caudoviricetes;;
k141_25919	863	No terminal repeats	NA	2	11	0.8600	NA	1	1.7183	Viruses;Duplodnaviria;Heunggongvirae;Uroviricota;Caudoviricetes;;
k141_62452	2858	No terminal repeats	NA	4	11	0.8600	NA	1	2.6615	Viruses;Duplodnaviria;Heunggongvirae;Uroviricota;Caudoviricetes;;
k141_42299	3200	No terminal repeats	NA	3	11	0.8593	NA	0	3.1062	Viruses;Duplodnaviria;Heunggongvirae;Uroviricota;Caudoviricetes;;
k141_81892	5640	No terminal repeats	NA	8	11	0.8589	NA	1	0.9967	Viruses;Monodnaviria;Loebvirae;Hofneiviricota;Faserviricetes;Tubulavirales;Inoviridae
k141_74235	412	No terminal repeats	NA	1	15	0.8586	NA	1	1.7183	Viruses;Duplodnaviria;Heunggongvirae;Uroviricota;Caudoviricetes;;
k141_22740	336	No terminal repeats	NA	1	11	0.8583	NA	1	1.5224	Viruses;Duplodnaviria;Heunggongvirae;Uroviricota;Caudoviricetes;;
k141_71142	15238	No terminal repeats	NA	15	11	0.8568	NA	2	3.7651	Viruses;Duplodnaviria;Heunggongvirae;Uroviricota;Caudoviricetes;;
k141_21877	3246	No terminal repeats	NA	3	11	0.8566	NA	0	1.6611	Viruses;Duplodnaviria;Heunggongvirae;Uroviricota;Caudoviricetes;;
k141_10891	5898	No terminal repeats	NA	12	11	0.8564	NA	1	3.3788	Viruses;Duplodnaviria;Heunggongvirae;Uroviricota;Caudoviricetes;;
k141_55716	454	No terminal repeats	NA	2	11	0.8548	NA	1	1.3276	Viruses;Duplodnaviria;Heunggongvirae;Uroviricota;Caudoviricetes;;
k141_14604	4599	No terminal repeats	NA	10	11	0.8541	NA	0	3.2631	Viruses;Duplodnaviria;Heunggongvirae;Uroviricota;Caudoviricetes;;
k141_70295	3205	No terminal repeats	NA	5	11	0.8538	NA	0	1.7183	Viruses;Duplodnaviria;Heunggongvirae;Uroviricota;Caudoviricetes;;
k141_45370	5052	No terminal repeats	NA	8	11	0.8538	NA	0	1.7183	Viruses;Duplodnaviria;Heunggongvirae;Uroviricota;Caudoviricetes;;
k141_6269	945	No terminal repeats	NA	1	11	0.8535	NA	1	1.1892	Viruses;Duplodnaviria;Heunggongvirae;Uroviricota;Caudoviricetes;;
k141_36750	713	No terminal repeats	NA	1	11	0.8535	NA	1	1.7183	Viruses;Duplodnaviria;Heunggongvirae;Uroviricota;Caudoviricetes;;
k141_70922	826	No terminal repeats	NA	1	11	0.8530	NA	1	1.7158	Viruses;Duplodnaviria;Heunggongvirae;Uroviricota;Caudoviricetes;;
k141_73686	10754	No terminal repeats	NA	10	11	0.8519	NA	1	1.6030	Viruses;Duplodnaviria;Heunggongvirae;Uroviricota;Caudoviricetes;;Kyanoviridae
k141_73141	2667	No terminal repeats	NA	4	11	0.8517	NA	0	2.8663	Viruses;Duplodnaviria;Heunggongvirae;Uroviricota;Caudoviricetes;;
k141_72495	21052	No terminal repeats	NA	16	11	0.8508	NA	0	1.0562	Viruses;Duplodnaviria;Heunggongvirae;Uroviricota;Caudoviricetes;;
k141_68049	1618	No terminal repeats	NA	1	11	0.8505	NA	1	1.3756	Viruses;Duplodnaviria;Heunggongvirae;Uroviricota;Caudoviricetes;;
k141_6606	1306	No terminal repeats	NA	1	11	0.8504	NA	1	1.0886	Viruses;Duplodnaviria;Heunggongvirae;Uroviricota;Caudoviricetes;;
k141_75888	458	No terminal repeats	NA	1	11	0.8496	NA	1	1.7162	Viruses;Duplodnaviria;Heunggongvirae;Uroviricota;Caudoviricetes;;
k141_46900	382	No terminal repeats	NA	1	11	0.8495	NA	1	1.7162	Viruses;Duplodnaviria;Heunggongvirae;Uroviricota;Caudoviricetes;;
k141_25523	529	No terminal repeats	NA	1	11	0.8493	NA	1	1.7183	Viruses;Duplodnaviria;Heunggongvirae;Uroviricota;Caudoviricetes;;
k141_11976	890	No terminal repeats	NA	1	11	0.8489	NA	1	1.2306	Viruses;Duplodnaviria;Heunggongvirae;Uroviricota;Caudoviricetes;;
k141_68270	3002	No terminal repeats	NA	3	11	0.8485	NA	0	1.7183	Viruses;Duplodnaviria;Heunggongvirae;Uroviricota;Caudoviricetes;;
k141_4294	751	No terminal repeats	NA	1	11	0.8484	NA	1	1.7085	Viruses;Duplodnaviria;Heunggongvirae;Uroviricota;Caudoviricetes;;
k141_17832	2622	No terminal repeats	NA	4	11	0.8467	NA	0	2.9663	Viruses;Duplodnaviria;Heunggongvirae;Uroviricota;Caudoviricetes;;
k141_79782	1501	No terminal repeats	NA	2	11	0.8466	NA	1	2.8917	Viruses;Duplodnaviria;Heunggongvirae;Uroviricota;Caudoviricetes;;
k141_31305	2637	No terminal repeats	NA	3	11	0.8465	NA	1	1.7183	Viruses;Duplodnaviria;Heunggongvirae;Uroviricota;Caudoviricetes;;
k141_3255	1205	No terminal repeats	NA	2	11	0.8443	NA	1	1.7183	Viruses;Duplodnaviria;Heunggongvirae;Uroviricota;Caudoviricetes;;
k141_3322	803	No terminal repeats	NA	2	11	0.8441	NA	1	1.5001	Viruses;Duplodnaviria;Heunggongvirae;Uroviricota;Caudoviricetes;;
k141_3634	4437	No terminal repeats	NA	9	11	0.8436	NA	0	1.0585	Unclassified
k141_38060	532	No terminal repeats	NA	1	11	0.8435	NA	1	1.1082	Viruses;Duplodnaviria;Heunggongvirae;Uroviricota;Caudoviricetes;;
k141_51192	5266	No terminal repeats	NA	1	11	0.8435	NA	0	1.7087	Viruses;Duplodnaviria;Heunggongvirae;Uroviricota;Caudoviricetes;;
k141_11554	576	No terminal repeats	NA	2	11	0.8426	NA	1	1.3895	Viruses;Duplodnaviria;Heunggongvirae;Uroviricota;Caudoviricetes;;
k141_27873	7771	No terminal repeats	NA	7	11	0.8426	NA	1	3.1331	Viruses;Duplodnaviria;Heunggongvirae;Uroviricota;Caudoviricetes;;
k141_60895	1576	No terminal repeats	NA	1	11	0.8418	NA	1	1.2306	Viruses;Duplodnaviria;Heunggongvirae;Uroviricota;Caudoviricetes;;
k141_54185	3369	No terminal repeats	NA	2	11	0.8417	NA	0	1.7183	Viruses;Duplodnaviria;Heunggongvirae;Uroviricota;Caudoviricetes;;
k141_27187	808	No terminal repeats	NA	1	11	0.8409	NA	1	1.7135	Viruses;Duplodnaviria;Heunggongvirae;Uroviricota;Caudoviricetes;;
k141_3728	3611	No terminal repeats	NA	5	11	0.8409	NA	0	3.9617	Viruses;Duplodnaviria;Heunggongvirae;Uroviricota;Caudoviricetes;;
k141_64976	8800	No terminal repeats	NA	11	11	0.8408	NA	2	4.9343	Viruses;Duplodnaviria;Heunggongvirae;Uroviricota;Caudoviricetes;;
k141_29759	446	No terminal repeats	NA	1	11	0.8408	NA	1	1.7183	Unclassified
k141_80075	467	No terminal repeats	NA	1	11	0.8405	NA	1	1.6407	Viruses;Duplodnaviria;Heunggongvirae;Uroviricota;Caudoviricetes;;
k141_4604	2618	DTR	NA	6	11	0.8399	NA	0	2.6988	Viruses;Duplodnaviria;Heunggongvirae;Uroviricota;Caudoviricetes;;
k141_50215	789	No terminal repeats	NA	1	11	0.8394	NA	1	1.2306	Viruses;Duplodnaviria;Heunggongvirae;Uroviricota;Caudoviricetes;;
k141_39344	580	No terminal repeats	NA	1	11	0.8393	NA	1	1.5165	Viruses;Duplodnaviria;Heunggongvirae;Uroviricota;Caudoviricetes;;Autographiviridae
k141_7388	2559	No terminal repeats	NA	3	11	0.8391	NA	0	1.7183	Viruses;Duplodnaviria;Heunggongvirae;Uroviricota;Caudoviricetes;;
k141_69540	2767	No terminal repeats	NA	5	11	0.8387	NA	0	2.7906	Viruses;Duplodnaviria;Heunggongvirae;Uroviricota;Caudoviricetes;;
k141_44661	6383	No terminal repeats	NA	9	11	0.8381	NA	0	2.9674	Viruses;Duplodnaviria;Heunggongvirae;Uroviricota;Caudoviricetes;;
k141_29077	410	No terminal repeats	NA	2	11	0.8376	NA	1	1.7183	Viruses;Duplodnaviria;Heunggongvirae;Uroviricota;Caudoviricetes;;
k141_68304	4464	No terminal repeats	NA	5	11	0.8372	NA	0	1.2997	Viruses;Duplodnaviria;Heunggongvirae;Uroviricota;Caudoviricetes;Crassvirales;
k141_51734	1149	No terminal repeats	NA	2	11	0.8371	NA	1	1.6081	Viruses;Duplodnaviria;Heunggongvirae;Uroviricota;Caudoviricetes;;
k141_9407	716	No terminal repeats	NA	1	11	0.8370	NA	1	1.7162	Viruses;Duplodnaviria;Heunggongvirae;Uroviricota;Caudoviricetes;;
k141_50912	1300	No terminal repeats	NA	1	11	0.8361	NA	1	1.3549	Viruses;Duplodnaviria;Heunggongvirae;Uroviricota;Caudoviricetes;;
k141_48219	4940	DTR	NA	4	11	0.8361	NA	0	1.7183	Viruses;Duplodnaviria;Heunggongvirae;Uroviricota;Caudoviricetes;;
k141_75987	40149	No terminal repeats	NA	41	11	0.8337	NA	2	13.6887	Viruses;Duplodnaviria;Heunggongvirae;Uroviricota;Caudoviricetes;;
k141_33676	6547	No terminal repeats	NA	6	11	0.8327	NA	2	4.2408	Viruses;Duplodnaviria;Heunggongvirae;Uroviricota;Caudoviricetes;;
k141_81432	664	No terminal repeats	NA	1	11	0.8322	NA	1	1.6236	Viruses;Duplodnaviria;Heunggongvirae;Uroviricota;Caudoviricetes;;
k141_69480	716	No terminal repeats	NA	1	11	0.8317	NA	1	1.2298	Viruses;Duplodnaviria;Heunggongvirae;Uroviricota;Caudoviricetes;;
k141_54537	8560	No terminal repeats	NA	12	11	0.8314	NA	0	3.2333	Viruses;Duplodnaviria;Heunggongvirae;Uroviricota;Caudoviricetes;;
k141_9620	3909	No terminal repeats	NA	6	11	0.8311	NA	2	2.1897	Viruses;Duplodnaviria;Heunggongvirae;Uroviricota;Caudoviricetes;;
k141_60956	1514	No terminal repeats	NA	1	11	0.8297	NA	1	1.2306	Viruses;Duplodnaviria;Heunggongvirae;Uroviricota;Caudoviricetes;;
k141_58721	323	No terminal repeats	NA	2	11	0.8289	NA	1	1.7183	Viruses;Duplodnaviria;Heunggongvirae;Uroviricota;Caudoviricetes;;
k141_69755	1101	No terminal repeats	NA	2	11	0.8283	NA	1	1.7183	Viruses;Duplodnaviria;Heunggongvirae;Uroviricota;Caudoviricetes;;
k141_18845	1168	No terminal repeats	NA	2	11	0.8277	NA	1	0.9613	Viruses;Monodnaviria;Shotokuvirae;Cressdnaviricota;Arfiviricetes;Cirlivirales;
k141_3030	509	No terminal repeats	NA	2	11	0.8270	NA	1	2.2862	Viruses;Duplodnaviria;Heunggongvirae;Uroviricota;Caudoviricetes;;
k141_80639	4529	No terminal repeats	NA	3	11	0.8269	NA	0	0.0000	Unclassified
k141_59906	616	No terminal repeats	NA	2	11	0.8267	NA	1	1.7155	Viruses;Duplodnaviria;Heunggongvirae;Uroviricota;Caudoviricetes;;
k141_23305	629	No terminal repeats	NA	1	11	0.8262	NA	1	1.1940	Viruses;Duplodnaviria;Heunggongvirae;Uroviricota;Caudoviricetes;;
k141_60842	4278	No terminal repeats	NA	3	11	0.8262	NA	0	0.0000	Unclassified
k141_78781	644	No terminal repeats	NA	1	11	0.8255	NA	1	1.0136	Viruses;Duplodnaviria;Heunggongvirae;Uroviricota;Caudoviricetes;;
k141_2587	1283	No terminal repeats	NA	3	11	0.8247	NA	1	3.4268	Viruses;Duplodnaviria;Heunggongvirae;Uroviricota;Caudoviricetes;;
k141_5376	436	No terminal repeats	NA	2	11	0.8241	NA	1	1.2865	Viruses;Duplodnaviria;Heunggongvirae;Uroviricota;Caudoviricetes;;
k141_57608	7555	No terminal repeats	NA	2	11	0.8235	NA	0	1.2308	Viruses;Duplodnaviria;Heunggongvirae;Uroviricota;Caudoviricetes;;
k141_44898	13410	No terminal repeats	NA	15	11	0.8229	NA	0	4.0609	Viruses;Duplodnaviria;Heunggongvirae;Uroviricota;Caudoviricetes;;
k141_21125	2343	No terminal repeats	NA	1	11	0.8219	NA	1	1.2696	Viruses;Duplodnaviria;Heunggongvirae;Uroviricota;Caudoviricetes;;
k141_78255	481	No terminal repeats	NA	1	11	0.8213	NA	1	1.2484	Viruses;Duplodnaviria;Heunggongvirae;Uroviricota;Caudoviricetes;;
k141_12446	3525	No terminal repeats	NA	2	11	0.8206	NA	0	1.7183	Viruses;Duplodnaviria;Heunggongvirae;Uroviricota;Caudoviricetes;;
k141_70206	481	No terminal repeats	NA	1	11	0.8205	NA	1	1.2931	Viruses;Duplodnaviria;Heunggongvirae;Uroviricota;Caudoviricetes;;
k141_79208	2398	No terminal repeats	NA	3	11	0.8204	NA	1	3.2323	Viruses;Duplodnaviria;Heunggongvirae;Uroviricota;Caudoviricetes;;
k141_39370	17416	No terminal repeats	NA	18	11	0.8201	NA	0	4.3353	Viruses;Duplodnaviria;Heunggongvirae;Uroviricota;Caudoviricetes;;
k141_47112	5107	No terminal repeats	NA	6	11	0.8198	NA	0	2.8486	Viruses;Duplodnaviria;Heunggongvirae;Uroviricota;Caudoviricetes;;
k141_30265	1277	No terminal repeats	NA	2	11	0.8195	NA	1	1.7183	Viruses;Duplodnaviria;Heunggongvirae;Uroviricota;Caudoviricetes;;
k141_44613	2273	No terminal repeats	NA	3	11	0.8195	NA	1	2.4366	Viruses;Duplodnaviria;Heunggongvirae;Uroviricota;Caudoviricetes;;
k141_37338	607	No terminal repeats	NA	1	11	0.8191	NA	1	1.7161	Viruses;Duplodnaviria;Heunggongvirae;Uroviricota;Caudoviricetes;;
k141_19407	3451	No terminal repeats	NA	7	11	0.8190	NA	0	10.1130	Viruses;Duplodnaviria;Heunggongvirae;Uroviricota;Caudoviricetes;;
k141_15988	2545	No terminal repeats	NA	4	11	0.8176	NA	0	1.5659	Viruses;Duplodnaviria;Heunggongvirae;Uroviricota;Caudoviricetes;;
k141_68712	2972	No terminal repeats	NA	4	11	0.8170	NA	0	1.7183	Viruses;Duplodnaviria;Heunggongvirae;Uroviricota;Caudoviricetes;;
k141_72378	727	No terminal repeats	NA	1	11	0.8170	NA	1	0.9355	Viruses;Duplodnaviria;Heunggongvirae;Uroviricota;Caudoviricetes;;
k141_58332	640	No terminal repeats	NA	2	11	0.8169	NA	1	1.4287	Viruses;Duplodnaviria;Heunggongvirae;Uroviricota;Caudoviricetes;;
k141_50133	645	No terminal repeats	NA	2	11	0.8148	NA	1	1.2566	Viruses;Duplodnaviria;Heunggongvirae;Uroviricota;Caudoviricetes;;
k141_32639	1766	No terminal repeats	NA	3	11	0.8147	NA	1	2.6163	Viruses;Duplodnaviria;Heunggongvirae;Uroviricota;Caudoviricetes;;
k141_64422	1504	No terminal repeats	NA	2	11	0.8139	NA	1	1.7183	Viruses;Duplodnaviria;Heunggongvirae;Uroviricota;Caudoviricetes;;
k141_75312	333	No terminal repeats	NA	1	11	0.8122	NA	1	1.4205	Viruses;Duplodnaviria;Heunggongvirae;Uroviricota;Caudoviricetes;;
k141_46133	2642	No terminal repeats	NA	2	11	0.8110	NA	0	1.5269	Viruses;Varidnaviria;Bamfordvirae;Nucleocytoviricota;Pokkesviricetes;Chitovirales;Poxviridae
k141_69628	2834	No terminal repeats	NA	5	11	0.8077	NA	0	2.5868	Viruses;Duplodnaviria;Heunggongvirae;Uroviricota;Caudoviricetes;;
k141_62562	2573	No terminal repeats	NA	3	11	0.8076	NA	2	3.8480	Viruses;Duplodnaviria;Heunggongvirae;Uroviricota;Caudoviricetes;;
k141_71014	1287	No terminal repeats	NA	1	11	0.8076	NA	1	1.7073	Viruses;Duplodnaviria;Heunggongvirae;Uroviricota;Caudoviricetes;;
k141_11192	3442	No terminal repeats	NA	4	11	0.8071	NA	0	0.0000	Unclassified
k141_60853	2575	No terminal repeats	NA	8	11	0.8062	NA	0	4.1962	Viruses;Duplodnaviria;Heunggongvirae;Uroviricota;Caudoviricetes;;
k141_81135	2264	No terminal repeats	NA	2	11	0.8048	NA	1	1.5132	Viruses;Duplodnaviria;Heunggongvirae;Uroviricota;Caudoviricetes;;
k141_30832	661	No terminal repeats	NA	1	11	0.8043	NA	1	1.7183	Viruses;Duplodnaviria;Heunggongvirae;Peploviricota;Herviviricetes;Herpesvirales;Orthoherpesviridae
k141_6319	840	No terminal repeats	NA	1	11	0.8037	NA	1	1.4188	Viruses;Monodnaviria;Loebvirae;Hofneiviricota;Faserviricetes;Tubulavirales;Inoviridae
k141_71660	795	No terminal repeats	NA	1	11	0.8032	NA	1	1.0514	Viruses;Duplodnaviria;Heunggongvirae;Uroviricota;Caudoviricetes;;
k141_30522	15781	No terminal repeats	NA	16	11	0.8030	NA	0	5.2882	Viruses;Duplodnaviria;Heunggongvirae;Uroviricota;Caudoviricetes;;
k141_36724	3434	No terminal repeats	NA	6	11	0.8026	NA	0	1.4566	Viruses;Duplodnaviria;Heunggongvirae;Uroviricota;Caudoviricetes;;
k141_57957	675	No terminal repeats	NA	1	11	0.8022	NA	1	1.2784	Viruses;Duplodnaviria;Heunggongvirae;Uroviricota;Caudoviricetes;;
k141_73501	555	No terminal repeats	NA	2	11	0.8017	NA	1	1.3595	Viruses;Duplodnaviria;Heunggongvirae;Uroviricota;Caudoviricetes;;
k141_52905	992	No terminal repeats	NA	2	11	0.8012	NA	1	1.7183	Viruses;Duplodnaviria;Heunggongvirae;Uroviricota;Caudoviricetes;;
k141_69396	651	No terminal repeats	NA	1	11	0.8008	NA	1	1.3665	Viruses;Duplodnaviria;Heunggongvirae;Uroviricota;Caudoviricetes;;
k141_69820	6526	No terminal repeats	NA	8	11	0.7990	NA	0	1.9227	Viruses;Duplodnaviria;Heunggongvirae;Uroviricota;Caudoviricetes;;
k141_56248	574	No terminal repeats	NA	1	11	0.7990	NA	1	1.5065	Viruses;Duplodnaviria;Heunggongvirae;Uroviricota;Caudoviricetes;;
k141_27128	2945	No terminal repeats	NA	5	11	0.7989	NA	0	1.7183	Viruses;Duplodnaviria;Heunggongvirae;Uroviricota;Caudoviricetes;;
k141_43886	672	No terminal repeats	NA	1	11	0.7978	NA	1	1.7183	Viruses;Duplodnaviria;Heunggongvirae;Uroviricota;Caudoviricetes;;
k141_9899	7980	No terminal repeats	NA	9	11	0.7976	NA	0	2.6140	Viruses;Duplodnaviria;Heunggongvirae;Uroviricota;Caudoviricetes;;
k141_46014	423	No terminal repeats	NA	1	11	0.7974	NA	1	1.5065	Viruses;Duplodnaviria;Heunggongvirae;Uroviricota;Caudoviricetes;;
k141_31114	3567	No terminal repeats	NA	2	11	0.7966	NA	0	1.7183	Viruses;Duplodnaviria;Heunggongvirae;Uroviricota;Caudoviricetes;;
k141_17296	401	No terminal repeats	NA	1	11	0.7963	NA	1	1.5740	Viruses;Duplodnaviria;Heunggongvirae;Uroviricota;Caudoviricetes;;
k141_32871	3049	No terminal repeats	NA	3	11	0.7963	NA	1	1.7183	Viruses;Duplodnaviria;Heunggongvirae;Uroviricota;Caudoviricetes;;
k141_16598	3667	No terminal repeats	NA	2	11	0.7956	NA	0	1.5269	Viruses;Varidnaviria;Bamfordvirae;Nucleocytoviricota;Pokkesviricetes;Chitovirales;Poxviridae
k141_46828	3105	No terminal repeats	NA	5	11	0.7950	NA	0	2.3903	Viruses;Duplodnaviria;Heunggongvirae;Uroviricota;Caudoviricetes;;
k141_61529	13616	No terminal repeats	NA	13	11	0.7944	NA	1	2.3781	Viruses;Duplodnaviria;Heunggongvirae;Uroviricota;Caudoviricetes;;
k141_48565	4630	No terminal repeats	NA	5	11	0.7938	NA	0	1.1066	Unclassified
k141_47146	895	No terminal repeats	NA	1	11	0.7935	NA	1	1.7183	Viruses;Duplodnaviria;Heunggongvirae;Uroviricota;Caudoviricetes;;
k141_81612	25877	No terminal repeats	NA	37	11	0.7934	NA	0	6.6310	Viruses;Duplodnaviria;Heunggongvirae;Uroviricota;Caudoviricetes;;
k141_60588	3256	No terminal repeats	NA	4	11	0.7930	NA	0	2.7566	Viruses;Duplodnaviria;Heunggongvirae;Uroviricota;Caudoviricetes;;
k141_76617	628	No terminal repeats	NA	2	11	0.7929	NA	1	1.4359	Viruses;Duplodnaviria;Heunggongvirae;Uroviricota;Caudoviricetes;;
k141_60424	2257	No terminal repeats	NA	2	11	0.7904	NA	1	1.4800	Viruses;Duplodnaviria;Heunggongvirae;Uroviricota;Caudoviricetes;;Herelleviridae
k141_74450	4414	No terminal repeats	NA	8	11	0.7893	NA	0	3.7696	Viruses;Duplodnaviria;Heunggongvirae;Uroviricota;Caudoviricetes;;
k141_26557	320	No terminal repeats	NA	1	11	0.7878	NA	1	1.5065	Viruses;Duplodnaviria;Heunggongvirae;Uroviricota;Caudoviricetes;;
k141_72687	421	No terminal repeats	NA	1	11	0.7869	NA	1	1.3816	Viruses;Duplodnaviria;Heunggongvirae;Uroviricota;Caudoviricetes;;
k141_65355	1160	No terminal repeats	NA	2	11	0.7867	NA	1	1.7183	Viruses;Duplodnaviria;Heunggongvirae;Uroviricota;Caudoviricetes;;
k141_14156	3230	No terminal repeats	NA	3	11	0.7854	NA	0	1.6986	Viruses;Duplodnaviria;Heunggongvirae;Uroviricota;Caudoviricetes;;
k141_65280	1234	No terminal repeats	NA	3	11	0.7852	NA	1	1.4359	Viruses;Duplodnaviria;Heunggongvirae;Uroviricota;Caudoviricetes;;
k141_78739	313	No terminal repeats	NA	1	11	0.7825	NA	1	1.0136	Viruses;Duplodnaviria;Heunggongvirae;Uroviricota;Caudoviricetes;;
k141_52701	2871	No terminal repeats	NA	4	11	0.7822	NA	1	2.4888	Viruses;Duplodnaviria;Heunggongvirae;Uroviricota;Caudoviricetes;;
k141_52464	18233	No terminal repeats	NA	22	11	0.7820	NA	1	2.9793	Viruses;Duplodnaviria;Heunggongvirae;Uroviricota;Caudoviricetes;;
k141_46981	1043	No terminal repeats	NA	2	11	0.7818	NA	1	2.4437	Viruses;Duplodnaviria;Heunggongvirae;Uroviricota;Caudoviricetes;;
k141_81333	814	No terminal repeats	NA	1	11	0.7815	NA	1	1.7135	Viruses;Duplodnaviria;Heunggongvirae;Uroviricota;Caudoviricetes;;
k141_58554	1373	No terminal repeats	NA	5	11	0.7809	NA	1	0.8914	Viruses;Duplodnaviria;Heunggongvirae;Uroviricota;Caudoviricetes;;
k141_74031	522	No terminal repeats	NA	1	11	0.7808	NA	1	1.2618	Viruses;Duplodnaviria;Heunggongvirae;Uroviricota;Caudoviricetes;;
k141_24071	802	No terminal repeats	NA	2	11	0.7802	NA	1	1.5762	Viruses;Duplodnaviria;Heunggongvirae;Uroviricota;Caudoviricetes;;
k141_52808	428	No terminal repeats	NA	1	11	0.7794	NA	1	1.1702	Viruses;Duplodnaviria;Heunggongvirae;Uroviricota;Caudoviricetes;;
k141_65510	1175	No terminal repeats	NA	2	11	0.7788	NA	1	1.4689	Viruses;Duplodnaviria;Heunggongvirae;Uroviricota;Caudoviricetes;;
k141_58217	3779	No terminal repeats	NA	2	11	0.7776	NA	0	1.5269	Viruses;Varidnaviria;Bamfordvirae;Nucleocytoviricota;Pokkesviricetes;Chitovirales;Poxviridae
k141_70901	605	No terminal repeats	NA	1	11	0.7766	NA	1	1.3160	Viruses;Duplodnaviria;Heunggongvirae;Uroviricota;Caudoviricetes;;
k141_58552	1371	No terminal repeats	NA	5	11	0.7763	NA	1	0.8914	Viruses;Duplodnaviria;Heunggongvirae;Uroviricota;Caudoviricetes;;
k141_59135	1002	No terminal repeats	NA	1	11	0.7758	NA	1	1.7136	Viruses;Duplodnaviria;Heunggongvirae;Uroviricota;Caudoviricetes;;
k141_72697	2593	No terminal repeats	NA	1	11	0.7758	NA	0	0.0000	Unclassified
k141_68821	858	No terminal repeats	NA	2	11	0.7736	NA	1	1.3258	Viruses;Duplodnaviria;Heunggongvirae;Uroviricota;Caudoviricetes;;
k141_19800	2537	No terminal repeats	NA	2	11	0.7730	NA	0	0.0000	Unclassified
k141_21856	485	No terminal repeats	NA	1	11	0.7727	NA	1	1.7157	Viruses;Duplodnaviria;Heunggongvirae;Uroviricota;Caudoviricetes;;
k141_62468	441	No terminal repeats	NA	1	11	0.7726	NA	1	1.4422	Viruses;Duplodnaviria;Heunggongvirae;Uroviricota;Caudoviricetes;;
k141_78927	2738	No terminal repeats	NA	3	11	0.7720	NA	0	0.0000	Unclassified
k141_57840	682	No terminal repeats	NA	2	11	0.7712	NA	2	3.0753	Viruses;Duplodnaviria;Heunggongvirae;Uroviricota;Caudoviricetes;;
k141_38663	1413	No terminal repeats	NA	2	11	0.7710	NA	1	1.7183	Viruses;Duplodnaviria;Heunggongvirae;Uroviricota;Caudoviricetes;;
k141_5702	878	No terminal repeats	NA	2	11	0.7706	NA	1	3.2072	Viruses;Duplodnaviria;Heunggongvirae;Uroviricota;Caudoviricetes;;
k141_82425	10934	No terminal repeats	NA	13	11	0.7705	NA	0	5.6937	Viruses;Duplodnaviria;Heunggongvirae;Uroviricota;Caudoviricetes;;
k141_33287	1034	No terminal repeats	NA	4	11	0.7703	NA	1	2.6575	Viruses;Duplodnaviria;Heunggongvirae;Uroviricota;Caudoviricetes;;
k141_72266	2864	No terminal repeats	NA	3	11	0.7697	NA	0	0.0000	Unclassified
k141_32487	6897	No terminal repeats	NA	6	11	0.7695	NA	1	1.7183	Viruses;Duplodnaviria;Heunggongvirae;Uroviricota;Caudoviricetes;;
k141_77652	3165	No terminal repeats	NA	2	11	0.7687	NA	0	1.7183	Viruses;Duplodnaviria;Heunggongvirae;Uroviricota;Caudoviricetes;;
k141_23734	2903	No terminal repeats	NA	4	11	0.7675	NA	0	1.7183	Viruses;Duplodnaviria;Heunggongvirae;Uroviricota;Caudoviricetes;;
k141_77375|provirus_314_17481	17168	Provirus	314-17481	22	11	0.7673	NA	1	4.9206	Viruses;Duplodnaviria;Heunggongvirae;Uroviricota;Caudoviricetes;;
k141_75732	11204	No terminal repeats	NA	8	11	0.7669	NA	0	2.5389	Viruses;Duplodnaviria;Heunggongvirae;Uroviricota;Caudoviricetes;;
k141_25532	4139	No terminal repeats	NA	3	11	0.7664	NA	1	1.2306	Viruses;Duplodnaviria;Heunggongvirae;Uroviricota;Caudoviricetes;;
k141_2160	675	No terminal repeats	NA	2	11	0.7660	NA	1	1.7183	Unclassified
k141_49895	3998	No terminal repeats	NA	4	11	0.7658	NA	0	2.3551	Viruses;Duplodnaviria;Heunggongvirae;Uroviricota;Caudoviricetes;;
k141_72379	8034	No terminal repeats	NA	5	11	0.7654	NA	0	0.0000	Unclassified
k141_63510	6057	No terminal repeats	NA	1	11	0.7647	NA	0	0.0000	Unclassified
k141_47977	6115	No terminal repeats	NA	6	11	0.7643	NA	0	1.0897	Viruses;Duplodnaviria;Heunggongvirae;Uroviricota;Caudoviricetes;;
k141_9571	4412	No terminal repeats	NA	6	11	0.7626	NA	0	0.0000	Unclassified
k141_2312	3487	No terminal repeats	NA	1	11	0.7625	NA	0	0.0000	Unclassified
k141_20738	4453	No terminal repeats	NA	5	11	0.7624	NA	1	2.9489	Viruses;Duplodnaviria;Heunggongvirae;Uroviricota;Caudoviricetes;;
k141_5840	877	No terminal repeats	NA	1	11	0.7621	NA	1	1.7136	Viruses;Duplodnaviria;Heunggongvirae;Uroviricota;Caudoviricetes;;
k141_68571	1373	No terminal repeats	NA	2	11	0.7614	NA	1	1.7183	Viruses;Duplodnaviria;Heunggongvirae;Uroviricota;Caudoviricetes;;
k141_34938	5683	No terminal repeats	NA	5	11	0.7607	NA	0	1.7183	Viruses;Duplodnaviria;Heunggongvirae;Uroviricota;Caudoviricetes;;
k141_12201	3542	No terminal repeats	NA	6	11	0.7606	NA	0	2.7906	Viruses;Duplodnaviria;Heunggongvirae;Uroviricota;Caudoviricetes;;
k141_71395	968	No terminal repeats	NA	2	11	0.7600	NA	1	1.4634	Viruses;Duplodnaviria;Heunggongvirae;Uroviricota;Caudoviricetes;;
k141_3727	5447	No terminal repeats	NA	4	11	0.7600	NA	1	1.4850	Viruses;Duplodnaviria;Heunggongvirae;Uroviricota;Caudoviricetes;;
k141_47529	5294	No terminal repeats	NA	4	11	0.7591	NA	0	0.0000	Unclassified
k141_80822	766	No terminal repeats	NA	1	11	0.7590	NA	1	1.7126	Viruses;Duplodnaviria;Heunggongvirae;Uroviricota;Caudoviricetes;;
k141_53714	14073	No terminal repeats	NA	6	11	0.7587	NA	0	0.0000	Unclassified
k141_10225	2868	No terminal repeats	NA	3	11	0.7585	NA	0	1.5768	Viruses;Duplodnaviria;Heunggongvirae;Uroviricota;Caudoviricetes;;Mesyanzhinovviridae
k141_45680	5783	No terminal repeats	NA	6	11	0.7576	NA	0	0.0000	Unclassified
k141_18205	348	No terminal repeats	NA	1	11	0.7575	NA	1	1.5065	Viruses;Duplodnaviria;Heunggongvirae;Uroviricota;Caudoviricetes;;
k141_2180	4585	No terminal repeats	NA	7	11	0.7570	NA	0	2.3551	Viruses;Duplodnaviria;Heunggongvirae;Uroviricota;Caudoviricetes;;
k141_60875	543	No terminal repeats	NA	1	11	0.7563	NA	1	1.2605	Viruses;Duplodnaviria;Heunggongvirae;Uroviricota;Caudoviricetes;;
k141_27594	5187	No terminal repeats	NA	6	11	0.7560	NA	0	0.7458	Viruses;Duplodnaviria;Heunggongvirae;Uroviricota;Caudoviricetes;;
k141_34366	10632	No terminal repeats	NA	11	11	0.7554	NA	0	2.3711	Viruses;Duplodnaviria;Heunggongvirae;Uroviricota;Caudoviricetes;;
k141_37254	11011	No terminal repeats	NA	17	11	0.7553	NA	2	3.3284	Viruses;Duplodnaviria;Heunggongvirae;Uroviricota;Caudoviricetes;;
k141_17367	4611	No terminal repeats	NA	5	11	0.7551	NA	2	3.4366	Viruses;Duplodnaviria;Heunggongvirae;Uroviricota;Caudoviricetes;;
k141_26864	10934	No terminal repeats	NA	9	11	0.7540	NA	1	1.7136	Viruses;Duplodnaviria;Heunggongvirae;Uroviricota;Caudoviricetes;;
k141_37904	939	No terminal repeats	NA	1	11	0.7532	NA	1	1.2751	Viruses;Duplodnaviria;Heunggongvirae;Uroviricota;Caudoviricetes;;
k141_17546	1368	No terminal repeats	NA	3	11	0.7531	NA	1	1.2306	Viruses;Duplodnaviria;Heunggongvirae;Uroviricota;Caudoviricetes;;
k141_35289	2144	No terminal repeats	NA	3	11	0.7525	NA	1	1.9316	Viruses;Duplodnaviria;Heunggongvirae;Uroviricota;Caudoviricetes;;
k141_69184	2744	No terminal repeats	NA	1	11	0.7523	NA	0	1.5269	Viruses;Varidnaviria;Bamfordvirae;Nucleocytoviricota;Pokkesviricetes;Chitovirales;Poxviridae
k141_81860	2675	No terminal repeats	NA	4	11	0.7521	NA	0	0.8868	Unclassified
k141_7516	4297	No terminal repeats	NA	2	11	0.7520	NA	0	0.0000	Unclassified
k141_28589	358	No terminal repeats	NA	1	11	0.7518	NA	1	0.9308	Viruses;Duplodnaviria;Heunggongvirae;Uroviricota;Caudoviricetes;;
k141_13093	6800	No terminal repeats	NA	8	11	0.7517	NA	0	0.0000	Unclassified
k141_66668	5588	No terminal repeats	NA	14	11	0.7514	NA	0	3.8728	Viruses;Duplodnaviria;Heunggongvirae;Uroviricota;Caudoviricetes;;
k141_72680	11061	No terminal repeats	NA	11	11	0.7503	NA	0	2.7498	Viruses;Duplodnaviria;Heunggongvirae;Uroviricota;Caudoviricetes;;
k141_49269	327	No terminal repeats	NA	1	11	0.7503	NA	1	1.3345	Viruses;Duplodnaviria;Heunggongvirae;Uroviricota;Caudoviricetes;;
k141_34825	8337	No terminal repeats	NA	8	11	0.7498	NA	0	3.1270	Unclassified
k141_12860	10457	No terminal repeats	NA	8	11	0.7497	NA	0	1.7183	Viruses;Duplodnaviria;Heunggongvirae;Uroviricota;Caudoviricetes;;
k141_13746	3452	No terminal repeats	NA	5	11	0.7496	NA	1	1.2306	Viruses;Duplodnaviria;Heunggongvirae;Uroviricota;Caudoviricetes;;
k141_14477	1463	No terminal repeats	NA	2	11	0.7496	NA	2	2.5327	Viruses;Duplodnaviria;Heunggongvirae;Uroviricota;Caudoviricetes;;
k141_29104	1975	No terminal repeats	NA	3	11	0.7492	NA	1	1.2306	Viruses;Duplodnaviria;Heunggongvirae;Uroviricota;Caudoviricetes;;
k141_12160	809	No terminal repeats	NA	1	11	0.7480	NA	1	1.7183	Unclassified
k141_40019	2769	No terminal repeats	NA	2	11	0.7478	NA	0	1.7183	Viruses;Duplodnaviria;Heunggongvirae;Uroviricota;Caudoviricetes;;
k141_17407	625	No terminal repeats	NA	2	11	0.7463	NA	1	1.7183	Viruses;Duplodnaviria;Heunggongvirae;Uroviricota;Caudoviricetes;;
k141_15389	6749	No terminal repeats	NA	4	11	0.7458	NA	1	1.7183	Viruses;Duplodnaviria;Heunggongvirae;Uroviricota;Caudoviricetes;;
k141_61353	1054	No terminal repeats	NA	2	11	0.7456	NA	1	1.7183	Viruses;Duplodnaviria;Heunggongvirae;Uroviricota;Caudoviricetes;;
k141_22725	638	No terminal repeats	NA	1	11	0.7449	NA	1	1.4005	Viruses;Duplodnaviria;Heunggongvirae;Uroviricota;Caudoviricetes;;
k141_31867	6105	No terminal repeats	NA	5	11	0.7445	NA	1	1.7183	Viruses;Duplodnaviria;Heunggongvirae;Uroviricota;Caudoviricetes;;
k141_75864	6773	No terminal repeats	NA	7	11	0.7444	NA	1	2.5800	Viruses;Duplodnaviria;Heunggongvirae;Uroviricota;Caudoviricetes;;
k141_54989	2776	No terminal repeats	NA	3	11	0.7433	NA	1	1.6030	Viruses;Duplodnaviria;Heunggongvirae;Uroviricota;Caudoviricetes;;Kyanoviridae
k141_13428	3282	No terminal repeats	NA	1	11	0.7429	NA	0	0.0000	Unclassified
k141_61344	5122	No terminal repeats	NA	5	11	0.7424	NA	0	1.7183	Viruses;Duplodnaviria;Heunggongvirae;Uroviricota;Caudoviricetes;;
k141_49554	1407	No terminal repeats	NA	2	11	0.7423	NA	1	1.3345	Viruses;Duplodnaviria;Heunggongvirae;Uroviricota;Caudoviricetes;;
k141_37389	571	No terminal repeats	NA	2	11	0.7409	NA	1	1.3009	Viruses;Duplodnaviria;Heunggongvirae;Uroviricota;Caudoviricetes;;
k141_22835	3627	No terminal repeats	NA	10	11	0.7405	NA	0	0.0000	Unclassified
k141_79805	8129	No terminal repeats	NA	6	11	0.7403	NA	0	0.0000	Unclassified
k141_71140	2965	No terminal repeats	NA	2	11	0.7401	NA	0	1.7183	Viruses;Duplodnaviria;Heunggongvirae;Uroviricota;Caudoviricetes;;
k141_55274	1907	No terminal repeats	NA	1	11	0.7399	NA	1	1.2997	Viruses;Duplodnaviria;Heunggongvirae;Uroviricota;Caudoviricetes;;
k141_48207	1220	No terminal repeats	NA	3	11	0.7396	NA	1	1.7174	Viruses;Duplodnaviria;Heunggongvirae;Uroviricota;Caudoviricetes;;
k141_47969	3459	No terminal repeats	NA	3	11	0.7395	NA	0	0.0000	Unclassified
k141_33415	3973	No terminal repeats	NA	3	11	0.7391	NA	0	4.9435	Viruses;Duplodnaviria;Heunggongvirae;Uroviricota;Caudoviricetes;;
k141_9326	2684	No terminal repeats	NA	1	11	0.7385	NA	0	0.0000	Unclassified
k141_3966	3829	No terminal repeats	NA	6	11	0.7382	NA	0	1.2376	Viruses;Duplodnaviria;Heunggongvirae;Uroviricota;Caudoviricetes;;
k141_3768	2712	No terminal repeats	NA	5	11	0.7380	NA	0	1.2376	Viruses;Duplodnaviria;Heunggongvirae;Uroviricota;Caudoviricetes;;
k141_56626	755	No terminal repeats	NA	1	11	0.7379	NA	1	1.3704	Viruses;Duplodnaviria;Heunggongvirae;Uroviricota;Caudoviricetes;;
k141_8854	1259	No terminal repeats	NA	1	11	0.7348	NA	1	1.6407	Viruses;Duplodnaviria;Heunggongvirae;Uroviricota;Caudoviricetes;;
k141_80191	619	No terminal repeats	NA	1	11	0.7345	NA	1	1.2931	Viruses;Duplodnaviria;Heunggongvirae;Uroviricota;Caudoviricetes;;
k141_25713	3331	No terminal repeats	NA	5	11	0.7343	NA	0	3.2606	Viruses;Duplodnaviria;Heunggongvirae;Uroviricota;Caudoviricetes;;
k141_64125	786	No terminal repeats	NA	2	11	0.7341	NA	1	1.3308	Viruses;Duplodnaviria;Heunggongvirae;Uroviricota;Caudoviricetes;;
k141_37950	3543	No terminal repeats	NA	6	11	0.7335	NA	1	4.2267	Viruses;Duplodnaviria;Heunggongvirae;Uroviricota;Caudoviricetes;;
k141_59700	4059	No terminal repeats	NA	5	11	0.7330	NA	2	6.0062	Viruses;Duplodnaviria;Heunggongvirae;Uroviricota;Caudoviricetes;;
k141_2400	5937	No terminal repeats	NA	8	11	0.7327	NA	3	9.1495	Viruses;Duplodnaviria;Heunggongvirae;Uroviricota;Caudoviricetes;;
k141_31343	604	No terminal repeats	NA	1	11	0.7327	NA	1	1.6729	Viruses;Duplodnaviria;Heunggongvirae;Uroviricota;Caudoviricetes;;
k141_34446	650	No terminal repeats	NA	1	11	0.7326	NA	1	1.1776	Viruses;Duplodnaviria;Heunggongvirae;Uroviricota;Caudoviricetes;;
k141_72001	2316	No terminal repeats	NA	5	11	0.7320	NA	2	2.9844	Viruses;Duplodnaviria;Heunggongvirae;Uroviricota;Caudoviricetes;;
k141_49130	3774	No terminal repeats	NA	8	11	0.7315	NA	0	0.8144	Viruses;Duplodnaviria;Heunggongvirae;Uroviricota;Caudoviricetes;;
k141_3201	2185	No terminal repeats	NA	5	11	0.7313	NA	1	1.7183	Viruses;Duplodnaviria;Heunggongvirae;Uroviricota;Caudoviricetes;;
k141_7523	1006	No terminal repeats	NA	2	11	0.7311	NA	1	1.2306	Viruses;Duplodnaviria;Heunggongvirae;Uroviricota;Caudoviricetes;;
k141_78738	9252	No terminal repeats	NA	5	11	0.7310	NA	0	0.0000	Unclassified
k141_62296	3265	No terminal repeats	NA	4	11	0.7299	NA	0	3.1577	Viruses;Duplodnaviria;Heunggongvirae;Uroviricota;Caudoviricetes;;
k141_51833	5548	No terminal repeats	NA	8	11	0.7282	NA	0	3.0863	Viruses;Duplodnaviria;Heunggongvirae;Uroviricota;Caudoviricetes;;
k141_23844	4764	No terminal repeats	NA	6	11	0.7281	NA	0	0.8314	Viruses;Duplodnaviria;Heunggongvirae;Uroviricota;Caudoviricetes;;
k141_55498|provirus_23090_38251	15162	Provirus	23090-38251	18	11	0.7281	NA	0	5.2867	Viruses;Duplodnaviria;Heunggongvirae;Uroviricota;Caudoviricetes;;
k141_51885	3976	No terminal repeats	NA	3	11	0.7274	NA	0	1.7183	Viruses;Duplodnaviria;Heunggongvirae;Uroviricota;Caudoviricetes;;
k141_8536	3696	No terminal repeats	NA	10	11	0.7272	NA	0	0.0000	Unclassified
k141_23275	6992	No terminal repeats	NA	7	11	0.7268	NA	0	3.4366	Viruses;Duplodnaviria;Heunggongvirae;Uroviricota;Caudoviricetes;;
k141_19206	3788	No terminal repeats	NA	4	11	0.7249	NA	0	1.7183	Viruses;Duplodnaviria;Heunggongvirae;Uroviricota;Caudoviricetes;;
k141_8888	987	No terminal repeats	NA	1	11	0.7248	NA	1	1.7136	Viruses;Duplodnaviria;Heunggongvirae;Uroviricota;Caudoviricetes;;
k141_12955	2729	No terminal repeats	NA	5	11	0.7246	NA	0	0.5754	Viruses;Duplodnaviria;Heunggongvirae;Uroviricota;Caudoviricetes;;
k141_31150	326	No terminal repeats	NA	1	11	0.7243	NA	1	1.5534	Viruses;Duplodnaviria;Heunggongvirae;Uroviricota;Caudoviricetes;;
k141_48698	432	No terminal repeats	NA	1	11	0.7232	NA	1	1.2856	Viruses;Duplodnaviria;Heunggongvirae;Uroviricota;Caudoviricetes;;
k141_24604	749	No terminal repeats	NA	1	11	0.7231	NA	1	1.2640	Viruses;Duplodnaviria;Heunggongvirae;Uroviricota;Caudoviricetes;;
k141_72370	2507	No terminal repeats	NA	1	11	0.7231	NA	0	0.0000	Unclassified
k141_14820	1502	No terminal repeats	NA	2	11	0.7215	NA	1	1.7183	Viruses;Duplodnaviria;Heunggongvirae;Uroviricota;Caudoviricetes;;
k141_76586	4128	No terminal repeats	NA	2	11	0.7213	NA	0	0.0000	Unclassified
k141_68536	5655	No terminal repeats	NA	6	11	0.7213	NA	0	0.8314	Viruses;Duplodnaviria;Heunggongvirae;Uroviricota;Caudoviricetes;;
k141_67673	3706	No terminal repeats	NA	2	11	0.7203	NA	0	1.7183	Unclassified
k141_9676	3404	No terminal repeats	NA	4	11	0.7195	NA	0	1.2729	Viruses;Monodnaviria;Shotokuvirae;Cressdnaviricota;Arfiviricetes;Cirlivirales;Circoviridae
k141_12401	5873	No terminal repeats	NA	4	11	0.7192	NA	0	0.0000	Unclassified
k141_26845	3561	No terminal repeats	NA	6	11	0.7191	NA	0	2.4620	Viruses;Duplodnaviria;Heunggongvirae;Uroviricota;Caudoviricetes;;
k141_48907	3397	No terminal repeats	NA	2	11	0.7189	NA	0	0.0000	Unclassified
k141_664	3264	No terminal repeats	NA	2	11	0.7159	NA	0	0.0000	Unclassified
k141_58597	3244	No terminal repeats	NA	3	11	0.7159	NA	0	1.7183	Viruses;Duplodnaviria;Heunggongvirae;Uroviricota;Caudoviricetes;;
k141_72491	3542	No terminal repeats	NA	6	11	0.7150	NA	0	0.2035	Viruses;Duplodnaviria;Heunggongvirae;Uroviricota;Caudoviricetes;;
k141_51501	2920	No terminal repeats	NA	4	11	0.7144	NA	0	0.0000	Unclassified
k141_43179	5813	No terminal repeats	NA	7	11	0.7141	NA	0	3.2599	Viruses;Duplodnaviria;Heunggongvirae;Uroviricota;Caudoviricetes;;
k141_50414	2073	No terminal repeats	NA	4	11	0.7137	NA	1	0.9355	Viruses;Duplodnaviria;Heunggongvirae;Uroviricota;Caudoviricetes;;
k141_38948	4357	No terminal repeats	NA	4	11	0.7126	NA	0	0.0000	Unclassified
k141_71942	3312	No terminal repeats	NA	1	11	0.7121	NA	0	0.6160	Viruses;Duplodnaviria;Heunggongvirae;Uroviricota;Caudoviricetes;;
k141_10405	2849	No terminal repeats	NA	3	11	0.7114	NA	0	1.7183	Viruses;Duplodnaviria;Heunggongvirae;Uroviricota;Caudoviricetes;;
k141_79961	5357	No terminal repeats	NA	10	11	0.7114	NA	1	2.9957	Viruses;Monodnaviria;Loebvirae;Hofneiviricota;Faserviricetes;Tubulavirales;Inoviridae
k141_79379	8304	No terminal repeats	NA	9	11	0.7114	NA	0	3.4366	Viruses;Duplodnaviria;Heunggongvirae;Uroviricota;Caudoviricetes;;
k141_23336	638	No terminal repeats	NA	2	11	0.7100	NA	1	1.6902	Viruses;Duplodnaviria;Heunggongvirae;Uroviricota;Caudoviricetes;;
k141_49351	751	No terminal repeats	NA	3	11	0.7099	NA	1	1.7183	Viruses;Duplodnaviria;Heunggongvirae;Uroviricota;Caudoviricetes;;
k141_18072	535	No terminal repeats	NA	2	11	0.7097	NA	1	1.7122	Viruses;Duplodnaviria;Heunggongvirae;Uroviricota;Caudoviricetes;;
k141_19312	2671	No terminal repeats	NA	1	11	0.7083	NA	0	0.0000	Unclassified
k141_4717	698	No terminal repeats	NA	1	11	0.7061	NA	1	1.4359	Viruses;Duplodnaviria;Heunggongvirae;Uroviricota;Caudoviricetes;;
k141_10114	520	No terminal repeats	NA	2	11	0.7053	NA	1	1.0751	Viruses;Duplodnaviria;Heunggongvirae;Uroviricota;Caudoviricetes;;
k141_76547	8854	No terminal repeats	NA	12	11	0.7049	NA	0	2.2751	Viruses;Duplodnaviria;Heunggongvirae;Uroviricota;Caudoviricetes;;
k141_51012	3121	No terminal repeats	NA	7	11	0.7045	NA	0	0.8891	Viruses;Duplodnaviria;Heunggongvirae;Uroviricota;Caudoviricetes;;
k141_5391	4135	No terminal repeats	NA	3	11	0.7044	NA	0	0.0000	Unclassified
k141_18926	6342	No terminal repeats	NA	13	11	0.7036	NA	0	1.6309	Viruses;Duplodnaviria;Heunggongvirae;Uroviricota;Caudoviricetes;;
k141_47373	3669	No terminal repeats	NA	5	11	0.7033	NA	3	6.2164	Viruses;Duplodnaviria;Heunggongvirae;Uroviricota;Caudoviricetes;;
k141_69236	574	No terminal repeats	NA	3	11	0.7008	NA	1	1.5876	Viruses;Duplodnaviria;Heunggongvirae;Uroviricota;Caudoviricetes;;
k141_27971	467	No terminal repeats	NA	1	11	0.7006	NA	1	1.7065	Viruses;Duplodnaviria;Heunggongvirae;Uroviricota;Caudoviricetes;;
k141_50974	3581	No terminal repeats	NA	2	11	0.7005	NA	0	0.0000	Unclassified
