seq_name	length	topology	coordinates	n_genes	genetic_code	virus_score	fdr	n_hallmarks	marker_enrichment	taxonomy
ERR2726406_855	5048	No terminal repeats	NA	13	11	0.9834	NA	2	20.7299	Viruses;Duplodnaviria;Heunggongvirae;Uroviricota;Caudoviricetes;;
ERR2726406_30459	3659	No terminal repeats	NA	6	11	0.9832	NA	2	9.6806	Viruses;Duplodnaviria;Heunggongvirae;Uroviricota;Caudoviricetes;;
ERR2726406_8325	4774	No terminal repeats	NA	10	11	0.9830	NA	0	11.1731	Viruses;Duplodnaviria;Heunggongvirae;Uroviricota;Caudoviricetes;;
ERR2726406_27515	4754	No terminal repeats	NA	6	11	0.9830	NA	5	9.6919	Viruses;Duplodnaviria;Heunggongvirae;Uroviricota;Caudoviricetes;;
ERR2726406_196	21173	No terminal repeats	NA	23	11	0.9828	NA	13	37.7806	Viruses;Duplodnaviria;Heunggongvirae;Uroviricota;Caudoviricetes;;
ERR2726406_27435	5741	No terminal repeats	NA	12	11	0.9826	NA	0	12.1988	Viruses;Duplodnaviria;Heunggongvirae;Uroviricota;Caudoviricetes;;
ERR2726406_39336	5989	No terminal repeats	NA	11	11	0.9826	NA	5	13.7395	Viruses;Duplodnaviria;Heunggongvirae;Uroviricota;Caudoviricetes;;
ERR2726406_16576	8032	No terminal repeats	NA	11	11	0.9826	NA	4	12.3116	Viruses;Duplodnaviria;Heunggongvirae;Uroviricota;Caudoviricetes;;
ERR2726406_35075	8789	No terminal repeats	NA	8	11	0.9825	NA	2	12.9292	Viruses;Duplodnaviria;Heunggongvirae;Uroviricota;Caudoviricetes;;
ERR2726406_32062	5221	No terminal repeats	NA	14	11	0.9825	NA	1	17.5181	Viruses;Duplodnaviria;Heunggongvirae;Uroviricota;Caudoviricetes;;
ERR2726406_120101	5052	No terminal repeats	NA	5	11	0.9825	NA	0	8.5385	Viruses;Duplodnaviria;Heunggongvirae;Uroviricota;Caudoviricetes;;
ERR2726406_27491	6038	No terminal repeats	NA	7	11	0.9825	NA	2	10.0873	Viruses;Duplodnaviria;Heunggongvirae;Uroviricota;Caudoviricetes;;
ERR2726406_8656	7972	No terminal repeats	NA	9	11	0.9823	NA	4	14.2013	Viruses;Duplodnaviria;Heunggongvirae;Uroviricota;Caudoviricetes;;
ERR2726406_1032	13364	No terminal repeats	NA	16	11	0.9823	NA	5	24.3025	Viruses;Duplodnaviria;Heunggongvirae;Uroviricota;Caudoviricetes;;
ERR2726406_19527	5641	No terminal repeats	NA	11	11	0.9823	NA	3	15.4645	Viruses;Duplodnaviria;Heunggongvirae;Uroviricota;Caudoviricetes;;
ERR2726406_26806	3443	No terminal repeats	NA	8	11	0.9821	NA	5	12.0223	Viruses;Duplodnaviria;Heunggongvirae;Uroviricota;Caudoviricetes;;
ERR2726406_1624	9280	No terminal repeats	NA	12	11	0.9820	NA	2	19.9957	Viruses;Duplodnaviria;Heunggongvirae;Uroviricota;Caudoviricetes;;
ERR2726406_4277	5141	No terminal repeats	NA	5	11	0.9818	NA	0	8.2763	Viruses;Duplodnaviria;Heunggongvirae;Uroviricota;Caudoviricetes;;
ERR2726406_3977	4401	No terminal repeats	NA	8	11	0.9818	NA	1	12.0308	Viruses;Duplodnaviria;Heunggongvirae;Uroviricota;Caudoviricetes;;
ERR2726406_7291	38393	No terminal repeats	NA	55	11	0.9817	NA	13	60.7493	Viruses;Duplodnaviria;Heunggongvirae;Uroviricota;Caudoviricetes;;
ERR2726406_4829	7256	No terminal repeats	NA	9	11	0.9817	NA	4	13.3770	Viruses;Duplodnaviria;Heunggongvirae;Uroviricota;Caudoviricetes;;
ERR2726406_24871	5183	No terminal repeats	NA	6	11	0.9816	NA	2	9.7417	Viruses;Duplodnaviria;Heunggongvirae;Uroviricota;Caudoviricetes;;
ERR2726406_28953	6845	No terminal repeats	NA	16	11	0.9816	NA	1	21.1568	Viruses;Duplodnaviria;Heunggongvirae;Uroviricota;Caudoviricetes;;
ERR2726406_49801	3196	No terminal repeats	NA	6	11	0.9816	NA	0	8.0213	Viruses;Duplodnaviria;Heunggongvirae;Uroviricota;Caudoviricetes;;
ERR2726406_42443	3186	No terminal repeats	NA	6	11	0.9816	NA	1	8.5914	Viruses;Duplodnaviria;Heunggongvirae;Uroviricota;Caudoviricetes;;
ERR2726406_8203	7173	No terminal repeats	NA	6	11	0.9816	NA	2	6.1983	Viruses;Duplodnaviria;Heunggongvirae;Uroviricota;Caudoviricetes;;
ERR2726406_2136	26446	No terminal repeats	NA	35	11	0.9814	NA	9	53.1769	Viruses;Duplodnaviria;Heunggongvirae;Uroviricota;Caudoviricetes;;
ERR2726406_11136	4498	No terminal repeats	NA	6	11	0.9814	NA	1	8.6397	Viruses;Duplodnaviria;Heunggongvirae;Uroviricota;Caudoviricetes;;
ERR2726406_565	37747	No terminal repeats	NA	55	11	0.9813	NA	18	61.4863	Viruses;Duplodnaviria;Heunggongvirae;Uroviricota;Caudoviricetes;;
ERR2726406_23861	3459	No terminal repeats	NA	8	11	0.9813	NA	3	10.9728	Viruses;Duplodnaviria;Heunggongvirae;Uroviricota;Caudoviricetes;;
ERR2726406_15265	19435	No terminal repeats	NA	23	11	0.9813	NA	12	33.6528	Viruses;Duplodnaviria;Heunggongvirae;Uroviricota;Caudoviricetes;;
ERR2726406_11454	13516	No terminal repeats	NA	20	11	0.9812	NA	3	25.0445	Viruses;Duplodnaviria;Heunggongvirae;Uroviricota;Caudoviricetes;;
ERR2726406_12311	21619	No terminal repeats	NA	25	11	0.9812	NA	7	35.6559	Viruses;Duplodnaviria;Heunggongvirae;Uroviricota;Caudoviricetes;;
ERR2726406_29816	13927	No terminal repeats	NA	19	11	0.9812	NA	2	19.1589	Viruses;Duplodnaviria;Heunggongvirae;Uroviricota;Caudoviricetes;;
ERR2726406_4603	27227	No terminal repeats	NA	38	11	0.9811	NA	5	26.2551	Viruses;Duplodnaviria;Heunggongvirae;Uroviricota;Caudoviricetes;;
ERR2726406_4680|provirus_2_31797	31796	Provirus	2-31797	49	11	0.9811	NA	8	63.0346	Viruses;Duplodnaviria;Heunggongvirae;Uroviricota;Caudoviricetes;;
ERR2726406_127155	2717	No terminal repeats	NA	8	11	0.9809	NA	0	11.5987	Viruses;Duplodnaviria;Heunggongvirae;Uroviricota;Caudoviricetes;;
ERR2726406_5392	2641	No terminal repeats	NA	4	11	0.9809	NA	1	6.3861	Viruses;Duplodnaviria;Heunggongvirae;Uroviricota;Caudoviricetes;;
ERR2726406_32987	3744	No terminal repeats	NA	6	11	0.9808	NA	1	10.2086	Viruses;Duplodnaviria;Heunggongvirae;Uroviricota;Caudoviricetes;;
ERR2726406_90226	1926	No terminal repeats	NA	4	11	0.9808	NA	4	6.8731	Viruses;Duplodnaviria;Heunggongvirae;Uroviricota;Caudoviricetes;;
ERR2726406_40204	1942	No terminal repeats	NA	3	11	0.9807	NA	1	5.1548	Viruses;Duplodnaviria;Heunggongvirae;Uroviricota;Caudoviricetes;;
ERR2726406_25765	4489	No terminal repeats	NA	6	11	0.9807	NA	0	7.2632	Viruses;Duplodnaviria;Heunggongvirae;Uroviricota;Caudoviricetes;;
ERR2726406_3819	3017	No terminal repeats	NA	6	11	0.9806	NA	1	8.5667	Viruses;Duplodnaviria;Heunggongvirae;Uroviricota;Caudoviricetes;;
ERR2726406_24062	4365	No terminal repeats	NA	7	11	0.9806	NA	1	8.3555	Viruses;Duplodnaviria;Heunggongvirae;Uroviricota;Caudoviricetes;;
ERR2726406_510	28594	No terminal repeats	NA	39	11	0.9805	NA	14	42.5146	Viruses;Duplodnaviria;Heunggongvirae;Uroviricota;Caudoviricetes;;
ERR2726406_1057	9789	No terminal repeats	NA	15	11	0.9805	NA	5	17.9746	Viruses;Duplodnaviria;Heunggongvirae;Uroviricota;Caudoviricetes;;
ERR2726406_558	41367	No terminal repeats	NA	60	11	0.9804	NA	15	56.5817	Viruses;Duplodnaviria;Heunggongvirae;Uroviricota;Caudoviricetes;;
ERR2726406_4073	15168	No terminal repeats	NA	20	11	0.9803	NA	9	33.2004	Viruses;Duplodnaviria;Heunggongvirae;Uroviricota;Caudoviricetes;;
ERR2726406_8472	3337	No terminal repeats	NA	7	11	0.9803	NA	3	10.3097	Viruses;Duplodnaviria;Heunggongvirae;Uroviricota;Caudoviricetes;;
ERR2726406_13371	11304	No terminal repeats	NA	18	11	0.9802	NA	2	21.7775	Viruses;Duplodnaviria;Heunggongvirae;Uroviricota;Caudoviricetes;;
ERR2726406_20824	3610	No terminal repeats	NA	6	11	0.9802	NA	2	7.4182	Viruses;Duplodnaviria;Heunggongvirae;Uroviricota;Caudoviricetes;;
ERR2726406_89677	3352	No terminal repeats	NA	7	11	0.9802	NA	3	10.3097	Viruses;Duplodnaviria;Heunggongvirae;Uroviricota;Caudoviricetes;;
ERR2726406_19122	10617	No terminal repeats	NA	17	11	0.9802	NA	7	24.4322	Viruses;Duplodnaviria;Heunggongvirae;Uroviricota;Caudoviricetes;;
ERR2726406_12779	7512	No terminal repeats	NA	12	11	0.9801	NA	1	14.8524	Viruses;Duplodnaviria;Heunggongvirae;Uroviricota;Caudoviricetes;;
ERR2726406_31080	3006	No terminal repeats	NA	3	11	0.9801	NA	3	5.1539	Viruses;Duplodnaviria;Heunggongvirae;Uroviricota;Caudoviricetes;;
ERR2726406_5564	32801	No terminal repeats	NA	48	11	0.9801	NA	11	63.3081	Viruses;Duplodnaviria;Heunggongvirae;Uroviricota;Caudoviricetes;;
ERR2726406_5802	4062	No terminal repeats	NA	3	11	0.9801	NA	1	4.8477	Viruses;Duplodnaviria;Heunggongvirae;Uroviricota;Caudoviricetes;;
ERR2726406_4676	16001	No terminal repeats	NA	19	11	0.9801	NA	9	22.3262	Viruses;Duplodnaviria;Heunggongvirae;Uroviricota;Caudoviricetes;;
ERR2726406_7967	3054	No terminal repeats	NA	4	11	0.9800	NA	2	6.0931	Viruses;Duplodnaviria;Heunggongvirae;Uroviricota;Caudoviricetes;;
ERR2726406_10375	8275	No terminal repeats	NA	8	11	0.9800	NA	1	6.6206	Viruses;Duplodnaviria;Heunggongvirae;Uroviricota;Caudoviricetes;;
ERR2726406_5319	4274	No terminal repeats	NA	5	11	0.9799	NA	2	6.6808	Viruses;Duplodnaviria;Heunggongvirae;Uroviricota;Caudoviricetes;;
ERR2726406_40924	3397	No terminal repeats	NA	10	11	0.9798	NA	1	9.6537	Viruses;Duplodnaviria;Heunggongvirae;Uroviricota;Caudoviricetes;;
ERR2726406_75959	1951	No terminal repeats	NA	4	11	0.9798	NA	2	4.5604	Viruses;Duplodnaviria;Heunggongvirae;Uroviricota;Caudoviricetes;;
ERR2726406_7300	7981	No terminal repeats	NA	13	11	0.9798	NA	0	12.1929	Viruses;Duplodnaviria;Heunggongvirae;Uroviricota;Caudoviricetes;;
ERR2726406_28670	6669	No terminal repeats	NA	11	11	0.9798	NA	1	12.6334	Viruses;Duplodnaviria;Heunggongvirae;Uroviricota;Caudoviricetes;;
ERR2726406_1261	13781	No terminal repeats	NA	13	11	0.9797	NA	1	18.1273	Viruses;Duplodnaviria;Heunggongvirae;Uroviricota;Caudoviricetes;;
ERR2726406_1242	11700	No terminal repeats	NA	19	11	0.9796	NA	4	20.8528	Viruses;Duplodnaviria;Heunggongvirae;Uroviricota;Caudoviricetes;;
ERR2726406_4012	3388	No terminal repeats	NA	8	11	0.9796	NA	2	9.8755	Viruses;Duplodnaviria;Heunggongvirae;Uroviricota;Caudoviricetes;;
ERR2726406_12115	26111	No terminal repeats	NA	33	11	0.9796	NA	4	42.5209	Viruses;Duplodnaviria;Heunggongvirae;Uroviricota;Caudoviricetes;;
ERR2726406_15622	6382	No terminal repeats	NA	11	11	0.9794	NA	4	12.7883	Viruses;Duplodnaviria;Heunggongvirae;Uroviricota;Caudoviricetes;;
ERR2726406_16624	3950	No terminal repeats	NA	7	11	0.9793	NA	2	6.2504	Viruses;Duplodnaviria;Heunggongvirae;Uroviricota;Caudoviricetes;;
ERR2726406_55506	4704	No terminal repeats	NA	6	11	0.9792	NA	2	5.7987	Viruses;Duplodnaviria;Heunggongvirae;Uroviricota;Caudoviricetes;;
ERR2726406_30836	2761	No terminal repeats	NA	9	11	0.9790	NA	1	9.6270	Viruses;Duplodnaviria;Heunggongvirae;Uroviricota;Caudoviricetes;;
ERR2726406_139	21073	No terminal repeats	NA	35	11	0.9790	NA	8	42.7416	Viruses;Duplodnaviria;Heunggongvirae;Uroviricota;Caudoviricetes;;
ERR2726406_17062	4180	No terminal repeats	NA	7	11	0.9789	NA	5	11.8498	Viruses;Duplodnaviria;Heunggongvirae;Uroviricota;Caudoviricetes;;
ERR2726406_4332	19921	No terminal repeats	NA	26	11	0.9788	NA	10	34.1287	Viruses;Duplodnaviria;Heunggongvirae;Uroviricota;Caudoviricetes;;
ERR2726406_43436	1934	No terminal repeats	NA	5	11	0.9786	NA	1	6.6482	Viruses;Duplodnaviria;Heunggongvirae;Uroviricota;Caudoviricetes;;
ERR2726406_15190	3412	No terminal repeats	NA	2	11	0.9785	NA	1	2.7886	Viruses;Duplodnaviria;Heunggongvirae;Uroviricota;Caudoviricetes;;
ERR2726406_61959	5389	No terminal repeats	NA	10	11	0.9785	NA	1	6.6777	Viruses;Duplodnaviria;Heunggongvirae;Uroviricota;Caudoviricetes;;
ERR2726406_6684	3723	No terminal repeats	NA	7	11	0.9785	NA	0	7.4533	Viruses;Duplodnaviria;Heunggongvirae;Uroviricota;Caudoviricetes;;
ERR2726406_2521	5324	No terminal repeats	NA	4	11	0.9784	NA	2	4.3510	Viruses;Duplodnaviria;Heunggongvirae;Uroviricota;Caudoviricetes;;
ERR2726406_13886	1816	No terminal repeats	NA	3	11	0.9783	NA	1	5.1548	Viruses;Duplodnaviria;Heunggongvirae;Uroviricota;Caudoviricetes;;
ERR2726406_47042	9499	No terminal repeats	NA	15	11	0.9783	NA	0	13.3195	Viruses;Duplodnaviria;Heunggongvirae;Uroviricota;Caudoviricetes;;
ERR2726406_12865	4434	No terminal repeats	NA	7	11	0.9783	NA	0	9.9441	Viruses;Duplodnaviria;Heunggongvirae;Uroviricota;Caudoviricetes;;
ERR2726406_73709	1898	No terminal repeats	NA	5	11	0.9782	NA	1	5.0949	Viruses;Duplodnaviria;Heunggongvirae;Uroviricota;Caudoviricetes;;
ERR2726406_31257	18946	No terminal repeats	NA	32	11	0.9782	NA	4	25.7395	Viruses;Duplodnaviria;Heunggongvirae;Uroviricota;Caudoviricetes;;
ERR2726406_12793	2986	No terminal repeats	NA	4	11	0.9782	NA	0	4.9253	Viruses;Duplodnaviria;Heunggongvirae;Uroviricota;Caudoviricetes;;
ERR2726406_1697	17309	No terminal repeats	NA	29	11	0.9782	NA	1	32.5598	Viruses;Duplodnaviria;Heunggongvirae;Uroviricota;Caudoviricetes;;
ERR2726406_33718	4551	No terminal repeats	NA	8	11	0.9781	NA	0	6.8731	Viruses;Duplodnaviria;Heunggongvirae;Uroviricota;Caudoviricetes;;
ERR2726406_63079	2883	No terminal repeats	NA	7	11	0.9781	NA	0	7.2345	Viruses;Duplodnaviria;Heunggongvirae;Uroviricota;Caudoviricetes;;
ERR2726406_19722	7837	No terminal repeats	NA	6	11	0.9781	NA	0	10.0376	Viruses;Duplodnaviria;Heunggongvirae;Uroviricota;Caudoviricetes;;
ERR2726406_1285	7116	No terminal repeats	NA	7	11	0.9780	NA	0	5.1393	Viruses;Duplodnaviria;Heunggongvirae;Uroviricota;Caudoviricetes;;Herelleviridae
ERR2726406_15252	5537	No terminal repeats	NA	7	11	0.9779	NA	3	5.9180	Viruses;Duplodnaviria;Heunggongvirae;Uroviricota;Caudoviricetes;;
ERR2726406_115104	3146	No terminal repeats	NA	5	11	0.9779	NA	2	5.6766	Viruses;Duplodnaviria;Heunggongvirae;Uroviricota;Caudoviricetes;;
ERR2726406_21088	2839	DTR	NA	6	11	0.9779	NA	1	7.2387	Viruses;Duplodnaviria;Heunggongvirae;Uroviricota;Caudoviricetes;;
ERR2726406_4037	11561	No terminal repeats	NA	16	11	0.9779	NA	8	21.8377	Viruses;Duplodnaviria;Heunggongvirae;Uroviricota;Caudoviricetes;;
ERR2726406_73800	4562	No terminal repeats	NA	6	11	0.9778	NA	0	5.5580	Viruses;Duplodnaviria;Heunggongvirae;Uroviricota;Caudoviricetes;;
ERR2726406_35335	3393	No terminal repeats	NA	4	11	0.9777	NA	0	6.3489	Viruses;Duplodnaviria;Heunggongvirae;Uroviricota;Caudoviricetes;;
ERR2726406_38127	3882	No terminal repeats	NA	7	11	0.9777	NA	1	6.8706	Viruses;Duplodnaviria;Heunggongvirae;Uroviricota;Caudoviricetes;;
ERR2726406_32655	3940	No terminal repeats	NA	3	11	0.9776	NA	0	4.3627	Viruses;Duplodnaviria;Heunggongvirae;Uroviricota;Caudoviricetes;;
ERR2726406_10324	5096	No terminal repeats	NA	10	11	0.9775	NA	0	8.0474	Viruses;Duplodnaviria;Heunggongvirae;Uroviricota;Caudoviricetes;;
ERR2726406_158260	1500	No terminal repeats	NA	3	11	0.9775	NA	1	5.1525	Viruses;Duplodnaviria;Heunggongvirae;Uroviricota;Caudoviricetes;;
ERR2726406_20403	16909	No terminal repeats	NA	15	11	0.9774	NA	3	18.4065	Viruses;Duplodnaviria;Heunggongvirae;Uroviricota;Caudoviricetes;;
ERR2726406_6755	16264	No terminal repeats	NA	34	11	0.9774	NA	2	37.5734	Viruses;Duplodnaviria;Heunggongvirae;Uroviricota;Caudoviricetes;;
ERR2726406_11189	16063	No terminal repeats	NA	32	11	0.9774	NA	4	32.2137	Viruses;Duplodnaviria;Heunggongvirae;Uroviricota;Caudoviricetes;;
ERR2726406_47181	4570	No terminal repeats	NA	8	11	0.9774	NA	1	10.7075	Viruses;Duplodnaviria;Heunggongvirae;Uroviricota;Caudoviricetes;;
ERR2726406_5810	16945	No terminal repeats	NA	20	11	0.9773	NA	5	26.1182	Viruses;Duplodnaviria;Heunggongvirae;Uroviricota;Caudoviricetes;;
ERR2726406_15189	1750	No terminal repeats	NA	4	11	0.9773	NA	1	4.8140	Viruses;Duplodnaviria;Heunggongvirae;Uroviricota;Caudoviricetes;;
ERR2726406_11469	3062	No terminal repeats	NA	2	11	0.9772	NA	1	2.9230	Viruses;Duplodnaviria;Heunggongvirae;Uroviricota;Caudoviricetes;;
ERR2726406_2406	5975	No terminal repeats	NA	11	11	0.9771	NA	0	10.2131	Viruses;Duplodnaviria;Heunggongvirae;Uroviricota;Caudoviricetes;;
ERR2726406_10398	5848	No terminal repeats	NA	8	11	0.9770	NA	0	6.5391	Viruses;Duplodnaviria;Heunggongvirae;Uroviricota;Caudoviricetes;;
ERR2726406_4351	18593	No terminal repeats	NA	21	11	0.9770	NA	6	29.9916	Viruses;Duplodnaviria;Heunggongvirae;Uroviricota;Caudoviricetes;;
ERR2726406_2303	137297	No terminal repeats	NA	221	11	0.9769	NA	14	215.7330	Viruses;Duplodnaviria;Heunggongvirae;Uroviricota;Caudoviricetes;;
ERR2726406_10103	6785	No terminal repeats	NA	12	11	0.9768	NA	1	6.1852	Viruses;Duplodnaviria;Heunggongvirae;Uroviricota;Caudoviricetes;;
ERR2726406_6884	4285	No terminal repeats	NA	9	11	0.9767	NA	0	6.3652	Viruses;Duplodnaviria;Heunggongvirae;Uroviricota;Caudoviricetes;;
ERR2726406_424	19423	No terminal repeats	NA	39	11	0.9767	NA	4	27.6868	Viruses;Duplodnaviria;Heunggongvirae;Uroviricota;Caudoviricetes;;
ERR2726406_31678	1563	No terminal repeats	NA	3	11	0.9765	NA	1	5.1548	Viruses;Duplodnaviria;Heunggongvirae;Uroviricota;Caudoviricetes;;
ERR2726406_15136	7722	No terminal repeats	NA	12	11	0.9764	NA	1	8.5353	Viruses;Duplodnaviria;Heunggongvirae;Uroviricota;Caudoviricetes;;
ERR2726406_9659	4000	No terminal repeats	NA	5	11	0.9762	NA	1	6.2164	Viruses;Duplodnaviria;Heunggongvirae;Uroviricota;Caudoviricetes;;
ERR2726406_3374	9808	No terminal repeats	NA	17	11	0.9762	NA	8	22.0421	Viruses;Duplodnaviria;Heunggongvirae;Uroviricota;Caudoviricetes;;
ERR2726406_43541	3928	No terminal repeats	NA	5	11	0.9761	NA	1	6.5806	Viruses;Duplodnaviria;Heunggongvirae;Uroviricota;Caudoviricetes;;
ERR2726406_9883	7536	No terminal repeats	NA	8	11	0.9761	NA	1	9.8189	Viruses;Duplodnaviria;Heunggongvirae;Uroviricota;Caudoviricetes;;
ERR2726406_16717	2628	No terminal repeats	NA	5	11	0.9760	NA	0	5.1241	Viruses;Duplodnaviria;Heunggongvirae;Uroviricota;Caudoviricetes;;
ERR2726406_113912	1291	No terminal repeats	NA	5	11	0.9760	NA	1	8.5570	Viruses;Duplodnaviria;Heunggongvirae;Uroviricota;Caudoviricetes;;
ERR2726406_65262	416	No terminal repeats	NA	2	11	0.9759	NA	1	3.1412	Viruses;Duplodnaviria;Heunggongvirae;Uroviricota;Caudoviricetes;;Straboviridae
ERR2726406_949	46219	No terminal repeats	NA	65	11	0.9759	NA	13	54.9955	Viruses;Duplodnaviria;Heunggongvirae;Uroviricota;Caudoviricetes;;
ERR2726406_1613	4485	No terminal repeats	NA	7	11	0.9757	NA	1	4.9087	Viruses;Duplodnaviria;Heunggongvirae;Uroviricota;Caudoviricetes;;
ERR2726406_67158	3613	No terminal repeats	NA	8	11	0.9757	NA	1	6.4537	Viruses;Duplodnaviria;Heunggongvirae;Uroviricota;Caudoviricetes;;
ERR2726406_33546	3502	No terminal repeats	NA	6	11	0.9757	NA	1	6.8712	Viruses;Duplodnaviria;Heunggongvirae;Uroviricota;Caudoviricetes;;
ERR2726406_5948	7236	No terminal repeats	NA	10	11	0.9756	NA	3	6.1276	Viruses;Duplodnaviria;Heunggongvirae;Uroviricota;Caudoviricetes;;
ERR2726406_12713	2619	No terminal repeats	NA	4	11	0.9756	NA	2	4.5917	Viruses;Duplodnaviria;Heunggongvirae;Uroviricota;Caudoviricetes;;
ERR2726406_29431	2891	No terminal repeats	NA	4	11	0.9756	NA	2	5.1505	Viruses;Duplodnaviria;Heunggongvirae;Uroviricota;Caudoviricetes;;
ERR2726406_10081	2856	No terminal repeats	NA	4	11	0.9756	NA	2	6.3041	Viruses;Duplodnaviria;Heunggongvirae;Uroviricota;Caudoviricetes;;
ERR2726406_209766	775	No terminal repeats	NA	2	11	0.9755	NA	1	3.0512	Viruses;Duplodnaviria;Heunggongvirae;Uroviricota;Caudoviricetes;;
ERR2726406_129759	1562	No terminal repeats	NA	3	11	0.9754	NA	2	5.1548	Viruses;Duplodnaviria;Heunggongvirae;Uroviricota;Caudoviricetes;;
ERR2726406_77814	2909	No terminal repeats	NA	7	11	0.9752	NA	1	6.2966	Viruses;Duplodnaviria;Heunggongvirae;Uroviricota;Caudoviricetes;;
ERR2726406_7348	14720	No terminal repeats	NA	18	11	0.9751	NA	3	21.9073	Viruses;Duplodnaviria;Heunggongvirae;Uroviricota;Caudoviricetes;;
ERR2726406_48235	1059	No terminal repeats	NA	2	11	0.9750	NA	2	3.4366	Viruses;Duplodnaviria;Heunggongvirae;Uroviricota;Caudoviricetes;;
ERR2726406_38255	2388	No terminal repeats	NA	7	11	0.9749	NA	5	10.6115	Viruses;Duplodnaviria;Heunggongvirae;Uroviricota;Caudoviricetes;;
ERR2726406_15656	2394	No terminal repeats	NA	2	11	0.9748	NA	1	3.3558	Viruses;Duplodnaviria;Heunggongvirae;Uroviricota;Caudoviricetes;;
ERR2726406_2249	22568	No terminal repeats	NA	41	11	0.9747	NA	9	36.6783	Viruses;Duplodnaviria;Heunggongvirae;Uroviricota;Caudoviricetes;;
ERR2726406_94241	4772	No terminal repeats	NA	6	11	0.9744	NA	0	6.8510	Viruses;Duplodnaviria;Heunggongvirae;Uroviricota;Caudoviricetes;;
ERR2726406_9609	3825	No terminal repeats	NA	6	11	0.9743	NA	2	5.7467	Viruses;Duplodnaviria;Heunggongvirae;Uroviricota;Caudoviricetes;;
ERR2726406_31002	10935	No terminal repeats	NA	10	11	0.9743	NA	2	10.0666	Viruses;Duplodnaviria;Heunggongvirae;Uroviricota;Caudoviricetes;;
ERR2726406_11742	4846	No terminal repeats	NA	5	11	0.9741	NA	0	4.0768	Viruses;Duplodnaviria;Heunggongvirae;Uroviricota;Caudoviricetes;;
ERR2726406_15379	8289	No terminal repeats	NA	10	11	0.9741	NA	1	13.3394	Viruses;Duplodnaviria;Heunggongvirae;Uroviricota;Caudoviricetes;;
ERR2726406_13590	3672	No terminal repeats	NA	5	11	0.9740	NA	0	4.9554	Viruses;Duplodnaviria;Heunggongvirae;Uroviricota;Caudoviricetes;;
ERR2726406_15137	2528	No terminal repeats	NA	6	11	0.9739	NA	0	9.4852	Viruses;Duplodnaviria;Heunggongvirae;Uroviricota;Caudoviricetes;;
ERR2726406_65568	3069	No terminal repeats	NA	5	11	0.9739	NA	0	4.6596	Viruses;Duplodnaviria;Heunggongvirae;Uroviricota;Caudoviricetes;;
ERR2726406_12887	28157	No terminal repeats	NA	42	11	0.9739	NA	7	34.0753	Viruses;Duplodnaviria;Heunggongvirae;Uroviricota;Caudoviricetes;;
ERR2726406_1863	11748	No terminal repeats	NA	20	11	0.9737	NA	1	25.0756	Viruses;Duplodnaviria;Heunggongvirae;Uroviricota;Caudoviricetes;;
ERR2726406_19166	4439	No terminal repeats	NA	5	11	0.9737	NA	0	7.4157	Viruses;Duplodnaviria;Heunggongvirae;Uroviricota;Caudoviricetes;;
ERR2726406_54749	3699	No terminal repeats	NA	2	11	0.9737	NA	1	2.9862	Viruses;Duplodnaviria;Heunggongvirae;Uroviricota;Caudoviricetes;;
ERR2726406_15004	3299	No terminal repeats	NA	4	11	0.9737	NA	0	5.4735	Viruses;Duplodnaviria;Heunggongvirae;Uroviricota;Caudoviricetes;;
ERR2726406_33316	4893	No terminal repeats	NA	7	11	0.9736	NA	3	6.3328	Viruses;Duplodnaviria;Heunggongvirae;Uroviricota;Caudoviricetes;;
ERR2726406_8270	19852	No terminal repeats	NA	28	11	0.9736	NA	3	21.9348	Viruses;Duplodnaviria;Heunggongvirae;Uroviricota;Caudoviricetes;;
ERR2726406_11818	2825	No terminal repeats	NA	6	11	0.9736	NA	5	6.8686	Viruses;Duplodnaviria;Heunggongvirae;Uroviricota;Caudoviricetes;;
ERR2726406_73894	1800	No terminal repeats	NA	2	11	0.9735	NA	2	3.1824	Viruses;Duplodnaviria;Heunggongvirae;Uroviricota;Caudoviricetes;;
ERR2726406_54926	3334	No terminal repeats	NA	3	11	0.9734	NA	2	2.9466	Viruses;Duplodnaviria;Heunggongvirae;Uroviricota;Caudoviricetes;;
ERR2726406_42334	2719	No terminal repeats	NA	6	11	0.9734	NA	0	5.1548	Viruses;Duplodnaviria;Heunggongvirae;Uroviricota;Caudoviricetes;;
ERR2726406_1209	33249	No terminal repeats	NA	42	11	0.9733	NA	12	57.4260	Viruses;Duplodnaviria;Heunggongvirae;Uroviricota;Caudoviricetes;;
ERR2726406_27161	4061	No terminal repeats	NA	6	11	0.9733	NA	1	5.4516	Viruses;Duplodnaviria;Heunggongvirae;Uroviricota;Caudoviricetes;;
ERR2726406_65098	7837	No terminal repeats	NA	15	11	0.9731	NA	0	15.1567	Viruses;Duplodnaviria;Heunggongvirae;Uroviricota;Caudoviricetes;;
ERR2726406_7592	8794	No terminal repeats	NA	6	11	0.9730	NA	2	6.4847	Viruses;Duplodnaviria;Heunggongvirae;Uroviricota;Caudoviricetes;;
ERR2726406_2327	2722	No terminal repeats	NA	6	11	0.9730	NA	0	5.8659	Viruses;Duplodnaviria;Heunggongvirae;Uroviricota;Caudoviricetes;;
ERR2726406_231694	419	No terminal repeats	NA	1	11	0.9730	NA	1	1.5427	Viruses;Monodnaviria;Sangervirae;Phixviricota;Malgrandaviricetes;Petitvirales;Microviridae
ERR2726406_33473	2546	No terminal repeats	NA	4	11	0.9729	NA	0	4.7170	Viruses;Duplodnaviria;Heunggongvirae;Uroviricota;Caudoviricetes;;
ERR2726406_16296	11300	No terminal repeats	NA	19	11	0.9728	NA	2	11.0369	Viruses;Duplodnaviria;Heunggongvirae;Uroviricota;Caudoviricetes;;
ERR2726406_22132	1268	No terminal repeats	NA	2	11	0.9727	NA	2	2.6666	Viruses;Duplodnaviria;Heunggongvirae;Uroviricota;Caudoviricetes;;
ERR2726406_63918	3387	No terminal repeats	NA	6	11	0.9727	NA	5	9.0559	Viruses;Duplodnaviria;Heunggongvirae;Uroviricota;Caudoviricetes;;
ERR2726406_31653	2158	No terminal repeats	NA	3	11	0.9726	NA	1	4.5641	Viruses;Duplodnaviria;Heunggongvirae;Uroviricota;Caudoviricetes;;
ERR2726406_45296	956	No terminal repeats	NA	3	11	0.9726	NA	1	5.0953	Viruses;Duplodnaviria;Heunggongvirae;Uroviricota;Caudoviricetes;;
ERR2726406_22524	2733	No terminal repeats	NA	3	11	0.9722	NA	1	3.1830	Viruses;Duplodnaviria;Heunggongvirae;Uroviricota;Caudoviricetes;;
ERR2726406_23963	2166	No terminal repeats	NA	3	11	0.9721	NA	1	3.7985	Viruses;Duplodnaviria;Heunggongvirae;Uroviricota;Caudoviricetes;;
ERR2726406_7442	11639	No terminal repeats	NA	20	11	0.9721	NA	2	12.6125	Viruses;Duplodnaviria;Heunggongvirae;Uroviricota;Caudoviricetes;;
ERR2726406_126995	1768	No terminal repeats	NA	2	11	0.9720	NA	1	2.9305	Viruses;Duplodnaviria;Heunggongvirae;Uroviricota;Caudoviricetes;;
ERR2726406_9528	2785	No terminal repeats	NA	4	11	0.9720	NA	0	3.0141	Viruses;Duplodnaviria;Heunggongvirae;Uroviricota;Caudoviricetes;;
ERR2726406_2670	16079	No terminal repeats	NA	19	11	0.9719	NA	1	22.3859	Viruses;Duplodnaviria;Heunggongvirae;Uroviricota;Caudoviricetes;;
ERR2726406_14741	9901	No terminal repeats	NA	11	11	0.9718	NA	2	9.1230	Viruses;Duplodnaviria;Heunggongvirae;Uroviricota;Caudoviricetes;;
ERR2726406_17635	11241	No terminal repeats	NA	25	11	0.9718	NA	0	9.7038	Viruses;Duplodnaviria;Heunggongvirae;Uroviricota;Caudoviricetes;;
ERR2726406_845	11313	No terminal repeats	NA	8	11	0.9718	NA	1	11.5082	Viruses;Duplodnaviria;Heunggongvirae;Uroviricota;Caudoviricetes;;
ERR2726406_99230	2439	No terminal repeats	NA	3	11	0.9713	NA	1	4.7030	Viruses;Duplodnaviria;Heunggongvirae;Uroviricota;Caudoviricetes;;
ERR2726406_10204	10296	No terminal repeats	NA	12	11	0.9712	NA	3	12.4053	Viruses;Duplodnaviria;Heunggongvirae;Uroviricota;Caudoviricetes;;
ERR2726406_226678	409	No terminal repeats	NA	2	11	0.9712	NA	1	3.3041	Viruses;Duplodnaviria;Heunggongvirae;Uroviricota;Caudoviricetes;;
ERR2726406_85751	2515	No terminal repeats	NA	6	11	0.9711	NA	0	6.6393	Viruses;Duplodnaviria;Heunggongvirae;Uroviricota;Caudoviricetes;;
ERR2726406_4420	23275	No terminal repeats	NA	24	11	0.9710	NA	9	17.3982	Viruses;Duplodnaviria;Heunggongvirae;Uroviricota;Caudoviricetes;;
ERR2726406_11677	5683	No terminal repeats	NA	7	11	0.9710	NA	2	5.6955	Viruses;Duplodnaviria;Heunggongvirae;Uroviricota;Caudoviricetes;;
ERR2726406_1475	5648	No terminal repeats	NA	11	11	0.9709	NA	1	2.9557	Viruses;Duplodnaviria;Heunggongvirae;Uroviricota;Caudoviricetes;;
ERR2726406_38283	1941	No terminal repeats	NA	5	11	0.9708	NA	1	5.1548	Viruses;Duplodnaviria;Heunggongvirae;Uroviricota;Caudoviricetes;;
ERR2726406_21995	5962	No terminal repeats	NA	9	11	0.9706	NA	1	10.1838	Viruses;Duplodnaviria;Heunggongvirae;Uroviricota;Caudoviricetes;;
ERR2726406_114575	1591	No terminal repeats	NA	3	11	0.9703	NA	1	4.9909	Viruses;Duplodnaviria;Heunggongvirae;Uroviricota;Caudoviricetes;;
ERR2726406_37862	2188	No terminal repeats	NA	3	11	0.9702	NA	1	4.2957	Viruses;Duplodnaviria;Heunggongvirae;Uroviricota;Caudoviricetes;;
ERR2726406_1493	2521	No terminal repeats	NA	3	11	0.9701	NA	2	4.2911	Viruses;Duplodnaviria;Heunggongvirae;Uroviricota;Caudoviricetes;;
ERR2726406_70552	1272	No terminal repeats	NA	3	11	0.9701	NA	2	4.9546	Viruses;Duplodnaviria;Heunggongvirae;Uroviricota;Caudoviricetes;;
ERR2726406_41954	1915	No terminal repeats	NA	4	11	0.9700	NA	1	6.0920	Viruses;Duplodnaviria;Heunggongvirae;Uroviricota;Caudoviricetes;;
ERR2726406_35192	5332	No terminal repeats	NA	10	11	0.9699	NA	1	8.0959	Viruses;Duplodnaviria;Heunggongvirae;Uroviricota;Caudoviricetes;;
ERR2726406_13395	1787	No terminal repeats	NA	2	11	0.9699	NA	2	2.9519	Viruses;Duplodnaviria;Heunggongvirae;Uroviricota;Caudoviricetes;;
ERR2726406_63589	4929	No terminal repeats	NA	6	11	0.9699	NA	0	6.3884	Viruses;Duplodnaviria;Heunggongvirae;Uroviricota;Caudoviricetes;;
ERR2726406_4207	1315	No terminal repeats	NA	2	11	0.9699	NA	1	3.4339	Viruses;Duplodnaviria;Heunggongvirae;Uroviricota;Caudoviricetes;;
ERR2726406_37825	2697	No terminal repeats	NA	10	11	0.9698	NA	0	7.5952	Viruses;Duplodnaviria;Heunggongvirae;Uroviricota;Caudoviricetes;;
ERR2726406_5458	1876	No terminal repeats	NA	2	11	0.9696	NA	1	3.1165	Viruses;Duplodnaviria;Heunggongvirae;Uroviricota;Caudoviricetes;;
ERR2726406_20090	328	No terminal repeats	NA	1	11	0.9695	NA	1	1.7183	Viruses;Duplodnaviria;Heunggongvirae;Uroviricota;Caudoviricetes;;
ERR2726406_131635	1605	No terminal repeats	NA	2	11	0.9695	NA	1	3.0180	Viruses;Duplodnaviria;Heunggongvirae;Uroviricota;Caudoviricetes;;
ERR2726406_10788	13830	No terminal repeats	NA	18	11	0.9694	NA	13	22.4082	Viruses;Duplodnaviria;Heunggongvirae;Uroviricota;Caudoviricetes;;
ERR2726406_35833	1376	No terminal repeats	NA	2	11	0.9692	NA	1	3.2472	Viruses;Duplodnaviria;Heunggongvirae;Uroviricota;Caudoviricetes;;
ERR2726406_35238	2317	No terminal repeats	NA	7	11	0.9691	NA	1	10.2753	Viruses;Duplodnaviria;Heunggongvirae;Uroviricota;Caudoviricetes;;
ERR2726406_11649	16003	No terminal repeats	NA	16	11	0.9691	NA	2	20.3804	Viruses;Duplodnaviria;Heunggongvirae;Uroviricota;Caudoviricetes;;
ERR2726406_7453	15841	No terminal repeats	NA	23	11	0.9690	NA	2	25.5516	Viruses;Duplodnaviria;Heunggongvirae;Uroviricota;Caudoviricetes;;
ERR2726406_4165	3043	No terminal repeats	NA	5	11	0.9689	NA	2	7.8570	Viruses;Duplodnaviria;Heunggongvirae;Uroviricota;Caudoviricetes;;
ERR2726406_11795	21143	No terminal repeats	NA	20	11	0.9688	NA	4	27.0489	Viruses;Duplodnaviria;Heunggongvirae;Uroviricota;Caudoviricetes;;
ERR2726406_3663	4423	No terminal repeats	NA	4	11	0.9688	NA	1	3.4366	Viruses;Duplodnaviria;Heunggongvirae;Uroviricota;Caudoviricetes;;
ERR2726406_43528	2755	No terminal repeats	NA	3	11	0.9687	NA	1	5.1307	Viruses;Duplodnaviria;Heunggongvirae;Uroviricota;Caudoviricetes;;
ERR2726406_54350	2448	No terminal repeats	NA	3	11	0.9686	NA	1	4.0047	Viruses;Duplodnaviria;Heunggongvirae;Uroviricota;Caudoviricetes;;
ERR2726406_181634	746	No terminal repeats	NA	2	11	0.9684	NA	2	3.1447	Viruses;Duplodnaviria;Heunggongvirae;Uroviricota;Caudoviricetes;;
ERR2726406_88076	4667	No terminal repeats	NA	8	11	0.9682	NA	0	5.6200	Viruses;Duplodnaviria;Heunggongvirae;Uroviricota;Caudoviricetes;;
ERR2726406_28291	3708	No terminal repeats	NA	6	11	0.9682	NA	0	3.8958	Viruses;Duplodnaviria;Heunggongvirae;Uroviricota;Caudoviricetes;;
ERR2726406_51867	2447	No terminal repeats	NA	4	11	0.9681	NA	2	5.5028	Viruses;Duplodnaviria;Heunggongvirae;Uroviricota;Caudoviricetes;;
ERR2726406_11858	2955	No terminal repeats	NA	7	11	0.9681	NA	3	9.2767	Viruses;Duplodnaviria;Heunggongvirae;Uroviricota;Caudoviricetes;;
ERR2726406_133020	1212	No terminal repeats	NA	2	11	0.9680	NA	1	3.4366	Viruses;Duplodnaviria;Heunggongvirae;Uroviricota;Caudoviricetes;;
ERR2726406_21800	2573	No terminal repeats	NA	5	11	0.9680	NA	3	5.1548	Viruses;Duplodnaviria;Heunggongvirae;Uroviricota;Caudoviricetes;;
ERR2726406_152539	365	No terminal repeats	NA	1	11	0.9671	NA	1	1.4850	Viruses;Duplodnaviria;Heunggongvirae;Uroviricota;Caudoviricetes;;
ERR2726406_41921	4649	No terminal repeats	NA	4	11	0.9669	NA	0	3.4366	Viruses;Duplodnaviria;Heunggongvirae;Uroviricota;Caudoviricetes;;
ERR2726406_110635	635	No terminal repeats	NA	1	11	0.9667	NA	1	1.7183	Viruses;Duplodnaviria;Heunggongvirae;Uroviricota;Caudoviricetes;;
ERR2726406_3099	8368	No terminal repeats	NA	13	11	0.9663	NA	1	1.7183	Viruses;Duplodnaviria;Heunggongvirae;Uroviricota;Caudoviricetes;;
ERR2726406_251	1554	No terminal repeats	NA	2	11	0.9663	NA	1	3.0324	Viruses;Duplodnaviria;Heunggongvirae;Uroviricota;Caudoviricetes;;
ERR2726406_36034	1363	No terminal repeats	NA	3	11	0.9663	NA	1	4.8926	Viruses;Duplodnaviria;Heunggongvirae;Uroviricota;Caudoviricetes;;
ERR2726406_17499	3143	No terminal repeats	NA	4	11	0.9662	NA	1	3.4122	Viruses;Duplodnaviria;Heunggongvirae;Uroviricota;Caudoviricetes;;
ERR2726406_177353	330	No terminal repeats	NA	1	4	0.9660	NA	1	1.7183	Viruses;Duplodnaviria;Heunggongvirae;Uroviricota;Caudoviricetes;;
ERR2726406_49455	455	No terminal repeats	NA	2	11	0.9660	NA	1	3.1437	Viruses;Duplodnaviria;Heunggongvirae;Uroviricota;Caudoviricetes;;
ERR2726406_67658	1873	No terminal repeats	NA	3	11	0.9660	NA	2	4.6461	Viruses;Duplodnaviria;Heunggongvirae;Uroviricota;Caudoviricetes;;
ERR2726406_288411	255	No terminal repeats	NA	1	11	0.9660	NA	1	1.7183	Viruses;Duplodnaviria;Heunggongvirae;Uroviricota;Caudoviricetes;;
ERR2726406_18525	6824	No terminal repeats	NA	4	11	0.9659	NA	1	5.1529	Viruses;Duplodnaviria;Heunggongvirae;Uroviricota;Caudoviricetes;;
ERR2726406_213945	164	No terminal repeats	NA	1	11	0.9658	NA	1	1.4898	Viruses;Duplodnaviria;Heunggongvirae;Uroviricota;Caudoviricetes;;
ERR2726406_23122	5376	No terminal repeats	NA	8	11	0.9658	NA	0	5.0939	Viruses;Duplodnaviria;Heunggongvirae;Uroviricota;Caudoviricetes;;
ERR2726406_9809	13236	No terminal repeats	NA	18	11	0.9656	NA	3	17.7203	Viruses;Duplodnaviria;Heunggongvirae;Uroviricota;Caudoviricetes;;
ERR2726406_13413	1632	No terminal repeats	NA	5	11	0.9655	NA	1	5.5061	Viruses;Duplodnaviria;Heunggongvirae;Uroviricota;Caudoviricetes;;
ERR2726406_294	4096	No terminal repeats	NA	11	11	0.9655	NA	1	3.9713	Viruses;Duplodnaviria;Heunggongvirae;Uroviricota;Caudoviricetes;;
ERR2726406_76582	3580	No terminal repeats	NA	10	11	0.9654	NA	2	3.7607	Viruses;Duplodnaviria;Heunggongvirae;Uroviricota;Caudoviricetes;;
ERR2726406_8576	2523	No terminal repeats	NA	6	11	0.9654	NA	0	6.5039	Viruses;Duplodnaviria;Heunggongvirae;Uroviricota;Caudoviricetes;;
ERR2726406_28661	3587	No terminal repeats	NA	6	11	0.9654	NA	0	3.9147	Viruses;Duplodnaviria;Heunggongvirae;Uroviricota;Caudoviricetes;;
ERR2726406_305420	275	No terminal repeats	NA	1	15	0.9653	NA	1	1.7183	Viruses;Duplodnaviria;Heunggongvirae;Uroviricota;Caudoviricetes;;
ERR2726406_876	11817	No terminal repeats	NA	14	11	0.9653	NA	0	14.3534	Viruses;Duplodnaviria;Heunggongvirae;Uroviricota;Caudoviricetes;;
ERR2726406_198981	815	No terminal repeats	NA	2	11	0.9653	NA	2	3.0215	Viruses;Duplodnaviria;Heunggongvirae;Uroviricota;Caudoviricetes;;
ERR2726406_33103	9094	No terminal repeats	NA	7	11	0.9652	NA	0	11.5013	Viruses;Duplodnaviria;Heunggongvirae;Uroviricota;Caudoviricetes;;
ERR2726406_283988	299	No terminal repeats	NA	1	11	0.9650	NA	1	1.7183	Viruses;Duplodnaviria;Heunggongvirae;Uroviricota;Caudoviricetes;;
ERR2726406_81572	1526	No terminal repeats	NA	3	11	0.9648	NA	2	4.6935	Viruses;Duplodnaviria;Heunggongvirae;Uroviricota;Caudoviricetes;;
ERR2726406_42570	782	No terminal repeats	NA	1	11	0.9648	NA	1	1.7183	Viruses;Duplodnaviria;Heunggongvirae;Uroviricota;Caudoviricetes;;
ERR2726406_16274	5877	No terminal repeats	NA	12	11	0.9647	NA	0	4.0616	Viruses;Duplodnaviria;Heunggongvirae;Uroviricota;Caudoviricetes;;
ERR2726406_183253	461	No terminal repeats	NA	2	11	0.9647	NA	1	3.4340	Viruses;Duplodnaviria;Heunggongvirae;Uroviricota;Caudoviricetes;;
ERR2726406_217415	328	No terminal repeats	NA	1	11	0.9644	NA	1	1.7183	Viruses;Duplodnaviria;Heunggongvirae;Uroviricota;Caudoviricetes;;
ERR2726406_144954	350	No terminal repeats	NA	1	11	0.9643	NA	1	1.7183	Viruses;Duplodnaviria;Heunggongvirae;Uroviricota;Caudoviricetes;;
ERR2726406_73117	3363	No terminal repeats	NA	6	11	0.9642	NA	0	5.9933	Viruses;Duplodnaviria;Heunggongvirae;Uroviricota;Caudoviricetes;;
ERR2726406_29916	3114	No terminal repeats	NA	6	11	0.9642	NA	0	8.5914	Unclassified
ERR2726406_5490	8531	No terminal repeats	NA	13	11	0.9642	NA	1	8.8147	Viruses;Duplodnaviria;Heunggongvirae;Uroviricota;Caudoviricetes;;
ERR2726406_81495	3686	No terminal repeats	NA	2	11	0.9640	NA	0	3.4366	Viruses;Duplodnaviria;Heunggongvirae;Uroviricota;Caudoviricetes;;
ERR2726406_32129	2832	No terminal repeats	NA	3	11	0.9639	NA	0	3.0754	Viruses;Duplodnaviria;Heunggongvirae;Uroviricota;Caudoviricetes;;
ERR2726406_17973	2997	No terminal repeats	NA	8	11	0.9639	NA	0	4.0425	Viruses;Duplodnaviria;Heunggongvirae;Uroviricota;Caudoviricetes;;
ERR2726406_289923	331	No terminal repeats	NA	1	11	0.9639	NA	1	1.7183	Viruses;Duplodnaviria;Heunggongvirae;Uroviricota;Caudoviricetes;;
ERR2726406_265197	245	No terminal repeats	NA	1	11	0.9639	NA	1	1.7183	Viruses;Duplodnaviria;Heunggongvirae;Uroviricota;Caudoviricetes;;
ERR2726406_149273	347	No terminal repeats	NA	1	11	0.9639	NA	1	1.7183	Viruses;Duplodnaviria;Heunggongvirae;Uroviricota;Caudoviricetes;;
ERR2726406_24667	2428	No terminal repeats	NA	2	11	0.9638	NA	1	2.4541	Viruses;Duplodnaviria;Heunggongvirae;Uroviricota;Caudoviricetes;;
ERR2726406_292	11417	No terminal repeats	NA	26	11	0.9636	NA	0	12.9916	Viruses;Duplodnaviria;Heunggongvirae;Uroviricota;Caudoviricetes;;
ERR2726406_358990	189	No terminal repeats	NA	1	11	0.9635	NA	1	1.7183	Viruses;Duplodnaviria;Heunggongvirae;Uroviricota;Caudoviricetes;;
ERR2726406_196327	390	No terminal repeats	NA	2	11	0.9633	NA	2	3.4366	Viruses;Duplodnaviria;Heunggongvirae;Uroviricota;Caudoviricetes;;
ERR2726406_217371	413	No terminal repeats	NA	1	11	0.9632	NA	1	1.7183	Viruses;Duplodnaviria;Heunggongvirae;Uroviricota;Caudoviricetes;;
ERR2726406_8501	3708	No terminal repeats	NA	4	11	0.9629	NA	0	4.9132	Viruses;Duplodnaviria;Heunggongvirae;Uroviricota;Caudoviricetes;;
ERR2726406_166965	647	No terminal repeats	NA	2	11	0.9629	NA	1	3.4317	Viruses;Duplodnaviria;Heunggongvirae;Uroviricota;Caudoviricetes;;
ERR2726406_46437	1100	No terminal repeats	NA	1	11	0.9629	NA	1	1.7183	Viruses;Duplodnaviria;Heunggongvirae;Uroviricota;Caudoviricetes;;
ERR2726406_86172	1231	No terminal repeats	NA	4	11	0.9626	NA	3	6.4909	Viruses;Duplodnaviria;Heunggongvirae;Uroviricota;Caudoviricetes;;
ERR2726406_181757	184	No terminal repeats	NA	1	11	0.9624	NA	1	1.7183	Viruses;Duplodnaviria;Heunggongvirae;Uroviricota;Caudoviricetes;;
ERR2726406_171090	178	No terminal repeats	NA	1	11	0.9623	NA	1	1.7183	Viruses;Duplodnaviria;Heunggongvirae;Uroviricota;Caudoviricetes;;
ERR2726406_11251	1300	No terminal repeats	NA	3	11	0.9622	NA	1	3.4366	Viruses;Duplodnaviria;Heunggongvirae;Uroviricota;Caudoviricetes;;
ERR2726406_30951	2788	No terminal repeats	NA	5	11	0.9622	NA	0	3.9118	Viruses;Duplodnaviria;Heunggongvirae;Uroviricota;Caudoviricetes;;
ERR2726406_197734	103	No terminal repeats	NA	1	11	0.9621	NA	1	1.7183	Viruses;Duplodnaviria;Heunggongvirae;Uroviricota;Caudoviricetes;;
ERR2726406_278495	159	No terminal repeats	NA	1	11	0.9619	NA	1	1.7183	Viruses;Duplodnaviria;Heunggongvirae;Uroviricota;Caudoviricetes;;
ERR2726406_62891	1319	No terminal repeats	NA	2	11	0.9619	NA	2	3.4366	Viruses;Duplodnaviria;Heunggongvirae;Uroviricota;Caudoviricetes;;
ERR2726406_85012	354	No terminal repeats	NA	2	11	0.9618	NA	1	3.3770	Viruses;Duplodnaviria;Heunggongvirae;Uroviricota;Caudoviricetes;;
ERR2726406_20004	9639	No terminal repeats	NA	13	11	0.9618	NA	3	18.5788	Viruses;Duplodnaviria;Heunggongvirae;Uroviricota;Caudoviricetes;;
ERR2726406_225518	218	No terminal repeats	NA	1	15	0.9617	NA	1	1.7183	Viruses;Duplodnaviria;Heunggongvirae;Uroviricota;Caudoviricetes;;
ERR2726406_268	3145	No terminal repeats	NA	6	11	0.9617	NA	0	3.4366	Viruses;Duplodnaviria;Heunggongvirae;Uroviricota;Caudoviricetes;;
ERR2726406_44703	769	No terminal repeats	NA	3	11	0.9617	NA	1	3.6642	Viruses;Duplodnaviria;Heunggongvirae;Uroviricota;Caudoviricetes;;
ERR2726406_41067	2486	No terminal repeats	NA	5	11	0.9617	NA	1	4.7526	Viruses;Duplodnaviria;Heunggongvirae;Uroviricota;Caudoviricetes;;
ERR2726406_323535	283	No terminal repeats	NA	1	11	0.9616	NA	1	1.7183	Viruses;Duplodnaviria;Heunggongvirae;Uroviricota;Caudoviricetes;;
ERR2726406_8402	11615	No terminal repeats	NA	19	11	0.9615	NA	4	15.7831	Viruses;Duplodnaviria;Heunggongvirae;Uroviricota;Caudoviricetes;;
ERR2726406_254536	907	No terminal repeats	NA	2	11	0.9612	NA	2	2.9752	Viruses;Duplodnaviria;Heunggongvirae;Uroviricota;Caudoviricetes;;
ERR2726406_33431	1044	No terminal repeats	NA	2	11	0.9612	NA	2	3.0323	Viruses;Duplodnaviria;Heunggongvirae;Uroviricota;Caudoviricetes;;
ERR2726406_31446	682	No terminal repeats	NA	2	11	0.9611	NA	1	3.1022	Viruses;Duplodnaviria;Heunggongvirae;Uroviricota;Caudoviricetes;;
ERR2726406_207729	341	No terminal repeats	NA	1	11	0.9610	NA	1	1.7183	Viruses;Duplodnaviria;Heunggongvirae;Uroviricota;Caudoviricetes;;
ERR2726406_188851	845	No terminal repeats	NA	1	11	0.9609	NA	1	1.7183	Viruses;Duplodnaviria;Heunggongvirae;Uroviricota;Caudoviricetes;;
ERR2726406_76427	299	No terminal repeats	NA	1	11	0.9609	NA	1	1.7183	Viruses;Duplodnaviria;Heunggongvirae;Uroviricota;Caudoviricetes;;
ERR2726406_26659	2324	No terminal repeats	NA	4	11	0.9608	NA	1	6.7690	Viruses;Duplodnaviria;Heunggongvirae;Uroviricota;Caudoviricetes;;
ERR2726406_31803	1386	No terminal repeats	NA	2	11	0.9607	NA	2	2.7444	Viruses;Duplodnaviria;Heunggongvirae;Uroviricota;Caudoviricetes;;
ERR2726406_30039	232	No terminal repeats	NA	1	11	0.9605	NA	1	1.7183	Viruses;Duplodnaviria;Heunggongvirae;Uroviricota;Caudoviricetes;;
ERR2726406_370301	309	No terminal repeats	NA	2	11	0.9603	NA	1	3.4366	Viruses;Duplodnaviria;Heunggongvirae;Uroviricota;Caudoviricetes;;
ERR2726406_177711	197	No terminal repeats	NA	1	11	0.9603	NA	1	1.7183	Viruses;Duplodnaviria;Heunggongvirae;Uroviricota;Caudoviricetes;;
ERR2726406_350215	153	No terminal repeats	NA	1	11	0.9602	NA	1	1.7183	Viruses;Duplodnaviria;Heunggongvirae;Uroviricota;Caudoviricetes;;
ERR2726406_192264	388	No terminal repeats	NA	1	11	0.9599	NA	1	1.7183	Viruses;Duplodnaviria;Heunggongvirae;Uroviricota;Caudoviricetes;;
ERR2726406_352275	239	No terminal repeats	NA	1	11	0.9599	NA	1	1.7183	Viruses;Duplodnaviria;Heunggongvirae;Uroviricota;Caudoviricetes;;
ERR2726406_206705	126	No terminal repeats	NA	1	11	0.9596	NA	1	1.7183	Viruses;Duplodnaviria;Heunggongvirae;Uroviricota;Caudoviricetes;;
ERR2726406_67011	1205	No terminal repeats	NA	2	11	0.9596	NA	2	3.0474	Viruses;Duplodnaviria;Heunggongvirae;Uroviricota;Caudoviricetes;;
ERR2726406_55034	4250	No terminal repeats	NA	8	11	0.9595	NA	0	5.1780	Viruses;Duplodnaviria;Heunggongvirae;Uroviricota;Caudoviricetes;;
ERR2726406_96216	2775	No terminal repeats	NA	6	11	0.9595	NA	0	4.1073	Viruses;Duplodnaviria;Heunggongvirae;Uroviricota;Caudoviricetes;;
ERR2726406_348619	224	No terminal repeats	NA	1	11	0.9595	NA	1	1.4718	Viruses;Duplodnaviria;Heunggongvirae;Uroviricota;Caudoviricetes;;
ERR2726406_1578	3707	No terminal repeats	NA	8	11	0.9595	NA	0	7.4862	Viruses;Duplodnaviria;Heunggongvirae;Uroviricota;Caudoviricetes;;
ERR2726406_5899	13156	No terminal repeats	NA	18	11	0.9592	NA	2	16.9593	Viruses;Duplodnaviria;Heunggongvirae;Uroviricota;Caudoviricetes;;
ERR2726406_57418	1037	No terminal repeats	NA	3	11	0.9590	NA	1	3.8517	Viruses;Duplodnaviria;Heunggongvirae;Uroviricota;Caudoviricetes;;
ERR2726406_228900	349	No terminal repeats	NA	1	11	0.9589	NA	1	1.7183	Viruses;Duplodnaviria;Heunggongvirae;Uroviricota;Caudoviricetes;;
ERR2726406_74378	1186	No terminal repeats	NA	4	11	0.9588	NA	2	5.1548	Viruses;Duplodnaviria;Heunggongvirae;Uroviricota;Caudoviricetes;;
ERR2726406_63857	2822	No terminal repeats	NA	5	11	0.9586	NA	1	2.5674	Viruses;Duplodnaviria;Heunggongvirae;Uroviricota;Caudoviricetes;;
ERR2726406_95803	369	No terminal repeats	NA	1	11	0.9586	NA	1	1.5240	Viruses;Duplodnaviria;Heunggongvirae;Uroviricota;Caudoviricetes;;
ERR2726406_5936|provirus_1_9348	9348	Provirus	1-9348	15	11	0.9586	NA	2	12.3870	Viruses;Duplodnaviria;Heunggongvirae;Uroviricota;Caudoviricetes;;
ERR2726406_88073	1883	No terminal repeats	NA	4	11	0.9584	NA	1	4.2849	Viruses;Duplodnaviria;Heunggongvirae;Uroviricota;Caudoviricetes;;
ERR2726406_25664	5536	No terminal repeats	NA	5	11	0.9584	NA	0	2.7164	Viruses;Duplodnaviria;Heunggongvirae;Uroviricota;Caudoviricetes;;
ERR2726406_160875	1206	No terminal repeats	NA	2	11	0.9583	NA	2	2.4385	Viruses;Duplodnaviria;Heunggongvirae;Uroviricota;Caudoviricetes;;
ERR2726406_393216	159	No terminal repeats	NA	1	11	0.9582	NA	1	1.7183	Viruses;Duplodnaviria;Heunggongvirae;Uroviricota;Caudoviricetes;;
ERR2726406_437811	164	No terminal repeats	NA	1	11	0.9581	NA	1	1.7183	Viruses;Duplodnaviria;Heunggongvirae;Uroviricota;Caudoviricetes;;
ERR2726406_191082	286	No terminal repeats	NA	1	11	0.9581	NA	1	1.7183	Viruses;Duplodnaviria;Heunggongvirae;Uroviricota;Caudoviricetes;;
ERR2726406_159397	548	No terminal repeats	NA	1	11	0.9581	NA	1	1.7183	Viruses;Duplodnaviria;Heunggongvirae;Uroviricota;Caudoviricetes;;
ERR2726406_36083	4879	No terminal repeats	NA	11	11	0.9580	NA	1	2.1598	Viruses;Duplodnaviria;Heunggongvirae;Uroviricota;Caudoviricetes;;
ERR2726406_441419	163	No terminal repeats	NA	1	11	0.9580	NA	1	1.7183	Viruses;Duplodnaviria;Heunggongvirae;Uroviricota;Caudoviricetes;;
ERR2726406_14416	3391	No terminal repeats	NA	3	11	0.9579	NA	0	2.8023	Viruses;Duplodnaviria;Heunggongvirae;Uroviricota;Caudoviricetes;;
ERR2726406_409518	207	No terminal repeats	NA	1	11	0.9579	NA	1	1.7183	Viruses;Duplodnaviria;Heunggongvirae;Uroviricota;Caudoviricetes;;
ERR2726406_31149	508	No terminal repeats	NA	1	11	0.9578	NA	1	1.7183	Viruses;Duplodnaviria;Heunggongvirae;Uroviricota;Caudoviricetes;;
ERR2726406_339771	552	No terminal repeats	NA	1	11	0.9577	NA	1	1.4800	Viruses;Duplodnaviria;Heunggongvirae;Uroviricota;Caudoviricetes;;Herelleviridae
ERR2726406_4465	212	No terminal repeats	NA	2	11	0.9577	NA	1	1.7183	Viruses;Duplodnaviria;Heunggongvirae;Uroviricota;Caudoviricetes;;
ERR2726406_154874	208	No terminal repeats	NA	1	11	0.9576	NA	1	1.7183	Viruses;Duplodnaviria;Heunggongvirae;Uroviricota;Caudoviricetes;;
ERR2726406_2984	1728	No terminal repeats	NA	3	11	0.9575	NA	1	1.5978	Viruses;Duplodnaviria;Heunggongvirae;Uroviricota;Caudoviricetes;;
ERR2726406_13383	7252	No terminal repeats	NA	15	11	0.9574	NA	1	12.9009	Viruses;Duplodnaviria;Heunggongvirae;Uroviricota;Caudoviricetes;;
ERR2726406_20987	2577	No terminal repeats	NA	3	11	0.9574	NA	2	3.2419	Viruses;Duplodnaviria;Heunggongvirae;Uroviricota;Caudoviricetes;;
ERR2726406_84114	2261	No terminal repeats	NA	3	11	0.9574	NA	1	3.4317	Viruses;Duplodnaviria;Heunggongvirae;Uroviricota;Caudoviricetes;;
ERR2726406_143756	165	No terminal repeats	NA	1	11	0.9573	NA	1	1.7183	Viruses;Duplodnaviria;Heunggongvirae;Uroviricota;Caudoviricetes;;
ERR2726406_7466	1613	No terminal repeats	NA	3	11	0.9573	NA	1	3.4341	Viruses;Duplodnaviria;Heunggongvirae;Uroviricota;Caudoviricetes;;
ERR2726406_325099	284	No terminal repeats	NA	1	11	0.9573	NA	1	1.7183	Viruses;Duplodnaviria;Heunggongvirae;Uroviricota;Caudoviricetes;;
ERR2726406_56763	1554	No terminal repeats	NA	2	11	0.9573	NA	1	3.3914	Viruses;Duplodnaviria;Heunggongvirae;Uroviricota;Caudoviricetes;;
ERR2726406_106526	205	No terminal repeats	NA	1	11	0.9573	NA	1	1.5252	Viruses;Duplodnaviria;Heunggongvirae;Uroviricota;Caudoviricetes;;
ERR2726406_23147	6458	No terminal repeats	NA	16	11	0.9572	NA	1	12.1809	Viruses;Duplodnaviria;Heunggongvirae;Uroviricota;Caudoviricetes;;
ERR2726406_190228	344	No terminal repeats	NA	1	11	0.9572	NA	1	1.7183	Viruses;Duplodnaviria;Heunggongvirae;Uroviricota;Caudoviricetes;;
ERR2726406_276530	128	No terminal repeats	NA	1	11	0.9572	NA	1	1.7183	Viruses;Duplodnaviria;Heunggongvirae;Uroviricota;Caudoviricetes;;
ERR2726406_334127	280	No terminal repeats	NA	2	11	0.9571	NA	1	3.1160	Viruses;Duplodnaviria;Heunggongvirae;Uroviricota;Caudoviricetes;;
ERR2726406_342153	331	No terminal repeats	NA	1	11	0.9570	NA	1	1.5001	Viruses;Duplodnaviria;Heunggongvirae;Uroviricota;Caudoviricetes;;
ERR2726406_233576	332	No terminal repeats	NA	1	11	0.9570	NA	1	1.7183	Viruses;Duplodnaviria;Heunggongvirae;Uroviricota;Caudoviricetes;;
ERR2726406_16247	1294	No terminal repeats	NA	2	11	0.9570	NA	1	3.4366	Viruses;Duplodnaviria;Heunggongvirae;Uroviricota;Caudoviricetes;;
ERR2726406_24570	9143	No terminal repeats	NA	5	11	0.9569	NA	1	5.8012	Viruses;Duplodnaviria;Heunggongvirae;Uroviricota;Caudoviricetes;;
ERR2726406_138891	189	No terminal repeats	NA	1	11	0.9568	NA	1	1.7183	Viruses;Duplodnaviria;Heunggongvirae;Uroviricota;Caudoviricetes;;
ERR2726406_43811	2524	No terminal repeats	NA	3	11	0.9565	NA	0	3.1706	Viruses;Duplodnaviria;Heunggongvirae;Uroviricota;Caudoviricetes;;
ERR2726406_1571	338	No terminal repeats	NA	1	15	0.9563	NA	1	1.7183	Viruses;Duplodnaviria;Heunggongvirae;Uroviricota;Caudoviricetes;;
ERR2726406_283635	156	No terminal repeats	NA	1	11	0.9563	NA	1	1.7183	Viruses;Duplodnaviria;Heunggongvirae;Uroviricota;Caudoviricetes;;
ERR2726406_168919	169	No terminal repeats	NA	1	11	0.9561	NA	1	1.7183	Unclassified
ERR2726406_292445	467	No terminal repeats	NA	1	11	0.9560	NA	1	1.7183	Viruses;Duplodnaviria;Heunggongvirae;Uroviricota;Caudoviricetes;;
ERR2726406_42870	375	No terminal repeats	NA	1	11	0.9559	NA	1	1.7183	Viruses;Duplodnaviria;Heunggongvirae;Uroviricota;Caudoviricetes;;
ERR2726406_212233	329	No terminal repeats	NA	1	11	0.9558	NA	1	1.7183	Viruses;Duplodnaviria;Heunggongvirae;Uroviricota;Caudoviricetes;;
ERR2726406_121203	649	No terminal repeats	NA	2	11	0.9557	NA	2	3.4366	Viruses;Duplodnaviria;Heunggongvirae;Uroviricota;Caudoviricetes;;
ERR2726406_65504	4711	No terminal repeats	NA	6	11	0.9555	NA	0	6.5430	Viruses;Duplodnaviria;Heunggongvirae;Uroviricota;Caudoviricetes;;
ERR2726406_222671	404	No terminal repeats	NA	1	11	0.9553	NA	1	1.7183	Viruses;Duplodnaviria;Heunggongvirae;Uroviricota;Caudoviricetes;;
ERR2726406_33048	344	No terminal repeats	NA	1	11	0.9552	NA	1	1.7183	Viruses;Duplodnaviria;Heunggongvirae;Uroviricota;Caudoviricetes;;
ERR2726406_251811	203	No terminal repeats	NA	1	11	0.9552	NA	1	1.4850	Viruses;Duplodnaviria;Heunggongvirae;Uroviricota;Caudoviricetes;;
ERR2726406_121380	851	No terminal repeats	NA	1	11	0.9552	NA	1	1.7183	Viruses;Duplodnaviria;Heunggongvirae;Uroviricota;Caudoviricetes;;
ERR2726406_19041	2612	No terminal repeats	NA	4	11	0.9551	NA	0	4.6201	Viruses;Duplodnaviria;Heunggongvirae;Uroviricota;Caudoviricetes;;
ERR2726406_75915	1954	No terminal repeats	NA	2	11	0.9551	NA	1	2.9074	Viruses;Duplodnaviria;Heunggongvirae;Uroviricota;Caudoviricetes;;
ERR2726406_152757	575	No terminal repeats	NA	2	11	0.9550	NA	1	3.1692	Viruses;Duplodnaviria;Heunggongvirae;Uroviricota;Caudoviricetes;;
ERR2726406_100786	392	No terminal repeats	NA	1	11	0.9550	NA	1	1.7183	Viruses;Duplodnaviria;Heunggongvirae;Uroviricota;Caudoviricetes;;
ERR2726406_43949	1550	No terminal repeats	NA	4	11	0.9550	NA	1	4.1933	Viruses;Duplodnaviria;Heunggongvirae;Uroviricota;Caudoviricetes;;
ERR2726406_254734	146	No terminal repeats	NA	1	11	0.9549	NA	1	1.4524	Viruses;Duplodnaviria;Heunggongvirae;Uroviricota;Caudoviricetes;;
ERR2726406_17309	1151	No terminal repeats	NA	3	11	0.9547	NA	3	3.9944	Viruses;Duplodnaviria;Heunggongvirae;Uroviricota;Caudoviricetes;;
ERR2726406_285942	159	No terminal repeats	NA	1	11	0.9547	NA	1	1.7183	Viruses;Duplodnaviria;Heunggongvirae;Uroviricota;Caudoviricetes;;
ERR2726406_129898	295	No terminal repeats	NA	1	11	0.9546	NA	1	1.7183	Viruses;Duplodnaviria;Heunggongvirae;Uroviricota;Caudoviricetes;;
ERR2726406_73216	155	No terminal repeats	NA	1	11	0.9546	NA	1	1.7183	Viruses;Duplodnaviria;Heunggongvirae;Uroviricota;Caudoviricetes;;
ERR2726406_33776	2957	No terminal repeats	NA	6	11	0.9545	NA	0	4.6731	Viruses;Duplodnaviria;Heunggongvirae;Uroviricota;Caudoviricetes;;
ERR2726406_100278	2223	No terminal repeats	NA	4	11	0.9545	NA	2	3.1100	Viruses;Duplodnaviria;Heunggongvirae;Uroviricota;Caudoviricetes;;
ERR2726406_21092	3629	No terminal repeats	NA	2	11	0.9541	NA	0	3.3961	Viruses;Duplodnaviria;Heunggongvirae;Uroviricota;Caudoviricetes;;
ERR2726406_350368	301	No terminal repeats	NA	1	11	0.9541	NA	1	1.4718	Viruses;Duplodnaviria;Heunggongvirae;Uroviricota;Caudoviricetes;;
ERR2726406_410815	153	No terminal repeats	NA	1	11	0.9539	NA	1	1.7183	Viruses;Duplodnaviria;Heunggongvirae;Uroviricota;Caudoviricetes;;
ERR2726406_418034	160	No terminal repeats	NA	1	11	0.9538	NA	1	1.7183	Viruses;Duplodnaviria;Heunggongvirae;Uroviricota;Caudoviricetes;;
ERR2726406_8282	9070	No terminal repeats	NA	16	11	0.9536	NA	0	5.0380	Viruses;Duplodnaviria;Heunggongvirae;Uroviricota;Caudoviricetes;;
ERR2726406_22858	2143	No terminal repeats	NA	3	11	0.9535	NA	1	3.0483	Viruses;Duplodnaviria;Heunggongvirae;Uroviricota;Caudoviricetes;;
ERR2726406_51810	418	No terminal repeats	NA	2	11	0.9534	NA	2	3.1707	Viruses;Duplodnaviria;Heunggongvirae;Uroviricota;Caudoviricetes;;
ERR2726406_30354	1098	No terminal repeats	NA	2	11	0.9532	NA	1	2.8519	Viruses;Duplodnaviria;Heunggongvirae;Uroviricota;Caudoviricetes;;
ERR2726406_168623	309	No terminal repeats	NA	1	11	0.9532	NA	1	1.7183	Viruses;Duplodnaviria;Heunggongvirae;Uroviricota;Caudoviricetes;;
ERR2726406_70052	640	No terminal repeats	NA	2	11	0.9531	NA	1	3.4366	Viruses;Duplodnaviria;Heunggongvirae;Uroviricota;Caudoviricetes;;
ERR2726406_36670	2888	No terminal repeats	NA	6	11	0.9530	NA	0	4.5804	Viruses;Duplodnaviria;Heunggongvirae;Uroviricota;Caudoviricetes;;
ERR2726406_348134	240	No terminal repeats	NA	1	11	0.9530	NA	1	1.7183	Viruses;Duplodnaviria;Heunggongvirae;Uroviricota;Caudoviricetes;;
ERR2726406_322729	142	No terminal repeats	NA	1	11	0.9530	NA	1	1.7183	Viruses;Duplodnaviria;Heunggongvirae;Uroviricota;Caudoviricetes;;
ERR2726406_120324	3662	No terminal repeats	NA	4	11	0.9528	NA	2	3.2463	Viruses;Duplodnaviria;Heunggongvirae;Uroviricota;Caudoviricetes;;
ERR2726406_226826	493	No terminal repeats	NA	1	11	0.9525	NA	1	1.7183	Viruses;Duplodnaviria;Heunggongvirae;Uroviricota;Caudoviricetes;;
ERR2726406_5440	4080	No terminal repeats	NA	6	11	0.9524	NA	0	3.5746	Viruses;Duplodnaviria;Heunggongvirae;Uroviricota;Caudoviricetes;;
ERR2726406_50807	252	No terminal repeats	NA	1	11	0.9523	NA	1	1.7183	Viruses;Duplodnaviria;Heunggongvirae;Uroviricota;Caudoviricetes;;
ERR2726406_355213	415	No terminal repeats	NA	2	11	0.9523	NA	1	3.3041	Viruses;Duplodnaviria;Heunggongvirae;Uroviricota;Caudoviricetes;;
ERR2726406_385904	283	No terminal repeats	NA	1	11	0.9522	NA	1	1.7183	Viruses;Duplodnaviria;Heunggongvirae;Uroviricota;Caudoviricetes;;
ERR2726406_71310	1427	No terminal repeats	NA	2	11	0.9522	NA	2	3.2346	Viruses;Duplodnaviria;Heunggongvirae;Uroviricota;Caudoviricetes;;
ERR2726406_12077	1766	No terminal repeats	NA	5	11	0.9520	NA	1	6.5337	Viruses;Duplodnaviria;Heunggongvirae;Uroviricota;Caudoviricetes;;
ERR2726406_124392	647	No terminal repeats	NA	2	11	0.9520	NA	2	3.4366	Viruses;Duplodnaviria;Heunggongvirae;Uroviricota;Caudoviricetes;;
ERR2726406_267993	323	No terminal repeats	NA	1	11	0.9519	NA	1	1.7183	Viruses;Duplodnaviria;Heunggongvirae;Uroviricota;Caudoviricetes;;
ERR2726406_265217	508	No terminal repeats	NA	1	11	0.9519	NA	1	1.7183	Viruses;Duplodnaviria;Heunggongvirae;Uroviricota;Caudoviricetes;;
ERR2726406_180152	226	No terminal repeats	NA	1	11	0.9518	NA	1	1.7183	Viruses;Duplodnaviria;Heunggongvirae;Uroviricota;Caudoviricetes;;
ERR2726406_209606	190	No terminal repeats	NA	1	11	0.9516	NA	1	1.7183	Viruses;Duplodnaviria;Heunggongvirae;Uroviricota;Caudoviricetes;;
ERR2726406_1598	3209	No terminal repeats	NA	7	11	0.9516	NA	0	6.8390	Viruses;Duplodnaviria;Heunggongvirae;Uroviricota;Caudoviricetes;;
ERR2726406_140593	496	No terminal repeats	NA	2	11	0.9513	NA	1	3.4351	Viruses;Duplodnaviria;Heunggongvirae;Uroviricota;Caudoviricetes;;
ERR2726406_163213	318	No terminal repeats	NA	1	11	0.9511	NA	1	1.7183	Viruses;Duplodnaviria;Heunggongvirae;Uroviricota;Caudoviricetes;;
ERR2726406_42972	6574	No terminal repeats	NA	1	11	0.9510	NA	0	1.7183	Viruses;Duplodnaviria;Heunggongvirae;Uroviricota;Caudoviricetes;;
ERR2726406_162155	297	No terminal repeats	NA	2	11	0.9510	NA	2	3.2858	Viruses;Duplodnaviria;Heunggongvirae;Uroviricota;Caudoviricetes;;
ERR2726406_394374	189	No terminal repeats	NA	1	11	0.9509	NA	1	1.7183	Viruses;Duplodnaviria;Heunggongvirae;Uroviricota;Caudoviricetes;;
ERR2726406_372547	214	No terminal repeats	NA	1	11	0.9508	NA	1	1.7183	Viruses;Duplodnaviria;Heunggongvirae;Uroviricota;Caudoviricetes;;
ERR2726406_58698	365	No terminal repeats	NA	1	11	0.9508	NA	1	1.5252	Viruses;Duplodnaviria;Heunggongvirae;Uroviricota;Caudoviricetes;;
ERR2726406_113561	1258	No terminal repeats	NA	6	11	0.9508	NA	1	4.4212	Viruses;Duplodnaviria;Heunggongvirae;Uroviricota;Caudoviricetes;;
ERR2726406_258998	334	No terminal repeats	NA	1	11	0.9506	NA	1	1.7183	Viruses;Duplodnaviria;Heunggongvirae;Uroviricota;Caudoviricetes;;
ERR2726406_23429	15144	No terminal repeats	NA	24	11	0.9506	NA	9	30.8168	Viruses;Duplodnaviria;Heunggongvirae;Uroviricota;Caudoviricetes;;
ERR2726406_302103	441	No terminal repeats	NA	1	11	0.9506	NA	1	1.5118	Viruses;Duplodnaviria;Heunggongvirae;Uroviricota;Caudoviricetes;;
ERR2726406_79244	277	No terminal repeats	NA	1	11	0.9504	NA	1	1.7183	Viruses;Duplodnaviria;Heunggongvirae;Uroviricota;Caudoviricetes;;
ERR2726406_221991	166	No terminal repeats	NA	1	11	0.9504	NA	1	1.7183	Unclassified
ERR2726406_1201	4953	No terminal repeats	NA	1	11	0.9504	NA	0	1.1797	Viruses;Duplodnaviria;Heunggongvirae;Uroviricota;Caudoviricetes;;
ERR2726406_65949	3409	No terminal repeats	NA	7	11	0.9501	NA	0	3.3606	Viruses;Duplodnaviria;Heunggongvirae;Uroviricota;Caudoviricetes;;
ERR2726406_175698	428	No terminal repeats	NA	2	11	0.9500	NA	2	3.4333	Viruses;Duplodnaviria;Heunggongvirae;Uroviricota;Caudoviricetes;;
ERR2726406_284368	333	No terminal repeats	NA	1	11	0.9499	NA	1	1.7183	Viruses;Duplodnaviria;Heunggongvirae;Uroviricota;Caudoviricetes;;
ERR2726406_194202	616	No terminal repeats	NA	1	11	0.9498	NA	1	1.7183	Viruses;Duplodnaviria;Heunggongvirae;Uroviricota;Caudoviricetes;;
ERR2726406_181310	193	No terminal repeats	NA	1	11	0.9497	NA	1	1.7183	Viruses;Duplodnaviria;Heunggongvirae;Uroviricota;Caudoviricetes;;
ERR2726406_213549	175	No terminal repeats	NA	1	11	0.9497	NA	1	1.7183	Viruses;Duplodnaviria;Heunggongvirae;Uroviricota;Caudoviricetes;;
ERR2726406_187006	224	No terminal repeats	NA	1	11	0.9492	NA	1	1.7183	Viruses;Duplodnaviria;Heunggongvirae;Uroviricota;Caudoviricetes;;
ERR2726406_127414	234	No terminal repeats	NA	1	11	0.9490	NA	1	1.7183	Viruses;Duplodnaviria;Heunggongvirae;Uroviricota;Caudoviricetes;;
ERR2726406_39192	833	No terminal repeats	NA	1	11	0.9490	NA	1	1.7183	Viruses;Duplodnaviria;Heunggongvirae;Uroviricota;Caudoviricetes;;
ERR2726406_189184	1348	No terminal repeats	NA	1	11	0.9488	NA	1	1.4920	Viruses;Duplodnaviria;Heunggongvirae;Uroviricota;Caudoviricetes;;
ERR2726406_403250	195	No terminal repeats	NA	1	11	0.9485	NA	1	1.7183	Viruses;Duplodnaviria;Heunggongvirae;Uroviricota;Caudoviricetes;;
ERR2726406_204827	155	No terminal repeats	NA	1	11	0.9484	NA	1	1.7183	Viruses;Duplodnaviria;Heunggongvirae;Uroviricota;Caudoviricetes;;
ERR2726406_118284	221	No terminal repeats	NA	1	4	0.9483	NA	1	1.7183	Viruses;Duplodnaviria;Heunggongvirae;Uroviricota;Caudoviricetes;;
ERR2726406_26090	1158	No terminal repeats	NA	2	11	0.9481	NA	1	1.7183	Viruses;Duplodnaviria;Heunggongvirae;Uroviricota;Caudoviricetes;;
ERR2726406_63909	645	No terminal repeats	NA	1	11	0.9479	NA	1	1.7183	Viruses;Duplodnaviria;Heunggongvirae;Uroviricota;Caudoviricetes;;
ERR2726406_248092	197	No terminal repeats	NA	1	11	0.9479	NA	1	1.7183	Viruses;Duplodnaviria;Heunggongvirae;Uroviricota;Caudoviricetes;;
ERR2726406_68203	4936	No terminal repeats	NA	3	11	0.9479	NA	0	1.2785	Viruses;Duplodnaviria;Heunggongvirae;Uroviricota;Caudoviricetes;;
ERR2726406_18115	6045	No terminal repeats	NA	10	11	0.9478	NA	0	12.8641	Viruses;Duplodnaviria;Heunggongvirae;Uroviricota;Caudoviricetes;;
ERR2726406_191821	601	No terminal repeats	NA	2	11	0.9476	NA	1	2.8458	Viruses;Duplodnaviria;Heunggongvirae;Uroviricota;Caudoviricetes;;
ERR2726406_89954	1207	No terminal repeats	NA	4	11	0.9475	NA	1	4.4239	Viruses;Duplodnaviria;Heunggongvirae;Uroviricota;Caudoviricetes;;
ERR2726406_425333	222	No terminal repeats	NA	1	11	0.9475	NA	1	1.7183	Viruses;Duplodnaviria;Heunggongvirae;Uroviricota;Caudoviricetes;;
ERR2726406_87341	2240	No terminal repeats	NA	4	11	0.9473	NA	1	3.4203	Viruses;Duplodnaviria;Heunggongvirae;Uroviricota;Caudoviricetes;;
ERR2726406_116767	928	No terminal repeats	NA	2	11	0.9470	NA	1	1.5052	Viruses;Duplodnaviria;Heunggongvirae;Uroviricota;Caudoviricetes;;
ERR2726406_139644	263	No terminal repeats	NA	2	11	0.9468	NA	2	3.4366	Viruses;Duplodnaviria;Heunggongvirae;Uroviricota;Caudoviricetes;;
ERR2726406_261133	391	No terminal repeats	NA	1	11	0.9466	NA	1	1.7183	Viruses;Duplodnaviria;Heunggongvirae;Uroviricota;Caudoviricetes;;
ERR2726406_9576	1557	No terminal repeats	NA	3	11	0.9466	NA	1	5.1307	Viruses;Duplodnaviria;Heunggongvirae;Uroviricota;Caudoviricetes;;
ERR2726406_19942	1072	No terminal repeats	NA	1	11	0.9465	NA	1	1.7183	Viruses;Duplodnaviria;Heunggongvirae;Uroviricota;Caudoviricetes;;
ERR2726406_42503	169	No terminal repeats	NA	1	11	0.9464	NA	1	1.7183	Unclassified
ERR2726406_128903	443	No terminal repeats	NA	1	11	0.9464	NA	1	1.7183	Viruses;Duplodnaviria;Heunggongvirae;Uroviricota;Caudoviricetes;;
ERR2726406_15226	953	No terminal repeats	NA	2	11	0.9462	NA	2	2.9008	Viruses;Duplodnaviria;Heunggongvirae;Uroviricota;Caudoviricetes;;
ERR2726406_234733	291	No terminal repeats	NA	1	11	0.9460	NA	1	1.7183	Viruses;Duplodnaviria;Heunggongvirae;Uroviricota;Caudoviricetes;;
ERR2726406_19557	5231	No terminal repeats	NA	3	11	0.9459	NA	0	1.7183	Viruses;Duplodnaviria;Heunggongvirae;Uroviricota;Caudoviricetes;;
ERR2726406_6218	2599	No terminal repeats	NA	2	11	0.9457	NA	1	1.4889	Viruses;Duplodnaviria;Heunggongvirae;Uroviricota;Caudoviricetes;;
ERR2726406_80204	190	No terminal repeats	NA	1	11	0.9457	NA	1	1.4188	Viruses;Monodnaviria;Loebvirae;Hofneiviricota;Faserviricetes;Tubulavirales;Inoviridae
ERR2726406_286298	314	No terminal repeats	NA	1	11	0.9456	NA	1	1.7183	Viruses;Duplodnaviria;Heunggongvirae;Uroviricota;Caudoviricetes;;
ERR2726406_50318	403	No terminal repeats	NA	1	11	0.9456	NA	1	1.7183	Viruses;Duplodnaviria;Heunggongvirae;Uroviricota;Caudoviricetes;;
ERR2726406_44920	242	No terminal repeats	NA	1	11	0.9453	NA	1	1.5675	Viruses;Duplodnaviria;Heunggongvirae;Uroviricota;Caudoviricetes;;
ERR2726406_414450	216	No terminal repeats	NA	1	11	0.9452	NA	1	1.7183	Viruses;Duplodnaviria;Heunggongvirae;Uroviricota;Caudoviricetes;;
ERR2726406_33545	1600	No terminal repeats	NA	2	11	0.9451	NA	1	2.8281	Viruses;Duplodnaviria;Heunggongvirae;Uroviricota;Caudoviricetes;;
ERR2726406_284294	197	No terminal repeats	NA	1	11	0.9451	NA	1	1.7183	Viruses;Duplodnaviria;Heunggongvirae;Uroviricota;Caudoviricetes;;
ERR2726406_11243	3205	No terminal repeats	NA	2	11	0.9450	NA	0	1.4953	Viruses;Duplodnaviria;Heunggongvirae;Uroviricota;Caudoviricetes;;
ERR2726406_73733	354	No terminal repeats	NA	1	11	0.9450	NA	1	1.7183	Viruses;Duplodnaviria;Heunggongvirae;Uroviricota;Caudoviricetes;;
ERR2726406_6522	11826	No terminal repeats	NA	10	11	0.9449	NA	1	4.8718	Viruses;Duplodnaviria;Heunggongvirae;Uroviricota;Caudoviricetes;;
ERR2726406_363297	184	No terminal repeats	NA	1	11	0.9449	NA	1	1.7183	Viruses;Duplodnaviria;Heunggongvirae;Uroviricota;Caudoviricetes;;
ERR2726406_394469	225	No terminal repeats	NA	1	11	0.9448	NA	1	1.7183	Viruses;Duplodnaviria;Heunggongvirae;Uroviricota;Caudoviricetes;;
ERR2726406_213736	330	No terminal repeats	NA	1	11	0.9447	NA	1	1.7183	Viruses;Duplodnaviria;Heunggongvirae;Uroviricota;Caudoviricetes;;
ERR2726406_8612	1985	No terminal repeats	NA	5	11	0.9446	NA	1	5.1105	Viruses;Duplodnaviria;Heunggongvirae;Uroviricota;Caudoviricetes;;
ERR2726406_30905	194	No terminal repeats	NA	1	11	0.9446	NA	1	1.7183	Viruses;Duplodnaviria;Heunggongvirae;Uroviricota;Caudoviricetes;;
ERR2726406_215249	299	No terminal repeats	NA	1	11	0.9446	NA	1	1.7183	Viruses;Duplodnaviria;Heunggongvirae;Uroviricota;Caudoviricetes;;
ERR2726406_92947	390	No terminal repeats	NA	1	11	0.9444	NA	1	1.3108	Viruses;Duplodnaviria;Heunggongvirae;Uroviricota;Caudoviricetes;;
ERR2726406_13155	10233	No terminal repeats	NA	17	11	0.9442	NA	0	18.9976	Viruses;Duplodnaviria;Heunggongvirae;Uroviricota;Caudoviricetes;;
ERR2726406_8704	1339	No terminal repeats	NA	3	11	0.9442	NA	2	3.2163	Viruses;Duplodnaviria;Heunggongvirae;Uroviricota;Caudoviricetes;;
ERR2726406_93772	268	No terminal repeats	NA	2	11	0.9440	NA	2	3.1378	Viruses;Duplodnaviria;Heunggongvirae;Uroviricota;Caudoviricetes;;
ERR2726406_43242	2590	No terminal repeats	NA	4	11	0.9439	NA	0	3.0340	Viruses;Duplodnaviria;Heunggongvirae;Uroviricota;Caudoviricetes;;
ERR2726406_266522	190	No terminal repeats	NA	1	11	0.9437	NA	1	1.7183	Viruses;Duplodnaviria;Heunggongvirae;Uroviricota;Caudoviricetes;;
ERR2726406_191563	796	No terminal repeats	NA	3	11	0.9437	NA	1	2.9899	Viruses;Duplodnaviria;Heunggongvirae;Uroviricota;Caudoviricetes;;
ERR2726406_1674	749	No terminal repeats	NA	1	11	0.9436	NA	1	1.7183	Viruses;Duplodnaviria;Heunggongvirae;Uroviricota;Caudoviricetes;;
ERR2726406_3835	231	No terminal repeats	NA	1	11	0.9436	NA	1	1.7183	Viruses;Duplodnaviria;Heunggongvirae;Uroviricota;Caudoviricetes;;
ERR2726406_27759	917	No terminal repeats	NA	2	11	0.9435	NA	2	3.4117	Viruses;Duplodnaviria;Heunggongvirae;Uroviricota;Caudoviricetes;;
ERR2726406_343230	190	No terminal repeats	NA	1	11	0.9433	NA	1	1.7183	Viruses;Duplodnaviria;Heunggongvirae;Uroviricota;Caudoviricetes;;
ERR2726406_241879	360	No terminal repeats	NA	1	11	0.9433	NA	1	1.7183	Viruses;Duplodnaviria;Heunggongvirae;Uroviricota;Caudoviricetes;;
ERR2726406_3359	1116	No terminal repeats	NA	3	11	0.9432	NA	1	3.4357	Viruses;Duplodnaviria;Heunggongvirae;Uroviricota;Caudoviricetes;;
ERR2726406_8917	1078	No terminal repeats	NA	2	11	0.9432	NA	2	2.6571	Viruses;Duplodnaviria;Heunggongvirae;Uroviricota;Caudoviricetes;;
ERR2726406_85728	2607	No terminal repeats	NA	4	11	0.9431	NA	1	5.5762	Viruses;Duplodnaviria;Heunggongvirae;Uroviricota;Caudoviricetes;;
ERR2726406_61072	490	No terminal repeats	NA	2	11	0.9431	NA	1	1.7183	Viruses;Duplodnaviria;Heunggongvirae;Uroviricota;Caudoviricetes;;
ERR2726406_181519	1865	No terminal repeats	NA	3	11	0.9431	NA	1	3.0816	Viruses;Duplodnaviria;Heunggongvirae;Uroviricota;Caudoviricetes;;
ERR2726406_25715	1228	No terminal repeats	NA	3	11	0.9429	NA	1	2.9490	Viruses;Duplodnaviria;Heunggongvirae;Uroviricota;Caudoviricetes;;
ERR2726406_243884	113	No terminal repeats	NA	1	11	0.9427	NA	1	1.7183	Viruses;Duplodnaviria;Heunggongvirae;Uroviricota;Caudoviricetes;;
ERR2726406_5047	1077	No terminal repeats	NA	2	11	0.9426	NA	2	2.9844	Viruses;Duplodnaviria;Heunggongvirae;Uroviricota;Caudoviricetes;;
ERR2726406_149560	737	No terminal repeats	NA	1	11	0.9425	NA	1	1.4689	Viruses;Duplodnaviria;Heunggongvirae;Uroviricota;Caudoviricetes;;
ERR2726406_326593	217	No terminal repeats	NA	1	11	0.9425	NA	1	1.4523	Viruses;Duplodnaviria;Heunggongvirae;Uroviricota;Caudoviricetes;;
ERR2726406_115676	743	No terminal repeats	NA	1	11	0.9425	NA	1	1.7183	Viruses;Duplodnaviria;Heunggongvirae;Uroviricota;Caudoviricetes;;
ERR2726406_17047	1416	No terminal repeats	NA	3	11	0.9425	NA	2	3.4366	Viruses;Duplodnaviria;Heunggongvirae;Uroviricota;Caudoviricetes;;
ERR2726406_19455	227	No terminal repeats	NA	2	11	0.9424	NA	1	1.7183	Viruses;Duplodnaviria;Heunggongvirae;Uroviricota;Caudoviricetes;;
ERR2726406_132147	335	No terminal repeats	NA	1	11	0.9424	NA	1	1.7183	Viruses;Duplodnaviria;Heunggongvirae;Uroviricota;Caudoviricetes;;
ERR2726406_185205	439	No terminal repeats	NA	1	11	0.9422	NA	1	1.7183	Viruses;Duplodnaviria;Heunggongvirae;Uroviricota;Caudoviricetes;;
ERR2726406_230697	538	No terminal repeats	NA	1	11	0.9420	NA	1	1.7183	Viruses;Duplodnaviria;Heunggongvirae;Uroviricota;Caudoviricetes;;
ERR2726406_116018	215	No terminal repeats	NA	1	11	0.9419	NA	1	1.4506	Viruses;Duplodnaviria;Heunggongvirae;Uroviricota;Caudoviricetes;;
ERR2726406_252791	128	No terminal repeats	NA	1	11	0.9419	NA	1	1.7183	Viruses;Duplodnaviria;Heunggongvirae;Uroviricota;Caudoviricetes;;
ERR2726406_21036	442	No terminal repeats	NA	1	11	0.9418	NA	1	1.7183	Viruses;Duplodnaviria;Heunggongvirae;Uroviricota;Caudoviricetes;;
ERR2726406_75235	270	No terminal repeats	NA	1	11	0.9416	NA	1	1.3293	Viruses;Duplodnaviria;Heunggongvirae;Uroviricota;Caudoviricetes;;
ERR2726406_184486	759	No terminal repeats	NA	1	11	0.9415	NA	1	1.7183	Viruses;Duplodnaviria;Heunggongvirae;Uroviricota;Caudoviricetes;;
ERR2726406_44517	2066	No terminal repeats	NA	4	11	0.9414	NA	1	5.1273	Viruses;Duplodnaviria;Heunggongvirae;Uroviricota;Caudoviricetes;;
ERR2726406_167491	626	No terminal repeats	NA	2	11	0.9412	NA	1	1.7183	Viruses;Duplodnaviria;Heunggongvirae;Uroviricota;Caudoviricetes;;
ERR2726406_56886	438	No terminal repeats	NA	1	11	0.9412	NA	1	1.7183	Viruses;Duplodnaviria;Heunggongvirae;Uroviricota;Caudoviricetes;;
ERR2726406_312827	164	No terminal repeats	NA	1	11	0.9412	NA	1	1.4524	Viruses;Duplodnaviria;Heunggongvirae;Uroviricota;Caudoviricetes;;
ERR2726406_41566	1530	No terminal repeats	NA	3	11	0.9412	NA	2	3.4366	Viruses;Duplodnaviria;Heunggongvirae;Uroviricota;Caudoviricetes;;
ERR2726406_103067	1259	No terminal repeats	NA	2	11	0.9410	NA	1	3.4366	Viruses;Duplodnaviria;Heunggongvirae;Uroviricota;Caudoviricetes;;
ERR2726406_251220	533	No terminal repeats	NA	1	11	0.9409	NA	1	1.7183	Viruses;Duplodnaviria;Heunggongvirae;Uroviricota;Caudoviricetes;;
ERR2726406_5610	1050	No terminal repeats	NA	3	11	0.9407	NA	1	3.0352	Viruses;Duplodnaviria;Heunggongvirae;Uroviricota;Caudoviricetes;;
ERR2726406_8152	1396	No terminal repeats	NA	2	11	0.9406	NA	2	2.3663	Viruses;Duplodnaviria;Heunggongvirae;Uroviricota;Caudoviricetes;;
ERR2726406_2655	706	No terminal repeats	NA	1	11	0.9403	NA	1	1.6739	Viruses;Duplodnaviria;Heunggongvirae;Uroviricota;Caudoviricetes;;
ERR2726406_351946	216	No terminal repeats	NA	2	11	0.9398	NA	1	1.3483	Viruses;Duplodnaviria;Heunggongvirae;Uroviricota;Caudoviricetes;;
ERR2726406_137396	203	No terminal repeats	NA	1	11	0.9398	NA	1	1.5032	Viruses;Duplodnaviria;Heunggongvirae;Uroviricota;Caudoviricetes;;
ERR2726406_38959	382	No terminal repeats	NA	1	11	0.9397	NA	1	1.5252	Viruses;Duplodnaviria;Heunggongvirae;Uroviricota;Caudoviricetes;;
ERR2726406_398200	272	No terminal repeats	NA	1	11	0.9397	NA	1	1.2991	Viruses;Duplodnaviria;Heunggongvirae;Uroviricota;Caudoviricetes;;
ERR2726406_62157	523	No terminal repeats	NA	1	11	0.9395	NA	1	1.5118	Viruses;Duplodnaviria;Heunggongvirae;Uroviricota;Caudoviricetes;;
ERR2726406_226751	235	No terminal repeats	NA	1	11	0.9393	NA	1	1.7183	Viruses;Duplodnaviria;Heunggongvirae;Uroviricota;Caudoviricetes;;
ERR2726406_31020	1023	No terminal repeats	NA	1	11	0.9392	NA	1	1.7183	Viruses;Duplodnaviria;Heunggongvirae;Uroviricota;Caudoviricetes;;
ERR2726406_55309	238	No terminal repeats	NA	1	11	0.9391	NA	1	1.7183	Viruses;Duplodnaviria;Heunggongvirae;Uroviricota;Caudoviricetes;;
ERR2726406_57061	3333	No terminal repeats	NA	4	11	0.9391	NA	1	5.1286	Viruses;Duplodnaviria;Heunggongvirae;Uroviricota;Caudoviricetes;;
ERR2726406_79296	468	No terminal repeats	NA	1	11	0.9390	NA	1	1.7183	Viruses;Duplodnaviria;Heunggongvirae;Uroviricota;Caudoviricetes;;
ERR2726406_24535	422	No terminal repeats	NA	1	11	0.9389	NA	1	1.5087	Viruses;Duplodnaviria;Heunggongvirae;Uroviricota;Caudoviricetes;;
ERR2726406_343832	281	No terminal repeats	NA	1	11	0.9389	NA	1	1.6517	Viruses;Duplodnaviria;Heunggongvirae;Uroviricota;Caudoviricetes;;
ERR2726406_387044	179	No terminal repeats	NA	1	11	0.9387	NA	1	1.7183	Viruses;Duplodnaviria;Heunggongvirae;Uroviricota;Caudoviricetes;;
ERR2726406_235052	231	No terminal repeats	NA	1	11	0.9387	NA	1	1.7183	Viruses;Duplodnaviria;Heunggongvirae;Uroviricota;Caudoviricetes;;
ERR2726406_60192	3250	No terminal repeats	NA	2	11	0.9386	NA	1	3.4156	Viruses;Duplodnaviria;Heunggongvirae;Uroviricota;Caudoviricetes;;
ERR2726406_422496	248	No terminal repeats	NA	2	11	0.9385	NA	1	1.3324	Viruses;Duplodnaviria;Heunggongvirae;Uroviricota;Caudoviricetes;;
ERR2726406_67307	379	No terminal repeats	NA	1	11	0.9381	NA	1	1.7183	Viruses;Duplodnaviria;Heunggongvirae;Uroviricota;Caudoviricetes;;
ERR2726406_158698	226	No terminal repeats	NA	2	11	0.9377	NA	2	3.1707	Viruses;Duplodnaviria;Heunggongvirae;Uroviricota;Caudoviricetes;;
ERR2726406_2169	423	No terminal repeats	NA	1	11	0.9377	NA	1	1.7183	Viruses;Duplodnaviria;Heunggongvirae;Uroviricota;Caudoviricetes;;
ERR2726406_30444	7726	No terminal repeats	NA	14	11	0.9376	NA	1	4.9314	Viruses;Duplodnaviria;Heunggongvirae;Uroviricota;Caudoviricetes;;
ERR2726406_111061	2196	No terminal repeats	NA	2	11	0.9375	NA	2	3.4366	Viruses;Duplodnaviria;Heunggongvirae;Uroviricota;Caudoviricetes;;
ERR2726406_72515	649	No terminal repeats	NA	2	11	0.9374	NA	1	3.0990	Viruses;Duplodnaviria;Heunggongvirae;Uroviricota;Caudoviricetes;;
ERR2726406_53327	380	No terminal repeats	NA	1	11	0.9372	NA	1	1.7183	Viruses;Duplodnaviria;Heunggongvirae;Uroviricota;Caudoviricetes;;
ERR2726406_278001	219	No terminal repeats	NA	1	11	0.9371	NA	1	1.7183	Viruses;Duplodnaviria;Heunggongvirae;Uroviricota;Caudoviricetes;;
ERR2726406_113	3687	No terminal repeats	NA	6	11	0.9371	NA	2	3.9080	Viruses;Duplodnaviria;Heunggongvirae;Uroviricota;Caudoviricetes;;
ERR2726406_71592	4155	No terminal repeats	NA	9	11	0.9370	NA	1	9.1647	Viruses;Duplodnaviria;Heunggongvirae;Uroviricota;Caudoviricetes;;
ERR2726406_224064	223	No terminal repeats	NA	1	11	0.9370	NA	1	1.7183	Viruses;Duplodnaviria;Heunggongvirae;Uroviricota;Caudoviricetes;;
ERR2726406_142412	701	No terminal repeats	NA	1	11	0.9369	NA	1	1.7183	Viruses;Duplodnaviria;Heunggongvirae;Uroviricota;Caudoviricetes;;
ERR2726406_310341	179	No terminal repeats	NA	1	11	0.9368	NA	1	1.7183	Viruses;Duplodnaviria;Heunggongvirae;Uroviricota;Caudoviricetes;;
ERR2726406_195241	619	No terminal repeats	NA	1	11	0.9368	NA	1	1.7183	Viruses;Duplodnaviria;Heunggongvirae;Uroviricota;Caudoviricetes;;
ERR2726406_52465	1739	No terminal repeats	NA	6	11	0.9368	NA	1	3.8041	Viruses;Duplodnaviria;Heunggongvirae;Uroviricota;Caudoviricetes;;
ERR2726406_358492	161	No terminal repeats	NA	1	11	0.9367	NA	1	1.7183	Unclassified
ERR2726406_22004	1756	No terminal repeats	NA	1	11	0.9365	NA	1	1.0886	Viruses;Duplodnaviria;Heunggongvirae;Uroviricota;Caudoviricetes;;
ERR2726406_128345	846	No terminal repeats	NA	2	11	0.9364	NA	1	3.4366	Viruses;Duplodnaviria;Heunggongvirae;Uroviricota;Caudoviricetes;;
ERR2726406_241927	422	No terminal repeats	NA	1	11	0.9363	NA	1	1.7183	Viruses;Duplodnaviria;Heunggongvirae;Uroviricota;Caudoviricetes;;
ERR2726406_9169	5697	No terminal repeats	NA	9	11	0.9362	NA	4	11.6042	Viruses;Duplodnaviria;Heunggongvirae;Uroviricota;Caudoviricetes;;
ERR2726406_132193	136	No terminal repeats	NA	1	11	0.9360	NA	1	1.3993	Viruses;Duplodnaviria;Heunggongvirae;Uroviricota;Caudoviricetes;;
ERR2726406_17963	10335	No terminal repeats	NA	10	11	0.9360	NA	0	5.1710	Viruses;Duplodnaviria;Heunggongvirae;Uroviricota;Caudoviricetes;;
ERR2726406_413890	191	No terminal repeats	NA	1	11	0.9359	NA	1	1.7183	Unclassified
ERR2726406_398848	189	No terminal repeats	NA	1	11	0.9357	NA	1	1.7183	Viruses;Duplodnaviria;Heunggongvirae;Uroviricota;Caudoviricetes;;
ERR2726406_50247	153	No terminal repeats	NA	1	11	0.9355	NA	1	1.7183	Viruses;Duplodnaviria;Heunggongvirae;Uroviricota;Caudoviricetes;;
ERR2726406_205563	211	No terminal repeats	NA	1	11	0.9351	NA	1	1.7183	Viruses;Duplodnaviria;Heunggongvirae;Uroviricota;Caudoviricetes;;
ERR2726406_12190	2939	No terminal repeats	NA	5	11	0.9351	NA	0	6.0198	Viruses;Duplodnaviria;Heunggongvirae;Uroviricota;Caudoviricetes;;
ERR2726406_195391	210	No terminal repeats	NA	1	11	0.9350	NA	1	1.7183	Viruses;Duplodnaviria;Heunggongvirae;Uroviricota;Caudoviricetes;;
ERR2726406_4839	112	No terminal repeats	NA	1	11	0.9348	NA	1	1.2131	Viruses;Duplodnaviria;Heunggongvirae;Uroviricota;Caudoviricetes;;
ERR2726406_21373	390	No terminal repeats	NA	1	11	0.9346	NA	1	1.7183	Viruses;Duplodnaviria;Heunggongvirae;Uroviricota;Caudoviricetes;;
ERR2726406_1123	21386	No terminal repeats	NA	8	11	0.9341	NA	1	5.1047	Viruses;Duplodnaviria;Heunggongvirae;Uroviricota;Caudoviricetes;;
ERR2726406_264251	293	No terminal repeats	NA	1	11	0.9341	NA	1	1.2991	Viruses;Duplodnaviria;Heunggongvirae;Uroviricota;Caudoviricetes;;
ERR2726406_1200	2873	No terminal repeats	NA	4	11	0.9340	NA	1	6.4521	Viruses;Duplodnaviria;Heunggongvirae;Uroviricota;Caudoviricetes;;
ERR2726406_297785	208	No terminal repeats	NA	1	11	0.9339	NA	1	1.7183	Viruses;Duplodnaviria;Heunggongvirae;Uroviricota;Caudoviricetes;;
ERR2726406_299581	379	No terminal repeats	NA	1	11	0.9339	NA	1	1.7183	Viruses;Duplodnaviria;Heunggongvirae;Uroviricota;Caudoviricetes;;
ERR2726406_96200	340	No terminal repeats	NA	2	11	0.9338	NA	1	3.4366	Viruses;Duplodnaviria;Heunggongvirae;Uroviricota;Caudoviricetes;;
ERR2726406_6066	7423	No terminal repeats	NA	11	11	0.9337	NA	2	9.0594	Viruses;Duplodnaviria;Heunggongvirae;Uroviricota;Caudoviricetes;;
ERR2726406_75226	680	No terminal repeats	NA	2	11	0.9336	NA	1	2.9354	Viruses;Duplodnaviria;Heunggongvirae;Uroviricota;Caudoviricetes;;
ERR2726406_4710	921	No terminal repeats	NA	2	11	0.9332	NA	1	1.7183	Viruses;Duplodnaviria;Heunggongvirae;Uroviricota;Caudoviricetes;;
ERR2726406_223534	195	No terminal repeats	NA	1	11	0.9331	NA	1	1.7183	Viruses;Duplodnaviria;Heunggongvirae;Uroviricota;Caudoviricetes;;
ERR2726406_215961	199	No terminal repeats	NA	1	11	0.9330	NA	1	1.7183	Viruses;Duplodnaviria;Heunggongvirae;Uroviricota;Caudoviricetes;;
ERR2726406_67744	1009	No terminal repeats	NA	3	11	0.9330	NA	1	3.4366	Viruses;Duplodnaviria;Heunggongvirae;Uroviricota;Caudoviricetes;;
ERR2726406_318667	178	No terminal repeats	NA	1	11	0.9328	NA	1	1.3895	Viruses;Duplodnaviria;Heunggongvirae;Uroviricota;Caudoviricetes;;
ERR2726406_215539	187	No terminal repeats	NA	1	11	0.9328	NA	1	1.7183	Viruses;Duplodnaviria;Heunggongvirae;Uroviricota;Caudoviricetes;;
ERR2726406_6243	3857	No terminal repeats	NA	5	11	0.9328	NA	1	6.0862	Viruses;Duplodnaviria;Heunggongvirae;Uroviricota;Caudoviricetes;;
ERR2726406_130688	450	No terminal repeats	NA	2	11	0.9328	NA	1	3.4366	Viruses;Duplodnaviria;Heunggongvirae;Uroviricota;Caudoviricetes;;
ERR2726406_287501	185	No terminal repeats	NA	1	11	0.9327	NA	1	1.7183	Viruses;Duplodnaviria;Heunggongvirae;Uroviricota;Caudoviricetes;;
ERR2726406_38324	871	No terminal repeats	NA	3	11	0.9327	NA	2	5.1548	Viruses;Duplodnaviria;Heunggongvirae;Uroviricota;Caudoviricetes;;
ERR2726406_36338	579	No terminal repeats	NA	1	11	0.9325	NA	1	1.7183	Viruses;Duplodnaviria;Heunggongvirae;Uroviricota;Caudoviricetes;;
ERR2726406_149191	281	No terminal repeats	NA	1	11	0.9324	NA	1	1.7183	Viruses;Duplodnaviria;Heunggongvirae;Uroviricota;Caudoviricetes;;
ERR2726406_171892	701	No terminal repeats	NA	1	11	0.9322	NA	1	1.6517	Viruses;Duplodnaviria;Heunggongvirae;Uroviricota;Caudoviricetes;;
ERR2726406_19400	4461	No terminal repeats	NA	6	11	0.9322	NA	0	3.4366	Viruses;Duplodnaviria;Heunggongvirae;Uroviricota;Caudoviricetes;;
ERR2726406_66562	238	No terminal repeats	NA	1	11	0.9321	NA	1	1.7183	Viruses;Duplodnaviria;Heunggongvirae;Uroviricota;Caudoviricetes;;
ERR2726406_173946	1779	No terminal repeats	NA	2	11	0.9320	NA	1	1.7183	Viruses;Duplodnaviria;Heunggongvirae;Uroviricota;Caudoviricetes;;
ERR2726406_94198	158	No terminal repeats	NA	1	11	0.9320	NA	1	1.7183	Unclassified
ERR2726406_97350	269	No terminal repeats	NA	1	11	0.9318	NA	1	1.7183	Viruses;Duplodnaviria;Heunggongvirae;Uroviricota;Caudoviricetes;;
ERR2726406_74704	1142	No terminal repeats	NA	1	11	0.9318	NA	1	1.7183	Viruses;Duplodnaviria;Heunggongvirae;Uroviricota;Caudoviricetes;;
ERR2726406_83041	315	No terminal repeats	NA	1	11	0.9318	NA	1	1.7183	Viruses;Duplodnaviria;Heunggongvirae;Uroviricota;Caudoviricetes;;
ERR2726406_50335	235	No terminal repeats	NA	2	11	0.9315	NA	1	3.4366	Viruses;Duplodnaviria;Heunggongvirae;Uroviricota;Caudoviricetes;;
ERR2726406_7397	18383	No terminal repeats	NA	16	11	0.9313	NA	1	18.8953	Viruses;Duplodnaviria;Heunggongvirae;Uroviricota;Caudoviricetes;;
ERR2726406_5837	520	No terminal repeats	NA	1	11	0.9308	NA	1	1.7183	Viruses;Duplodnaviria;Heunggongvirae;Uroviricota;Caudoviricetes;;
ERR2726406_88920	811	No terminal repeats	NA	1	11	0.9306	NA	1	1.7183	Viruses;Duplodnaviria;Heunggongvirae;Uroviricota;Caudoviricetes;;
ERR2726406_264641	668	No terminal repeats	NA	1	11	0.9306	NA	1	1.7183	Viruses;Duplodnaviria;Heunggongvirae;Uroviricota;Caudoviricetes;;
ERR2726406_42919	2326	No terminal repeats	NA	3	11	0.9305	NA	1	2.2115	Viruses;Duplodnaviria;Heunggongvirae;Uroviricota;Caudoviricetes;;
ERR2726406_240778	517	No terminal repeats	NA	2	11	0.9305	NA	2	3.1808	Viruses;Duplodnaviria;Heunggongvirae;Uroviricota;Caudoviricetes;;
ERR2726406_160331	175	No terminal repeats	NA	1	11	0.9304	NA	1	1.7183	Viruses;Duplodnaviria;Heunggongvirae;Uroviricota;Caudoviricetes;;
ERR2726406_4575	4459	No terminal repeats	NA	9	11	0.9304	NA	0	1.5195	Viruses;Duplodnaviria;Heunggongvirae;Uroviricota;Caudoviricetes;;
ERR2726406_154149	388	No terminal repeats	NA	1	11	0.9304	NA	1	1.5276	Viruses;Duplodnaviria;Heunggongvirae;Uroviricota;Caudoviricetes;;
ERR2726406_68305	563	No terminal repeats	NA	2	11	0.9303	NA	2	2.5929	Viruses;Duplodnaviria;Heunggongvirae;Uroviricota;Caudoviricetes;;
ERR2726406_164076	301	No terminal repeats	NA	1	11	0.9302	NA	1	1.7183	Viruses;Duplodnaviria;Heunggongvirae;Uroviricota;Caudoviricetes;;
ERR2726406_92849	5562	No terminal repeats	NA	6	11	0.9301	NA	0	2.7498	Viruses;Duplodnaviria;Heunggongvirae;Uroviricota;Caudoviricetes;;
ERR2726406_345526	156	No terminal repeats	NA	1	11	0.9301	NA	1	1.7183	Viruses;Duplodnaviria;Heunggongvirae;Uroviricota;Caudoviricetes;;
ERR2726406_199757	280	No terminal repeats	NA	1	11	0.9299	NA	1	1.7183	Viruses;Duplodnaviria;Heunggongvirae;Uroviricota;Caudoviricetes;;
ERR2726406_97153	112	No terminal repeats	NA	1	11	0.9297	NA	1	1.2131	Viruses;Duplodnaviria;Heunggongvirae;Uroviricota;Caudoviricetes;;
ERR2726406_367849	440	No terminal repeats	NA	1	11	0.9296	NA	1	1.7183	Viruses;Duplodnaviria;Heunggongvirae;Uroviricota;Caudoviricetes;;
ERR2726406_268353	240	No terminal repeats	NA	1	11	0.9296	NA	1	1.7183	Viruses;Duplodnaviria;Heunggongvirae;Uroviricota;Caudoviricetes;;
ERR2726406_971	2891	No terminal repeats	NA	3	11	0.9296	NA	3	3.9370	Viruses;Duplodnaviria;Heunggongvirae;Uroviricota;Caudoviricetes;;
ERR2726406_331977	292	No terminal repeats	NA	1	11	0.9296	NA	1	1.7183	Viruses;Duplodnaviria;Heunggongvirae;Uroviricota;Caudoviricetes;;
ERR2726406_324193	195	No terminal repeats	NA	2	11	0.9294	NA	1	1.7183	Viruses;Duplodnaviria;Heunggongvirae;Uroviricota;Caudoviricetes;;
ERR2726406_165122	390	No terminal repeats	NA	1	11	0.9294	NA	1	1.4409	Viruses;Duplodnaviria;Heunggongvirae;Uroviricota;Caudoviricetes;;
ERR2726406_28845	964	No terminal repeats	NA	3	11	0.9293	NA	1	3.4366	Viruses;Duplodnaviria;Heunggongvirae;Uroviricota;Caudoviricetes;;
ERR2726406_126604	383	No terminal repeats	NA	2	11	0.9292	NA	1	1.6143	Viruses;Duplodnaviria;Heunggongvirae;Uroviricota;Caudoviricetes;;
ERR2726406_7321	3777	No terminal repeats	NA	4	11	0.9292	NA	2	2.4873	Viruses;Duplodnaviria;Heunggongvirae;Uroviricota;Caudoviricetes;;
ERR2726406_12655	312	No terminal repeats	NA	1	11	0.9292	NA	1	1.7183	Viruses;Duplodnaviria;Heunggongvirae;Uroviricota;Caudoviricetes;;
ERR2726406_173740	701	No terminal repeats	NA	1	11	0.9290	NA	1	1.7183	Viruses;Duplodnaviria;Heunggongvirae;Uroviricota;Caudoviricetes;;
ERR2726406_28139	425	No terminal repeats	NA	1	11	0.9289	NA	1	1.2931	Viruses;Duplodnaviria;Heunggongvirae;Uroviricota;Caudoviricetes;;
ERR2726406_9040	12713	No terminal repeats	NA	18	11	0.9288	NA	7	7.9105	Viruses;Duplodnaviria;Heunggongvirae;Uroviricota;Caudoviricetes;;
ERR2726406_1847	155	No terminal repeats	NA	1	11	0.9287	NA	1	1.7183	Viruses;Duplodnaviria;Heunggongvirae;Uroviricota;Caudoviricetes;;
ERR2726406_10717	7535	No terminal repeats	NA	6	11	0.9287	NA	0	3.4366	Viruses;Duplodnaviria;Heunggongvirae;Uroviricota;Caudoviricetes;;
ERR2726406_420254	153	No terminal repeats	NA	1	11	0.9285	NA	1	1.7183	Viruses;Duplodnaviria;Heunggongvirae;Uroviricota;Caudoviricetes;;
ERR2726406_380110	172	No terminal repeats	NA	1	11	0.9282	NA	1	1.7183	Viruses;Duplodnaviria;Heunggongvirae;Uroviricota;Caudoviricetes;;
ERR2726406_17623	1008	No terminal repeats	NA	3	11	0.9281	NA	1	3.4366	Viruses;Duplodnaviria;Heunggongvirae;Uroviricota;Caudoviricetes;;
ERR2726406_96816	233	No terminal repeats	NA	1	11	0.9281	NA	1	1.4933	Viruses;Duplodnaviria;Heunggongvirae;Uroviricota;Caudoviricetes;;
ERR2726406_15055	436	No terminal repeats	NA	1	11	0.9280	NA	1	1.7183	Viruses;Duplodnaviria;Heunggongvirae;Uroviricota;Caudoviricetes;;
ERR2726406_230976	565	No terminal repeats	NA	1	11	0.9279	NA	1	1.7183	Viruses;Duplodnaviria;Heunggongvirae;Uroviricota;Caudoviricetes;;
ERR2726406_212341	202	No terminal repeats	NA	1	11	0.9278	NA	1	1.7183	Viruses;Monodnaviria;Loebvirae;Hofneiviricota;Faserviricetes;Tubulavirales;Inoviridae
ERR2726406_31477	625	No terminal repeats	NA	2	11	0.9278	NA	1	3.4366	Viruses;Duplodnaviria;Heunggongvirae;Uroviricota;Caudoviricetes;;
ERR2726406_387079	118	No terminal repeats	NA	1	11	0.9277	NA	1	1.3993	Viruses;Duplodnaviria;Heunggongvirae;Uroviricota;Caudoviricetes;;
ERR2726406_94812	704	No terminal repeats	NA	3	11	0.9275	NA	1	3.1461	Viruses;Duplodnaviria;Heunggongvirae;Uroviricota;Caudoviricetes;;
ERR2726406_228474	438	No terminal repeats	NA	1	11	0.9273	NA	1	1.7183	Viruses;Duplodnaviria;Heunggongvirae;Uroviricota;Caudoviricetes;;
ERR2726406_173388	400	No terminal repeats	NA	1	11	0.9272	NA	1	1.4749	Viruses;Duplodnaviria;Heunggongvirae;Uroviricota;Caudoviricetes;;
ERR2726406_9231	5299	No terminal repeats	NA	8	11	0.9269	NA	0	4.5505	Viruses;Duplodnaviria;Heunggongvirae;Uroviricota;Caudoviricetes;;
ERR2726406_24307	1117	No terminal repeats	NA	2	11	0.9268	NA	2	3.4344	Viruses;Duplodnaviria;Heunggongvirae;Uroviricota;Caudoviricetes;;
ERR2726406_128529	231	No terminal repeats	NA	1	11	0.9267	NA	1	1.7183	Viruses;Duplodnaviria;Heunggongvirae;Uroviricota;Caudoviricetes;;
ERR2726406_31705	1723	No terminal repeats	NA	2	11	0.9266	NA	2	3.0880	Viruses;Duplodnaviria;Heunggongvirae;Uroviricota;Caudoviricetes;;
ERR2726406_360882	205	No terminal repeats	NA	1	11	0.9263	NA	1	1.7183	Viruses;Duplodnaviria;Heunggongvirae;Uroviricota;Caudoviricetes;;
ERR2726406_145442	2014	No terminal repeats	NA	4	11	0.9262	NA	1	5.1182	Viruses;Duplodnaviria;Heunggongvirae;Uroviricota;Caudoviricetes;;
ERR2726406_19228	1663	No terminal repeats	NA	1	11	0.9262	NA	1	1.2306	Viruses;Duplodnaviria;Heunggongvirae;Uroviricota;Caudoviricetes;;
ERR2726406_76257	596	No terminal repeats	NA	2	11	0.9261	NA	1	1.7183	Viruses;Duplodnaviria;Heunggongvirae;Uroviricota;Caudoviricetes;;
ERR2726406_11944	2575	No terminal repeats	NA	3	11	0.9261	NA	0	1.7162	Viruses;Duplodnaviria;Heunggongvirae;Uroviricota;Caudoviricetes;;
ERR2726406_272768	459	No terminal repeats	NA	1	11	0.9260	NA	1	1.7183	Viruses;Duplodnaviria;Heunggongvirae;Uroviricota;Caudoviricetes;;
ERR2726406_34324	3390	No terminal repeats	NA	2	11	0.9258	NA	0	1.2817	Viruses;Duplodnaviria;Heunggongvirae;Uroviricota;Caudoviricetes;;
ERR2726406_91449	166	No terminal repeats	NA	1	11	0.9250	NA	1	1.7183	Viruses;Duplodnaviria;Heunggongvirae;Uroviricota;Caudoviricetes;;
ERR2726406_101710	920	No terminal repeats	NA	3	11	0.9249	NA	2	4.6652	Viruses;Duplodnaviria;Heunggongvirae;Uroviricota;Caudoviricetes;;
ERR2726406_237429	304	No terminal repeats	NA	1	11	0.9248	NA	1	1.5859	Viruses;Duplodnaviria;Heunggongvirae;Uroviricota;Caudoviricetes;;
ERR2726406_366295	177	No terminal repeats	NA	1	11	0.9247	NA	1	1.3483	Viruses;Duplodnaviria;Heunggongvirae;Uroviricota;Caudoviricetes;;
ERR2726406_64411	4100	No terminal repeats	NA	7	11	0.9246	NA	1	1.2801	Viruses;Duplodnaviria;Heunggongvirae;Uroviricota;Caudoviricetes;;
ERR2726406_146250	623	No terminal repeats	NA	1	11	0.9245	NA	1	1.7183	Viruses;Duplodnaviria;Heunggongvirae;Uroviricota;Caudoviricetes;;
ERR2726406_101829	676	No terminal repeats	NA	2	11	0.9239	NA	1	3.4366	Viruses;Duplodnaviria;Heunggongvirae;Uroviricota;Caudoviricetes;;
ERR2726406_203340	229	No terminal repeats	NA	2	11	0.9239	NA	1	3.3758	Viruses;Duplodnaviria;Heunggongvirae;Uroviricota;Caudoviricetes;;
ERR2726406_83091	213	No terminal repeats	NA	1	11	0.9233	NA	1	1.7183	Viruses;Duplodnaviria;Heunggongvirae;Uroviricota;Caudoviricetes;;
ERR2726406_8912	14190	No terminal repeats	NA	15	11	0.9233	NA	2	19.4924	Viruses;Duplodnaviria;Heunggongvirae;Uroviricota;Caudoviricetes;;
ERR2726406_105647	1038	No terminal repeats	NA	1	11	0.9233	NA	1	1.0421	Viruses;Duplodnaviria;Heunggongvirae;Uroviricota;Caudoviricetes;;
ERR2726406_76985	294	No terminal repeats	NA	1	11	0.9232	NA	1	1.7183	Viruses;Duplodnaviria;Heunggongvirae;Uroviricota;Caudoviricetes;;
ERR2726406_57133	317	No terminal repeats	NA	1	11	0.9228	NA	1	1.6743	Viruses;Duplodnaviria;Heunggongvirae;Uroviricota;Caudoviricetes;;
ERR2726406_63973	376	No terminal repeats	NA	1	15	0.9225	NA	1	1.7183	Viruses;Duplodnaviria;Heunggongvirae;Uroviricota;Caudoviricetes;;
ERR2726406_16935	3334	No terminal repeats	NA	1	11	0.9225	NA	0	1.7183	Viruses;Duplodnaviria;Heunggongvirae;Uroviricota;Caudoviricetes;;
ERR2726406_76268	582	No terminal repeats	NA	2	11	0.9223	NA	1	2.7315	Viruses;Duplodnaviria;Heunggongvirae;Uroviricota;Caudoviricetes;;
ERR2726406_57729	717	No terminal repeats	NA	3	11	0.9217	NA	1	3.4366	Viruses;Duplodnaviria;Heunggongvirae;Uroviricota;Caudoviricetes;;
ERR2726406_83747	492	No terminal repeats	NA	1	11	0.9217	NA	1	1.7183	Viruses;Duplodnaviria;Heunggongvirae;Uroviricota;Caudoviricetes;;
ERR2726406_60210	1056	No terminal repeats	NA	1	11	0.9217	NA	1	1.6082	Viruses;Duplodnaviria;Heunggongvirae;Uroviricota;Caudoviricetes;;
ERR2726406_93565	1417	No terminal repeats	NA	3	11	0.9215	NA	1	2.5103	Viruses;Duplodnaviria;Heunggongvirae;Uroviricota;Caudoviricetes;;
ERR2726406_12366	2098	No terminal repeats	NA	1	11	0.9214	NA	1	1.1940	Viruses;Duplodnaviria;Heunggongvirae;Uroviricota;Caudoviricetes;;
ERR2726406_90742	743	No terminal repeats	NA	1	11	0.9211	NA	1	1.7183	Viruses;Duplodnaviria;Heunggongvirae;Uroviricota;Caudoviricetes;;
ERR2726406_304831	299	No terminal repeats	NA	1	11	0.9210	NA	1	1.7183	Viruses;Duplodnaviria;Heunggongvirae;Uroviricota;Caudoviricetes;;
ERR2726406_98347	984	No terminal repeats	NA	2	11	0.9205	NA	1	3.0745	Viruses;Duplodnaviria;Heunggongvirae;Uroviricota;Caudoviricetes;;
ERR2726406_210276	156	No terminal repeats	NA	1	11	0.9203	NA	1	1.7183	Viruses;Duplodnaviria;Heunggongvirae;Uroviricota;Caudoviricetes;;
ERR2726406_7785	11649	No terminal repeats	NA	10	11	0.9203	NA	0	3.4366	Viruses;Duplodnaviria;Heunggongvirae;Uroviricota;Caudoviricetes;;
ERR2726406_244504	113	No terminal repeats	NA	1	11	0.9203	NA	1	1.7183	Viruses;Duplodnaviria;Heunggongvirae;Uroviricota;Caudoviricetes;;
ERR2726406_46519	4255	No terminal repeats	NA	9	11	0.9202	NA	0	2.7713	Viruses;Duplodnaviria;Heunggongvirae;Uroviricota;Caudoviricetes;;
ERR2726406_30807	6388	No terminal repeats	NA	12	11	0.9200	NA	0	6.0154	Viruses;Duplodnaviria;Heunggongvirae;Uroviricota;Caudoviricetes;;
ERR2726406_70981	1220	No terminal repeats	NA	2	11	0.9198	NA	1	3.0103	Viruses;Duplodnaviria;Heunggongvirae;Uroviricota;Caudoviricetes;;
ERR2726406_126538	211	No terminal repeats	NA	1	11	0.9198	NA	1	1.3993	Viruses;Duplodnaviria;Heunggongvirae;Uroviricota;Caudoviricetes;;
ERR2726406_394	1815	No terminal repeats	NA	3	11	0.9195	NA	2	3.4345	Viruses;Duplodnaviria;Heunggongvirae;Uroviricota;Caudoviricetes;;
ERR2726406_62764	512	No terminal repeats	NA	1	11	0.9192	NA	1	1.7162	Viruses;Duplodnaviria;Heunggongvirae;Uroviricota;Caudoviricetes;;
ERR2726406_294494	240	No terminal repeats	NA	1	11	0.9191	NA	1	1.3272	Viruses;Duplodnaviria;Heunggongvirae;Uroviricota;Caudoviricetes;;
ERR2726406_236821	247	No terminal repeats	NA	1	11	0.9191	NA	1	1.7183	Viruses;Duplodnaviria;Heunggongvirae;Uroviricota;Caudoviricetes;;Herelleviridae
ERR2726406_9074	3799	No terminal repeats	NA	6	11	0.9190	NA	1	4.5334	Viruses;Duplodnaviria;Heunggongvirae;Uroviricota;Caudoviricetes;;
ERR2726406_288357	248	No terminal repeats	NA	1	11	0.9189	NA	1	1.7183	Viruses;Duplodnaviria;Heunggongvirae;Uroviricota;Caudoviricetes;;
ERR2726406_236273	192	No terminal repeats	NA	1	11	0.9187	NA	1	1.7160	Viruses;Duplodnaviria;Heunggongvirae;Uroviricota;Caudoviricetes;;
ERR2726406_124588	154	No terminal repeats	NA	2	11	0.9187	NA	1	1.7183	Viruses;Duplodnaviria;Heunggongvirae;Uroviricota;Caudoviricetes;;
ERR2726406_197174	372	No terminal repeats	NA	1	11	0.9186	NA	1	1.7183	Viruses;Duplodnaviria;Heunggongvirae;Uroviricota;Caudoviricetes;;
ERR2726406_183546	208	No terminal repeats	NA	1	11	0.9183	NA	1	1.7183	Viruses;Duplodnaviria;Heunggongvirae;Uroviricota;Caudoviricetes;;
ERR2726406_247824	594	No terminal repeats	NA	2	11	0.9182	NA	2	3.4366	Viruses;Duplodnaviria;Heunggongvirae;Uroviricota;Caudoviricetes;;
ERR2726406_295563	219	No terminal repeats	NA	1	11	0.9182	NA	1	1.7183	Viruses;Duplodnaviria;Heunggongvirae;Uroviricota;Caudoviricetes;;
ERR2726406_12720	2624	No terminal repeats	NA	2	11	0.9179	NA	1	1.3847	Viruses;Duplodnaviria;Heunggongvirae;Uroviricota;Caudoviricetes;;
ERR2726406_77818	671	No terminal repeats	NA	1	11	0.9179	NA	1	1.7183	Viruses;Duplodnaviria;Heunggongvirae;Uroviricota;Caudoviricetes;;
ERR2726406_107652	615	No terminal repeats	NA	2	11	0.9176	NA	1	3.4366	Viruses;Duplodnaviria;Heunggongvirae;Uroviricota;Caudoviricetes;;
ERR2726406_10148	1157	No terminal repeats	NA	2	11	0.9175	NA	1	2.9859	Viruses;Duplodnaviria;Heunggongvirae;Uroviricota;Caudoviricetes;;
ERR2726406_6302	1732	No terminal repeats	NA	4	11	0.9174	NA	1	5.1320	Viruses;Duplodnaviria;Heunggongvirae;Uroviricota;Caudoviricetes;;
ERR2726406_122089	611	No terminal repeats	NA	2	11	0.9174	NA	1	1.5095	Viruses;Duplodnaviria;Heunggongvirae;Uroviricota;Caudoviricetes;;Drexlerviridae
ERR2726406_17666	5411	No terminal repeats	NA	6	11	0.9174	NA	1	1.6030	Viruses;Duplodnaviria;Heunggongvirae;Uroviricota;Caudoviricetes;;Kyanoviridae
ERR2726406_40702	279	No terminal repeats	NA	1	11	0.9173	NA	1	1.1825	Viruses;Duplodnaviria;Heunggongvirae;Uroviricota;Caudoviricetes;;
ERR2726406_146008	1091	No terminal repeats	NA	3	11	0.9173	NA	1	3.0569	Viruses;Duplodnaviria;Heunggongvirae;Uroviricota;Caudoviricetes;;
ERR2726406_71842	1945	No terminal repeats	NA	3	11	0.9171	NA	1	1.2792	Viruses;Duplodnaviria;Heunggongvirae;Uroviricota;Caudoviricetes;;
ERR2726406_261342	303	No terminal repeats	NA	1	11	0.9169	NA	1	1.2333	Viruses;Duplodnaviria;Heunggongvirae;Uroviricota;Caudoviricetes;;
ERR2726406_16908	885	No terminal repeats	NA	1	11	0.9169	NA	1	1.1823	Viruses;Duplodnaviria;Heunggongvirae;Uroviricota;Caudoviricetes;;
ERR2726406_382463	156	No terminal repeats	NA	1	11	0.9169	NA	1	1.3363	Viruses;Duplodnaviria;Heunggongvirae;Uroviricota;Caudoviricetes;;
ERR2726406_208063	467	No terminal repeats	NA	1	11	0.9166	NA	1	1.7163	Viruses;Duplodnaviria;Heunggongvirae;Uroviricota;Caudoviricetes;;
ERR2726406_56739	1271	No terminal repeats	NA	1	11	0.9163	NA	1	1.2306	Viruses;Duplodnaviria;Heunggongvirae;Uroviricota;Caudoviricetes;;
ERR2726406_57176	243	No terminal repeats	NA	1	11	0.9163	NA	1	1.7183	Viruses;Duplodnaviria;Heunggongvirae;Uroviricota;Caudoviricetes;;
ERR2726406_259634	231	No terminal repeats	NA	1	11	0.9160	NA	1	1.7183	Viruses;Duplodnaviria;Heunggongvirae;Uroviricota;Caudoviricetes;;
ERR2726406_11816	447	No terminal repeats	NA	1	11	0.9152	NA	1	1.7183	Viruses;Duplodnaviria;Heunggongvirae;Uroviricota;Caudoviricetes;;
ERR2726406_68921	400	No terminal repeats	NA	1	11	0.9150	NA	1	1.5173	Viruses;Duplodnaviria;Heunggongvirae;Uroviricota;Caudoviricetes;;
ERR2726406_50527	444	No terminal repeats	NA	1	11	0.9150	NA	1	1.7183	Viruses;Duplodnaviria;Heunggongvirae;Uroviricota;Caudoviricetes;;
ERR2726406_196439	469	No terminal repeats	NA	1	11	0.9149	NA	1	1.7183	Viruses;Duplodnaviria;Heunggongvirae;Uroviricota;Caudoviricetes;;
ERR2726406_121300	566	No terminal repeats	NA	1	11	0.9148	NA	1	1.7183	Viruses;Duplodnaviria;Heunggongvirae;Uroviricota;Caudoviricetes;;
ERR2726406_2669	598	No terminal repeats	NA	2	11	0.9147	NA	1	3.4366	Viruses;Duplodnaviria;Heunggongvirae;Uroviricota;Caudoviricetes;;
ERR2726406_5020	457	No terminal repeats	NA	1	11	0.9145	NA	1	1.7183	Viruses;Duplodnaviria;Heunggongvirae;Uroviricota;Caudoviricetes;;
ERR2726406_246239	825	No terminal repeats	NA	2	11	0.9141	NA	2	2.5098	Viruses;Duplodnaviria;Heunggongvirae;Uroviricota;Caudoviricetes;;
ERR2726406_241855	424	No terminal repeats	NA	1	11	0.9140	NA	1	1.7183	Viruses;Duplodnaviria;Heunggongvirae;Uroviricota;Caudoviricetes;;
ERR2726406_90143	654	No terminal repeats	NA	1	11	0.9137	NA	1	1.7183	Viruses;Duplodnaviria;Heunggongvirae;Uroviricota;Caudoviricetes;;
ERR2726406_123840	913	No terminal repeats	NA	2	11	0.9132	NA	1	1.5026	Viruses;Duplodnaviria;Heunggongvirae;Uroviricota;Caudoviricetes;;
ERR2726406_186737	447	No terminal repeats	NA	1	11	0.9132	NA	1	1.3905	Viruses;Duplodnaviria;Heunggongvirae;Uroviricota;Caudoviricetes;;
ERR2726406_112315	175	No terminal repeats	NA	1	11	0.9129	NA	1	1.7162	Viruses;Duplodnaviria;Heunggongvirae;Uroviricota;Caudoviricetes;;
ERR2726406_13779	2022	No terminal repeats	NA	3	11	0.9128	NA	1	3.4366	Viruses;Duplodnaviria;Heunggongvirae;Uroviricota;Caudoviricetes;;
ERR2726406_288063	311	No terminal repeats	NA	1	11	0.9126	NA	1	1.5859	Viruses;Duplodnaviria;Heunggongvirae;Uroviricota;Caudoviricetes;;
ERR2726406_231984	182	No terminal repeats	NA	1	11	0.9124	NA	1	1.5032	Viruses;Duplodnaviria;Heunggongvirae;Uroviricota;Caudoviricetes;;
ERR2726406_178814	168	No terminal repeats	NA	1	11	0.9124	NA	1	1.6517	Viruses;Duplodnaviria;Heunggongvirae;Uroviricota;Caudoviricetes;;
ERR2726406_15937	1612	No terminal repeats	NA	3	11	0.9123	NA	1	2.4316	Viruses;Duplodnaviria;Heunggongvirae;Uroviricota;Caudoviricetes;;
ERR2726406_6052	7535	No terminal repeats	NA	6	11	0.9121	NA	0	6.8597	Viruses;Duplodnaviria;Heunggongvirae;Uroviricota;Caudoviricetes;;
ERR2726406_43464	1030	No terminal repeats	NA	1	11	0.9120	NA	1	1.7126	Viruses;Duplodnaviria;Heunggongvirae;Uroviricota;Caudoviricetes;;
ERR2726406_110988	186	No terminal repeats	NA	1	11	0.9119	NA	1	1.7086	Viruses;Duplodnaviria;Heunggongvirae;Uroviricota;Caudoviricetes;;
ERR2726406_174431	1245	No terminal repeats	NA	1	11	0.9118	NA	1	1.2073	Viruses;Duplodnaviria;Heunggongvirae;Uroviricota;Caudoviricetes;;
ERR2726406_5983	4100	No terminal repeats	NA	6	11	0.9116	NA	1	5.5113	Viruses;Duplodnaviria;Heunggongvirae;Uroviricota;Caudoviricetes;;
ERR2726406_31084	1822	No terminal repeats	NA	3	11	0.9116	NA	2	2.7182	Viruses;Duplodnaviria;Heunggongvirae;Uroviricota;Caudoviricetes;;
ERR2726406_210616	203	No terminal repeats	NA	1	15	0.9114	NA	1	1.7161	Viruses;Duplodnaviria;Heunggongvirae;Uroviricota;Caudoviricetes;;
ERR2726406_374240	185	No terminal repeats	NA	1	11	0.9114	NA	1	1.3580	Viruses;Duplodnaviria;Heunggongvirae;Uroviricota;Caudoviricetes;;
ERR2726406_75681	477	No terminal repeats	NA	1	11	0.9114	NA	1	1.7183	Viruses;Duplodnaviria;Heunggongvirae;Uroviricota;Caudoviricetes;;
ERR2726406_82023	2645	No terminal repeats	NA	4	11	0.9113	NA	0	3.1120	Viruses;Duplodnaviria;Heunggongvirae;Uroviricota;Caudoviricetes;;
ERR2726406_133666	786	No terminal repeats	NA	1	11	0.9112	NA	1	1.7183	Viruses;Duplodnaviria;Heunggongvirae;Uroviricota;Caudoviricetes;;
ERR2726406_103795	896	No terminal repeats	NA	3	11	0.9108	NA	1	1.5198	Viruses;Duplodnaviria;Heunggongvirae;Uroviricota;Caudoviricetes;;
ERR2726406_45596	350	No terminal repeats	NA	2	11	0.9108	NA	1	1.5252	Viruses;Duplodnaviria;Heunggongvirae;Uroviricota;Caudoviricetes;;
ERR2726406_55753	1398	No terminal repeats	NA	3	11	0.9107	NA	1	3.4366	Viruses;Duplodnaviria;Heunggongvirae;Uroviricota;Caudoviricetes;;
ERR2726406_174631	214	No terminal repeats	NA	1	11	0.9104	NA	1	1.1334	Viruses;Duplodnaviria;Heunggongvirae;Uroviricota;Caudoviricetes;;
ERR2726406_204131	400	No terminal repeats	NA	1	11	0.9104	NA	1	1.5379	Viruses;Duplodnaviria;Heunggongvirae;Uroviricota;Caudoviricetes;;
ERR2726406_213007	418	No terminal repeats	NA	1	11	0.9103	NA	1	1.7183	Viruses;Duplodnaviria;Heunggongvirae;Uroviricota;Caudoviricetes;;
ERR2726406_344242	337	No terminal repeats	NA	2	11	0.9102	NA	1	1.7183	Viruses;Duplodnaviria;Heunggongvirae;Uroviricota;Caudoviricetes;;
ERR2726406_313779	293	No terminal repeats	NA	1	11	0.9102	NA	1	1.4005	Viruses;Duplodnaviria;Heunggongvirae;Uroviricota;Caudoviricetes;;
ERR2726406_205930	237	No terminal repeats	NA	2	11	0.9101	NA	1	3.4366	Viruses;Duplodnaviria;Heunggongvirae;Uroviricota;Caudoviricetes;;
ERR2726406_796	9349	No terminal repeats	NA	11	11	0.9101	NA	1	3.8375	Viruses;Duplodnaviria;Heunggongvirae;Uroviricota;Caudoviricetes;;
ERR2726406_141972	435	No terminal repeats	NA	1	11	0.9099	NA	1	1.7183	Viruses;Duplodnaviria;Heunggongvirae;Uroviricota;Caudoviricetes;;
ERR2726406_89483	571	No terminal repeats	NA	1	11	0.9099	NA	1	1.2936	Viruses;Duplodnaviria;Heunggongvirae;Uroviricota;Caudoviricetes;;
ERR2726406_266896	357	No terminal repeats	NA	1	11	0.9098	NA	1	1.7183	Unclassified
ERR2726406_337413	241	No terminal repeats	NA	1	11	0.9095	NA	1	1.3993	Viruses;Duplodnaviria;Heunggongvirae;Uroviricota;Caudoviricetes;;
ERR2726406_14816	5527	No terminal repeats	NA	4	11	0.9095	NA	1	2.9583	Viruses;Duplodnaviria;Heunggongvirae;Uroviricota;Caudoviricetes;;
ERR2726406_1391	2597	No terminal repeats	NA	2	11	0.9094	NA	0	1.7183	Viruses;Duplodnaviria;Heunggongvirae;Uroviricota;Caudoviricetes;;
ERR2726406_66675	2540	No terminal repeats	NA	4	11	0.9094	NA	0	2.5745	Viruses;Duplodnaviria;Heunggongvirae;Uroviricota;Caudoviricetes;;
ERR2726406_18205	3533	No terminal repeats	NA	4	11	0.9093	NA	0	1.4449	Viruses;Duplodnaviria;Heunggongvirae;Uroviricota;Caudoviricetes;;
ERR2726406_93037	532	No terminal repeats	NA	2	11	0.9092	NA	1	3.0569	Viruses;Duplodnaviria;Heunggongvirae;Uroviricota;Caudoviricetes;;
ERR2726406_58164	861	No terminal repeats	NA	3	11	0.9090	NA	1	3.4366	Viruses;Duplodnaviria;Heunggongvirae;Uroviricota;Caudoviricetes;;
ERR2726406_82778	2327	No terminal repeats	NA	7	11	0.9087	NA	1	3.4348	Viruses;Duplodnaviria;Heunggongvirae;Uroviricota;Caudoviricetes;;
ERR2726406_71142	2057	No terminal repeats	NA	6	11	0.9087	NA	1	6.0264	Viruses;Duplodnaviria;Heunggongvirae;Uroviricota;Caudoviricetes;;
ERR2726406_137086	197	No terminal repeats	NA	1	11	0.9087	NA	1	1.7183	Viruses;Duplodnaviria;Heunggongvirae;Uroviricota;Caudoviricetes;;
ERR2726406_104109	226	No terminal repeats	NA	2	11	0.9086	NA	1	1.7183	Viruses;Duplodnaviria;Heunggongvirae;Uroviricota;Caudoviricetes;;
ERR2726406_297709	209	No terminal repeats	NA	1	11	0.9086	NA	1	1.7183	Viruses;Duplodnaviria;Heunggongvirae;Uroviricota;Caudoviricetes;;
ERR2726406_250158	529	No terminal repeats	NA	1	11	0.9086	NA	1	1.7183	Viruses;Duplodnaviria;Heunggongvirae;Uroviricota;Caudoviricetes;;
ERR2726406_6434	3410	No terminal repeats	NA	2	11	0.9086	NA	0	1.7183	Viruses;Duplodnaviria;Heunggongvirae;Uroviricota;Caudoviricetes;;
ERR2726406_70591	586	No terminal repeats	NA	1	11	0.9083	NA	1	1.7183	Viruses;Duplodnaviria;Heunggongvirae;Uroviricota;Caudoviricetes;;
ERR2726406_15210	3396	No terminal repeats	NA	2	11	0.9083	NA	0	1.2817	Viruses;Duplodnaviria;Heunggongvirae;Uroviricota;Caudoviricetes;;
ERR2726406_342841	191	No terminal repeats	NA	1	11	0.9080	NA	1	1.7161	Viruses;Duplodnaviria;Heunggongvirae;Uroviricota;Caudoviricetes;;
ERR2726406_251186	274	No terminal repeats	NA	1	11	0.9078	NA	1	1.5859	Viruses;Duplodnaviria;Heunggongvirae;Uroviricota;Caudoviricetes;;
ERR2726406_47145	1117	No terminal repeats	NA	3	11	0.9076	NA	1	3.1617	Viruses;Duplodnaviria;Heunggongvirae;Uroviricota;Caudoviricetes;;
ERR2726406_1068	1290	No terminal repeats	NA	2	11	0.9074	NA	1	3.4220	Viruses;Duplodnaviria;Heunggongvirae;Uroviricota;Caudoviricetes;;
ERR2726406_68841	531	No terminal repeats	NA	1	11	0.9074	NA	1	1.7183	Viruses;Duplodnaviria;Heunggongvirae;Uroviricota;Caudoviricetes;;
ERR2726406_72268	3245	No terminal repeats	NA	7	11	0.9073	NA	0	1.3648	Viruses;Duplodnaviria;Heunggongvirae;Uroviricota;Caudoviricetes;;Casjensviridae
ERR2726406_99447	917	No terminal repeats	NA	3	11	0.9072	NA	1	3.4366	Viruses;Duplodnaviria;Heunggongvirae;Uroviricota;Caudoviricetes;;
ERR2726406_179606	731	No terminal repeats	NA	1	11	0.9071	NA	1	1.7183	Viruses;Duplodnaviria;Heunggongvirae;Uroviricota;Caudoviricetes;;
ERR2726406_4714	2830	No terminal repeats	NA	5	11	0.9070	NA	1	2.9952	Viruses;Duplodnaviria;Heunggongvirae;Uroviricota;Caudoviricetes;;
ERR2726406_162598	262	No terminal repeats	NA	1	11	0.9070	NA	1	1.4242	Viruses;Duplodnaviria;Heunggongvirae;Uroviricota;Caudoviricetes;;
ERR2726406_351880	450	No terminal repeats	NA	1	11	0.9066	NA	1	1.7183	Viruses;Duplodnaviria;Heunggongvirae;Uroviricota;Caudoviricetes;;
ERR2726406_58200	1774	No terminal repeats	NA	2	11	0.9066	NA	1	1.3108	Viruses;Duplodnaviria;Heunggongvirae;Uroviricota;Caudoviricetes;;
ERR2726406_146684	220	No terminal repeats	NA	2	11	0.9065	NA	1	1.7183	Viruses;Duplodnaviria;Heunggongvirae;Uroviricota;Caudoviricetes;;
ERR2726406_155457	296	No terminal repeats	NA	1	11	0.9062	NA	1	1.7183	Viruses;Duplodnaviria;Heunggongvirae;Uroviricota;Caudoviricetes;;
ERR2726406_415722	184	No terminal repeats	NA	1	15	0.9061	NA	1	1.7162	Viruses;Duplodnaviria;Heunggongvirae;Uroviricota;Caudoviricetes;;
ERR2726406_114164	488	No terminal repeats	NA	1	11	0.9060	NA	1	1.1483	Viruses;Duplodnaviria;Heunggongvirae;Uroviricota;Caudoviricetes;;
ERR2726406_5882	9469	No terminal repeats	NA	9	11	0.9057	NA	0	9.6710	Viruses;Duplodnaviria;Heunggongvirae;Uroviricota;Caudoviricetes;;
ERR2726406_140909	206	No terminal repeats	NA	1	11	0.9053	NA	1	1.7183	Viruses;Duplodnaviria;Heunggongvirae;Uroviricota;Caudoviricetes;;
ERR2726406_16244	4473	No terminal repeats	NA	3	11	0.9053	NA	0	1.7183	Viruses;Duplodnaviria;Heunggongvirae;Uroviricota;Caudoviricetes;;
ERR2726406_52033	1828	No terminal repeats	NA	3	11	0.9051	NA	2	2.9003	Viruses;Duplodnaviria;Heunggongvirae;Uroviricota;Caudoviricetes;;
ERR2726406_270523	420	No terminal repeats	NA	1	11	0.9046	NA	1	1.7118	Viruses;Duplodnaviria;Heunggongvirae;Uroviricota;Caudoviricetes;;
ERR2726406_32542	1482	No terminal repeats	NA	4	11	0.9046	NA	1	4.1933	Viruses;Duplodnaviria;Heunggongvirae;Uroviricota;Caudoviricetes;;
ERR2726406_29230	5469	No terminal repeats	NA	8	11	0.9046	NA	0	6.7121	Viruses;Duplodnaviria;Heunggongvirae;Uroviricota;Caudoviricetes;;
ERR2726406_162298	567	No terminal repeats	NA	1	11	0.9045	NA	1	1.7183	Viruses;Duplodnaviria;Heunggongvirae;Uroviricota;Caudoviricetes;;
ERR2726406_140445	512	No terminal repeats	NA	1	11	0.9045	NA	1	1.7183	Viruses;Duplodnaviria;Heunggongvirae;Uroviricota;Caudoviricetes;;
ERR2726406_207064	335	No terminal repeats	NA	1	11	0.9043	NA	1	1.7183	Viruses;Duplodnaviria;Heunggongvirae;Uroviricota;Caudoviricetes;;
ERR2726406_34695	3787	No terminal repeats	NA	4	11	0.9043	NA	2	4.0846	Viruses;Duplodnaviria;Heunggongvirae;Uroviricota;Caudoviricetes;;
ERR2726406_127235	1170	No terminal repeats	NA	2	11	0.9041	NA	1	2.3246	Viruses;Duplodnaviria;Heunggongvirae;Uroviricota;Caudoviricetes;;
ERR2726406_194820	376	No terminal repeats	NA	1	11	0.9041	NA	1	1.3729	Viruses;Duplodnaviria;Heunggongvirae;Uroviricota;Caudoviricetes;;
ERR2726406_35900	6645	No terminal repeats	NA	8	11	0.9041	NA	1	5.8276	Viruses;Duplodnaviria;Heunggongvirae;Uroviricota;Caudoviricetes;;
ERR2726406_232944	168	No terminal repeats	NA	1	11	0.9040	NA	1	1.3410	Viruses;Duplodnaviria;Heunggongvirae;Uroviricota;Caudoviricetes;;
ERR2726406_25183	834	No terminal repeats	NA	1	11	0.9039	NA	1	1.7183	Viruses;Duplodnaviria;Heunggongvirae;Uroviricota;Caudoviricetes;;
ERR2726406_142353	425	No terminal repeats	NA	2	11	0.9038	NA	1	1.7183	Viruses;Duplodnaviria;Heunggongvirae;Uroviricota;Caudoviricetes;;
ERR2726406_264514	207	No terminal repeats	NA	1	11	0.9037	NA	1	1.1825	Viruses;Duplodnaviria;Heunggongvirae;Uroviricota;Caudoviricetes;;
ERR2726406_11791	7263	No terminal repeats	NA	8	11	0.9037	NA	0	0.8112	Viruses;Duplodnaviria;Heunggongvirae;Uroviricota;Caudoviricetes;;
ERR2726406_263744	275	No terminal repeats	NA	1	11	0.9037	NA	1	1.7097	Viruses;Duplodnaviria;Heunggongvirae;Uroviricota;Caudoviricetes;;
ERR2726406_310314	374	No terminal repeats	NA	1	11	0.9036	NA	1	1.2881	Viruses;Duplodnaviria;Heunggongvirae;Uroviricota;Caudoviricetes;;
ERR2726406_287218	429	No terminal repeats	NA	2	11	0.9035	NA	1	1.7183	Viruses;Duplodnaviria;Heunggongvirae;Uroviricota;Caudoviricetes;;
ERR2726406_14794	854	No terminal repeats	NA	1	11	0.9033	NA	1	1.4894	Viruses;Duplodnaviria;Heunggongvirae;Uroviricota;Caudoviricetes;;
ERR2726406_44965	1509	No terminal repeats	NA	1	11	0.9033	NA	1	1.7183	Viruses;Duplodnaviria;Heunggongvirae;Uroviricota;Caudoviricetes;;
ERR2726406_7974	4928	No terminal repeats	NA	7	11	0.9032	NA	0	4.3717	Viruses;Duplodnaviria;Heunggongvirae;Uroviricota;Caudoviricetes;;
ERR2726406_257099	325	No terminal repeats	NA	2	11	0.9031	NA	1	1.3993	Viruses;Duplodnaviria;Heunggongvirae;Uroviricota;Caudoviricetes;;
ERR2726406_14912	3283	DTR	NA	9	11	0.9029	NA	0	1.0757	Viruses;Duplodnaviria;Heunggongvirae;Uroviricota;Caudoviricetes;;
ERR2726406_56596	4291	No terminal repeats	NA	7	11	0.9027	NA	0	2.1312	Viruses;Duplodnaviria;Heunggongvirae;Uroviricota;Caudoviricetes;;
ERR2726406_28900	3038	No terminal repeats	NA	4	11	0.9026	NA	0	2.8315	Viruses;Duplodnaviria;Heunggongvirae;Uroviricota;Caudoviricetes;;
ERR2726406_335572	176	No terminal repeats	NA	1	11	0.9026	NA	1	1.1825	Viruses;Duplodnaviria;Heunggongvirae;Uroviricota;Caudoviricetes;;
ERR2726406_28898	2592	No terminal repeats	NA	8	11	0.9025	NA	0	7.8840	Viruses;Duplodnaviria;Heunggongvirae;Uroviricota;Caudoviricetes;;
ERR2726406_220179	370	No terminal repeats	NA	1	11	0.9025	NA	1	1.7183	Viruses;Duplodnaviria;Heunggongvirae;Uroviricota;Caudoviricetes;;
ERR2726406_36870	1442	No terminal repeats	NA	1	11	0.9024	NA	1	1.6802	Viruses;Duplodnaviria;Heunggongvirae;Uroviricota;Caudoviricetes;;
ERR2726406_282401	150	No terminal repeats	NA	1	11	0.9023	NA	1	1.3993	Viruses;Duplodnaviria;Heunggongvirae;Uroviricota;Caudoviricetes;;
ERR2726406_323855	230	No terminal repeats	NA	1	11	0.9021	NA	1	1.6517	Viruses;Duplodnaviria;Heunggongvirae;Uroviricota;Caudoviricetes;;
ERR2726406_132666	428	No terminal repeats	NA	2	11	0.9018	NA	2	3.1163	Viruses;Duplodnaviria;Heunggongvirae;Uroviricota;Caudoviricetes;;
ERR2726406_42389	711	No terminal repeats	NA	2	11	0.9016	NA	1	3.1019	Viruses;Duplodnaviria;Heunggongvirae;Uroviricota;Caudoviricetes;;
ERR2726406_123177	217	No terminal repeats	NA	2	11	0.9015	NA	1	3.2505	Viruses;Duplodnaviria;Heunggongvirae;Uroviricota;Caudoviricetes;;
ERR2726406_829	454	No terminal repeats	NA	1	11	0.9014	NA	1	1.6802	Viruses;Duplodnaviria;Heunggongvirae;Uroviricota;Caudoviricetes;;
ERR2726406_2626	2677	No terminal repeats	NA	4	11	0.9010	NA	0	2.8511	Viruses;Duplodnaviria;Heunggongvirae;Uroviricota;Caudoviricetes;;
ERR2726406_108261	192	No terminal repeats	NA	1	11	0.9004	NA	1	1.4933	Viruses;Duplodnaviria;Heunggongvirae;Uroviricota;Caudoviricetes;;
ERR2726406_68257	2994	No terminal repeats	NA	3	11	0.9003	NA	0	2.7951	Viruses;Duplodnaviria;Heunggongvirae;Uroviricota;Caudoviricetes;;
ERR2726406_353059	274	No terminal repeats	NA	1	11	0.9003	NA	1	1.7183	Viruses;Duplodnaviria;Heunggongvirae;Uroviricota;Caudoviricetes;;
ERR2726406_70203	514	No terminal repeats	NA	2	11	0.9003	NA	1	3.4366	Viruses;Duplodnaviria;Heunggongvirae;Uroviricota;Caudoviricetes;;
ERR2726406_194162	422	No terminal repeats	NA	1	11	0.9001	NA	1	1.7183	Viruses;Duplodnaviria;Heunggongvirae;Uroviricota;Caudoviricetes;;
ERR2726406_97158	1099	No terminal repeats	NA	2	11	0.8999	NA	1	2.4433	Viruses;Duplodnaviria;Heunggongvirae;Uroviricota;Caudoviricetes;;
ERR2726406_16555	281	No terminal repeats	NA	1	11	0.8990	NA	1	1.3345	Viruses;Duplodnaviria;Heunggongvirae;Uroviricota;Caudoviricetes;;
ERR2726406_31659	511	No terminal repeats	NA	1	11	0.8988	NA	1	0.9717	Viruses;Duplodnaviria;Heunggongvirae;Uroviricota;Caudoviricetes;;
ERR2726406_372404	240	No terminal repeats	NA	1	11	0.8987	NA	1	1.2696	Viruses;Duplodnaviria;Heunggongvirae;Uroviricota;Caudoviricetes;;
ERR2726406_190746	489	No terminal repeats	NA	1	11	0.8987	NA	1	1.7183	Viruses;Duplodnaviria;Heunggongvirae;Uroviricota;Caudoviricetes;;
ERR2726406_69843	585	No terminal repeats	NA	1	11	0.8986	NA	1	1.2306	Viruses;Duplodnaviria;Heunggongvirae;Uroviricota;Caudoviricetes;;
ERR2726406_28715	1186	No terminal repeats	NA	2	11	0.8986	NA	1	1.7183	Viruses;Duplodnaviria;Heunggongvirae;Uroviricota;Caudoviricetes;;
ERR2726406_53890	831	No terminal repeats	NA	2	11	0.8983	NA	1	1.7162	Viruses;Duplodnaviria;Heunggongvirae;Uroviricota;Caudoviricetes;;
ERR2726406_385294	165	No terminal repeats	NA	1	11	0.8981	NA	1	1.3688	Viruses;Duplodnaviria;Heunggongvirae;Uroviricota;Caudoviricetes;;
ERR2726406_391968	167	No terminal repeats	NA	1	11	0.8981	NA	1	1.1077	Viruses;Duplodnaviria;Heunggongvirae;Uroviricota;Caudoviricetes;;
ERR2726406_160022	396	No terminal repeats	NA	1	11	0.8977	NA	1	1.7183	Viruses;Duplodnaviria;Heunggongvirae;Uroviricota;Caudoviricetes;;
ERR2726406_303858	485	No terminal repeats	NA	1	11	0.8974	NA	1	1.7183	Viruses;Duplodnaviria;Heunggongvirae;Uroviricota;Caudoviricetes;;
ERR2726406_5321	1679	No terminal repeats	NA	2	11	0.8973	NA	1	1.7183	Viruses;Duplodnaviria;Heunggongvirae;Uroviricota;Caudoviricetes;;
ERR2726406_111325	1814	No terminal repeats	NA	2	11	0.8968	NA	1	1.7183	Viruses;Duplodnaviria;Heunggongvirae;Uroviricota;Caudoviricetes;;
ERR2726406_74084	1417	No terminal repeats	NA	3	11	0.8965	NA	1	3.0569	Viruses;Duplodnaviria;Heunggongvirae;Uroviricota;Caudoviricetes;;
ERR2726406_214175	433	No terminal repeats	NA	1	11	0.8965	NA	1	1.7183	Viruses;Duplodnaviria;Heunggongvirae;Uroviricota;Caudoviricetes;;
ERR2726406_62781	3007	No terminal repeats	NA	7	11	0.8963	NA	0	2.0754	Viruses;Duplodnaviria;Heunggongvirae;Uroviricota;Caudoviricetes;;
ERR2726406_84519	653	No terminal repeats	NA	2	11	0.8962	NA	1	3.4255	Viruses;Duplodnaviria;Heunggongvirae;Uroviricota;Caudoviricetes;;
ERR2726406_28960	613	No terminal repeats	NA	2	11	0.8961	NA	2	3.4366	Viruses;Duplodnaviria;Heunggongvirae;Uroviricota;Caudoviricetes;;
ERR2726406_80174	715	No terminal repeats	NA	1	11	0.8960	NA	1	1.2105	Viruses;Duplodnaviria;Heunggongvirae;Uroviricota;Caudoviricetes;;
ERR2726406_323769	676	No terminal repeats	NA	1	11	0.8958	NA	1	1.2997	Viruses;Duplodnaviria;Heunggongvirae;Uroviricota;Caudoviricetes;;
ERR2726406_58741	4352	No terminal repeats	NA	5	11	0.8957	NA	0	3.3573	Viruses;Duplodnaviria;Heunggongvirae;Uroviricota;Caudoviricetes;;
ERR2726406_49782	547	No terminal repeats	NA	2	11	0.8954	NA	1	1.7136	Viruses;Duplodnaviria;Heunggongvirae;Uroviricota;Caudoviricetes;;
ERR2726406_35518	435	No terminal repeats	NA	2	11	0.8949	NA	1	1.7162	Viruses;Duplodnaviria;Heunggongvirae;Uroviricota;Caudoviricetes;;
ERR2726406_13809	182	No terminal repeats	NA	1	4	0.8949	NA	1	1.4287	Viruses;Duplodnaviria;Heunggongvirae;Uroviricota;Caudoviricetes;;
ERR2726406_47093	4948	No terminal repeats	NA	6	11	0.8946	NA	0	1.4636	Viruses;Duplodnaviria;Heunggongvirae;Uroviricota;Caudoviricetes;;
ERR2726406_341248	218	No terminal repeats	NA	1	11	0.8943	NA	1	1.4005	Viruses;Duplodnaviria;Heunggongvirae;Uroviricota;Caudoviricetes;;
ERR2726406_154937	1203	No terminal repeats	NA	3	11	0.8943	NA	2	3.0373	Viruses;Duplodnaviria;Heunggongvirae;Uroviricota;Caudoviricetes;;
ERR2726406_289570	292	No terminal repeats	NA	2	11	0.8943	NA	1	2.7895	Viruses;Duplodnaviria;Heunggongvirae;Uroviricota;Caudoviricetes;;
ERR2726406_207603	376	No terminal repeats	NA	1	11	0.8942	NA	1	1.3729	Viruses;Duplodnaviria;Heunggongvirae;Uroviricota;Caudoviricetes;;
ERR2726406_170487	821	No terminal repeats	NA	1	11	0.8941	NA	1	1.2306	Viruses;Duplodnaviria;Heunggongvirae;Uroviricota;Caudoviricetes;;
ERR2726406_324697	372	No terminal repeats	NA	2	11	0.8935	NA	1	1.7183	Viruses;Duplodnaviria;Heunggongvirae;Uroviricota;Caudoviricetes;;
ERR2726406_94465	807	No terminal repeats	NA	1	11	0.8935	NA	1	1.2610	Viruses;Duplodnaviria;Heunggongvirae;Uroviricota;Caudoviricetes;;
ERR2726406_152792	266	No terminal repeats	NA	1	11	0.8934	NA	1	1.7167	Viruses;Duplodnaviria;Heunggongvirae;Uroviricota;Caudoviricetes;;
ERR2726406_254615	281	No terminal repeats	NA	1	11	0.8930	NA	1	1.7162	Viruses;Duplodnaviria;Heunggongvirae;Uroviricota;Caudoviricetes;;
ERR2726406_242722	169	No terminal repeats	NA	1	11	0.8929	NA	1	1.3993	Viruses;Duplodnaviria;Heunggongvirae;Uroviricota;Caudoviricetes;;
ERR2726406_136814	633	No terminal repeats	NA	3	11	0.8926	NA	2	3.1707	Viruses;Duplodnaviria;Heunggongvirae;Uroviricota;Caudoviricetes;;
ERR2726406_183318	309	No terminal repeats	NA	1	11	0.8923	NA	1	1.7183	Viruses;Duplodnaviria;Heunggongvirae;Uroviricota;Caudoviricetes;;
ERR2726406_39170	2995	No terminal repeats	NA	3	11	0.8922	NA	1	1.7105	Viruses;Duplodnaviria;Heunggongvirae;Uroviricota;Caudoviricetes;;
ERR2726406_145986	1444	No terminal repeats	NA	3	11	0.8922	NA	2	4.3439	Viruses;Duplodnaviria;Heunggongvirae;Uroviricota;Caudoviricetes;;
ERR2726406_12808	301	No terminal repeats	NA	1	11	0.8921	NA	1	1.2215	Viruses;Duplodnaviria;Heunggongvirae;Uroviricota;Caudoviricetes;;
ERR2726406_16600	4139	No terminal repeats	NA	8	11	0.8921	NA	1	4.8866	Viruses;Duplodnaviria;Heunggongvirae;Uroviricota;Caudoviricetes;;
ERR2726406_156087	1082	No terminal repeats	NA	1	11	0.8920	NA	1	1.5710	Viruses;Duplodnaviria;Heunggongvirae;Uroviricota;Caudoviricetes;;
ERR2726406_150503	130	No terminal repeats	NA	1	11	0.8917	NA	1	1.4263	Viruses;Duplodnaviria;Heunggongvirae;Uroviricota;Caudoviricetes;;
ERR2726406_366015	320	No terminal repeats	NA	2	11	0.8917	NA	1	1.7183	Viruses;Duplodnaviria;Heunggongvirae;Uroviricota;Caudoviricetes;;
ERR2726406_51792	652	No terminal repeats	NA	3	11	0.8917	NA	1	3.1050	Viruses;Duplodnaviria;Heunggongvirae;Uroviricota;Caudoviricetes;;
ERR2726406_9456	7768	No terminal repeats	NA	7	11	0.8916	NA	1	3.1331	Viruses;Duplodnaviria;Heunggongvirae;Uroviricota;Caudoviricetes;;
ERR2726406_49185	5083	No terminal repeats	NA	2	11	0.8916	NA	0	1.7171	Viruses;Duplodnaviria;Heunggongvirae;Uroviricota;Caudoviricetes;;
ERR2726406_140142	1144	No terminal repeats	NA	2	11	0.8915	NA	1	2.3246	Viruses;Duplodnaviria;Heunggongvirae;Uroviricota;Caudoviricetes;;
ERR2726406_1542	14657	No terminal repeats	NA	20	11	0.8914	NA	0	6.6021	Viruses;Duplodnaviria;Heunggongvirae;Uroviricota;Caudoviricetes;;
ERR2726406_79460	320	No terminal repeats	NA	1	11	0.8913	NA	1	1.2936	Viruses;Duplodnaviria;Heunggongvirae;Uroviricota;Caudoviricetes;;
ERR2726406_59670	1382	No terminal repeats	NA	2	11	0.8913	NA	1	2.9519	Viruses;Duplodnaviria;Heunggongvirae;Uroviricota;Caudoviricetes;;
ERR2726406_174902	273	No terminal repeats	NA	1	11	0.8913	NA	1	1.7160	Viruses;Duplodnaviria;Heunggongvirae;Uroviricota;Caudoviricetes;;
ERR2726406_98929	817	No terminal repeats	NA	2	11	0.8912	NA	1	1.7183	Viruses;Duplodnaviria;Heunggongvirae;Uroviricota;Caudoviricetes;;
ERR2726406_32142	587	No terminal repeats	NA	1	11	0.8911	NA	1	1.2105	Viruses;Duplodnaviria;Heunggongvirae;Uroviricota;Caudoviricetes;;
ERR2726406_15969	1497	No terminal repeats	NA	3	11	0.8909	NA	1	3.2545	Viruses;Duplodnaviria;Heunggongvirae;Uroviricota;Caudoviricetes;;
ERR2726406_24562	1203	No terminal repeats	NA	3	11	0.8906	NA	1	5.1298	Viruses;Duplodnaviria;Heunggongvirae;Uroviricota;Caudoviricetes;;
ERR2726406_121254	652	No terminal repeats	NA	2	11	0.8899	NA	1	3.4366	Viruses;Duplodnaviria;Heunggongvirae;Uroviricota;Caudoviricetes;;
ERR2726406_329102	273	No terminal repeats	NA	1	11	0.8895	NA	1	1.7162	Viruses;Duplodnaviria;Heunggongvirae;Uroviricota;Caudoviricetes;;
ERR2726406_264644	172	No terminal repeats	NA	1	11	0.8894	NA	1	1.7160	Viruses;Duplodnaviria;Heunggongvirae;Uroviricota;Caudoviricetes;;
ERR2726406_64894	222	No terminal repeats	NA	1	11	0.8888	NA	1	1.5876	Viruses;Duplodnaviria;Heunggongvirae;Uroviricota;Caudoviricetes;;
ERR2726406_861	4890	No terminal repeats	NA	6	11	0.8884	NA	1	2.5753	Viruses;Duplodnaviria;Heunggongvirae;Uroviricota;Caudoviricetes;;
ERR2726406_53517	1080	No terminal repeats	NA	3	11	0.8883	NA	1	3.1149	Viruses;Duplodnaviria;Heunggongvirae;Uroviricota;Caudoviricetes;;
ERR2726406_2533	8187	No terminal repeats	NA	7	11	0.8881	NA	0	1.7183	Viruses;Duplodnaviria;Heunggongvirae;Uroviricota;Caudoviricetes;;
ERR2726406_18126	843	No terminal repeats	NA	2	11	0.8874	NA	1	1.5261	Viruses;Duplodnaviria;Heunggongvirae;Uroviricota;Caudoviricetes;;
ERR2726406_57397	4241	No terminal repeats	NA	5	11	0.8872	NA	0	1.7746	Viruses;Duplodnaviria;Heunggongvirae;Uroviricota;Caudoviricetes;;
ERR2726406_7594	10104	No terminal repeats	NA	13	11	0.8870	NA	1	1.3983	Viruses;Duplodnaviria;Heunggongvirae;Uroviricota;Caudoviricetes;;
ERR2726406_278192	256	No terminal repeats	NA	1	11	0.8869	NA	1	1.7161	Viruses;Duplodnaviria;Heunggongvirae;Uroviricota;Caudoviricetes;;
ERR2726406_196013	653	No terminal repeats	NA	1	11	0.8867	NA	1	1.7183	Viruses;Duplodnaviria;Heunggongvirae;Uroviricota;Caudoviricetes;;
ERR2726406_17500	6032	No terminal repeats	NA	6	11	0.8865	NA	0	4.8113	Viruses;Duplodnaviria;Heunggongvirae;Uroviricota;Caudoviricetes;;
ERR2726406_177527	449	No terminal repeats	NA	1	11	0.8864	NA	1	1.7183	Viruses;Duplodnaviria;Heunggongvirae;Uroviricota;Caudoviricetes;;
ERR2726406_46402	368	No terminal repeats	NA	1	11	0.8863	NA	1	1.7183	Viruses;Duplodnaviria;Heunggongvirae;Uroviricota;Caudoviricetes;;
ERR2726406_265700	514	No terminal repeats	NA	1	11	0.8862	NA	1	1.7183	Viruses;Duplodnaviria;Heunggongvirae;Uroviricota;Caudoviricetes;;
ERR2726406_265849	346	No terminal repeats	NA	1	11	0.8859	NA	1	1.2976	Viruses;Duplodnaviria;Heunggongvirae;Uroviricota;Caudoviricetes;;
ERR2726406_34526	3094	No terminal repeats	NA	4	11	0.8858	NA	0	1.3411	Viruses;Duplodnaviria;Heunggongvirae;Uroviricota;Caudoviricetes;;
ERR2726406_65219	5418	No terminal repeats	NA	6	11	0.8858	NA	0	3.5083	Viruses;Duplodnaviria;Heunggongvirae;Uroviricota;Caudoviricetes;;
ERR2726406_48522	329	No terminal repeats	NA	1	11	0.8858	NA	1	1.2938	Viruses;Duplodnaviria;Heunggongvirae;Uroviricota;Caudoviricetes;;
ERR2726406_35968	325	No terminal repeats	NA	2	11	0.8855	NA	1	1.7183	Viruses;Duplodnaviria;Heunggongvirae;Uroviricota;Caudoviricetes;;
ERR2726406_227780	343	No terminal repeats	NA	1	11	0.8854	NA	1	1.2848	Viruses;Duplodnaviria;Heunggongvirae;Uroviricota;Caudoviricetes;;
ERR2726406_8981	5369	No terminal repeats	NA	3	11	0.8853	NA	2	2.9442	Viruses;Duplodnaviria;Heunggongvirae;Uroviricota;Caudoviricetes;;
ERR2726406_40184	543	No terminal repeats	NA	1	11	0.8853	NA	1	1.7163	Viruses;Duplodnaviria;Heunggongvirae;Uroviricota;Caudoviricetes;;
ERR2726406_53534	778	No terminal repeats	NA	1	11	0.8852	NA	1	0.9613	Viruses;Monodnaviria;Shotokuvirae;Cressdnaviricota;Arfiviricetes;Cirlivirales;
ERR2726406_53613	3515	No terminal repeats	NA	4	11	0.8850	NA	1	1.6030	Viruses;Duplodnaviria;Heunggongvirae;Uroviricota;Caudoviricetes;;Kyanoviridae
ERR2726406_16957	1374	No terminal repeats	NA	2	11	0.8847	NA	1	1.7177	Viruses;Duplodnaviria;Heunggongvirae;Uroviricota;Caudoviricetes;;
ERR2726406_59293	890	No terminal repeats	NA	1	11	0.8844	NA	1	1.0383	Viruses;Duplodnaviria;Heunggongvirae;Uroviricota;Caudoviricetes;;
ERR2726406_104342	874	No terminal repeats	NA	1	11	0.8844	NA	1	1.2105	Viruses;Duplodnaviria;Heunggongvirae;Uroviricota;Caudoviricetes;;
ERR2726406_120017	177	No terminal repeats	NA	1	11	0.8840	NA	1	1.3549	Viruses;Duplodnaviria;Heunggongvirae;Uroviricota;Caudoviricetes;;
ERR2726406_296283	302	No terminal repeats	NA	1	11	0.8839	NA	1	1.4239	Viruses;Duplodnaviria;Heunggongvirae;Uroviricota;Caudoviricetes;;
ERR2726406_267900	238	No terminal repeats	NA	1	11	0.8832	NA	1	1.3549	Viruses;Duplodnaviria;Heunggongvirae;Uroviricota;Caudoviricetes;;
ERR2726406_153280	1210	No terminal repeats	NA	3	11	0.8831	NA	1	1.9097	Viruses;Duplodnaviria;Heunggongvirae;Uroviricota;Caudoviricetes;;
ERR2726406_4392	23106	No terminal repeats	NA	20	11	0.8829	NA	7	29.9469	Viruses;Duplodnaviria;Heunggongvirae;Uroviricota;Caudoviricetes;;
ERR2726406_237932	304	No terminal repeats	NA	1	11	0.8822	NA	1	1.5859	Viruses;Duplodnaviria;Heunggongvirae;Uroviricota;Caudoviricetes;;
ERR2726406_190634	429	No terminal repeats	NA	2	11	0.8818	NA	1	1.3854	Viruses;Duplodnaviria;Heunggongvirae;Uroviricota;Caudoviricetes;;
ERR2726406_132300	225	No terminal repeats	NA	1	11	0.8816	NA	1	1.7183	Viruses;Duplodnaviria;Heunggongvirae;Uroviricota;Caudoviricetes;;
ERR2726406_15225	865	No terminal repeats	NA	1	11	0.8815	NA	1	1.2306	Viruses;Duplodnaviria;Heunggongvirae;Uroviricota;Caudoviricetes;;
ERR2726406_11576	5790	No terminal repeats	NA	5	11	0.8813	NA	0	0.8547	Viruses;Duplodnaviria;Heunggongvirae;Uroviricota;Caudoviricetes;;
ERR2726406_201183	839	No terminal repeats	NA	1	11	0.8812	NA	1	1.2936	Viruses;Duplodnaviria;Heunggongvirae;Uroviricota;Caudoviricetes;;
ERR2726406_11012	6865	No terminal repeats	NA	12	11	0.8809	NA	1	4.4660	Viruses;Duplodnaviria;Heunggongvirae;Uroviricota;Caudoviricetes;;
ERR2726406_205640	470	No terminal repeats	NA	1	11	0.8807	NA	1	1.1602	Viruses;Duplodnaviria;Heunggongvirae;Uroviricota;Caudoviricetes;;
ERR2726406_282312	212	No terminal repeats	NA	1	11	0.8807	NA	1	1.7183	Viruses;Duplodnaviria;Heunggongvirae;Uroviricota;Caudoviricetes;;
ERR2726406_283859	179	No terminal repeats	NA	1	11	0.8805	NA	1	1.3042	Viruses;Duplodnaviria;Heunggongvirae;Uroviricota;Caudoviricetes;;
ERR2726406_144983	1498	No terminal repeats	NA	3	11	0.8801	NA	1	1.7183	Viruses;Duplodnaviria;Heunggongvirae;Uroviricota;Caudoviricetes;;
ERR2726406_95152	484	No terminal repeats	NA	1	11	0.8798	NA	1	1.7162	Viruses;Duplodnaviria;Heunggongvirae;Uroviricota;Caudoviricetes;;
ERR2726406_334330	141	No terminal repeats	NA	1	11	0.8797	NA	1	1.4001	Viruses;Duplodnaviria;Heunggongvirae;Uroviricota;Caudoviricetes;;
ERR2726406_169881	498	No terminal repeats	NA	1	11	0.8797	NA	1	1.2873	Viruses;Duplodnaviria;Heunggongvirae;Uroviricota;Caudoviricetes;;
ERR2726406_195836	536	No terminal repeats	NA	2	11	0.8791	NA	1	1.7183	Viruses;Duplodnaviria;Heunggongvirae;Uroviricota;Caudoviricetes;;
ERR2726406_28386	732	No terminal repeats	NA	2	11	0.8790	NA	1	1.7183	Viruses;Duplodnaviria;Heunggongvirae;Uroviricota;Caudoviricetes;;
ERR2726406_4528	20328	No terminal repeats	NA	26	11	0.8789	NA	0	7.6122	Viruses;Duplodnaviria;Heunggongvirae;Uroviricota;Caudoviricetes;;
ERR2726406_26182	4443	No terminal repeats	NA	4	11	0.8787	NA	0	1.2677	Viruses;Duplodnaviria;Heunggongvirae;Uroviricota;Caudoviricetes;;
ERR2726406_69836	775	No terminal repeats	NA	2	11	0.8787	NA	2	3.4366	Viruses;Duplodnaviria;Heunggongvirae;Uroviricota;Caudoviricetes;;
ERR2726406_135242	511	No terminal repeats	NA	1	11	0.8786	NA	1	1.5762	Viruses;Duplodnaviria;Heunggongvirae;Uroviricota;Caudoviricetes;;
ERR2726406_18725	6794	No terminal repeats	NA	8	11	0.8779	NA	0	1.0562	Viruses;Duplodnaviria;Heunggongvirae;Uroviricota;Caudoviricetes;;
ERR2726406_249515	279	No terminal repeats	NA	1	11	0.8779	NA	1	1.7158	Viruses;Duplodnaviria;Heunggongvirae;Uroviricota;Caudoviricetes;;
ERR2726406_126503	842	No terminal repeats	NA	2	11	0.8774	NA	1	3.4366	Viruses;Duplodnaviria;Heunggongvirae;Uroviricota;Caudoviricetes;;
ERR2726406_219495	279	No terminal repeats	NA	1	11	0.8774	NA	1	1.2550	Viruses;Duplodnaviria;Heunggongvirae;Uroviricota;Caudoviricetes;;
ERR2726406_26961	292	No terminal repeats	NA	2	11	0.8773	NA	1	1.7183	Viruses;Duplodnaviria;Heunggongvirae;Uroviricota;Caudoviricetes;;
ERR2726406_310133	576	No terminal repeats	NA	2	11	0.8770	NA	2	2.9255	Viruses;Duplodnaviria;Heunggongvirae;Uroviricota;Caudoviricetes;;
ERR2726406_6762	7117	No terminal repeats	NA	8	11	0.8768	NA	0	1.2885	Viruses;Duplodnaviria;Heunggongvirae;Uroviricota;Caudoviricetes;;
ERR2726406_867	844	No terminal repeats	NA	2	11	0.8768	NA	2	2.4183	Viruses;Duplodnaviria;Heunggongvirae;Uroviricota;Caudoviricetes;;
ERR2726406_336749	200	No terminal repeats	NA	1	11	0.8767	NA	1	1.0918	Viruses;Duplodnaviria;Heunggongvirae;Uroviricota;Caudoviricetes;;
ERR2726406_1965	5800	No terminal repeats	NA	4	11	0.8767	NA	0	1.1797	Viruses;Duplodnaviria;Heunggongvirae;Uroviricota;Caudoviricetes;;
ERR2726406_378928	371	No terminal repeats	NA	1	11	0.8763	NA	1	1.6802	Viruses;Duplodnaviria;Heunggongvirae;Uroviricota;Caudoviricetes;;
ERR2726406_99069	862	No terminal repeats	NA	1	11	0.8762	NA	1	1.5362	Viruses;Duplodnaviria;Heunggongvirae;Uroviricota;Caudoviricetes;;
ERR2726406_162731	411	No terminal repeats	NA	1	11	0.8759	NA	1	1.7158	Viruses;Duplodnaviria;Heunggongvirae;Uroviricota;Caudoviricetes;;
ERR2726406_289606	279	No terminal repeats	NA	1	11	0.8759	NA	1	1.4286	Viruses;Duplodnaviria;Heunggongvirae;Uroviricota;Caudoviricetes;;
ERR2726406_202626	405	No terminal repeats	NA	1	15	0.8758	NA	1	1.7171	Viruses;Duplodnaviria;Heunggongvirae;Uroviricota;Caudoviricetes;;
ERR2726406_2552	3288	No terminal repeats	NA	5	11	0.8755	NA	0	3.6859	Viruses;Duplodnaviria;Heunggongvirae;Uroviricota;Caudoviricetes;;
ERR2726406_133691	479	No terminal repeats	NA	1	11	0.8752	NA	1	1.7183	Viruses;Duplodnaviria;Heunggongvirae;Uroviricota;Caudoviricetes;;
ERR2726406_18636	3742	No terminal repeats	NA	4	11	0.8752	NA	0	2.0535	Viruses;Duplodnaviria;Heunggongvirae;Uroviricota;Caudoviricetes;;
ERR2726406_107073	264	No terminal repeats	NA	1	11	0.8748	NA	1	1.2938	Viruses;Duplodnaviria;Heunggongvirae;Uroviricota;Caudoviricetes;;
ERR2726406_3129	335	No terminal repeats	NA	1	11	0.8747	NA	1	1.7105	Viruses;Duplodnaviria;Heunggongvirae;Uroviricota;Caudoviricetes;;
ERR2726406_233208	339	No terminal repeats	NA	1	11	0.8747	NA	1	1.7183	Viruses;Duplodnaviria;Heunggongvirae;Uroviricota;Caudoviricetes;;
ERR2726406_107130	478	No terminal repeats	NA	1	11	0.8742	NA	1	1.7162	Viruses;Duplodnaviria;Heunggongvirae;Uroviricota;Caudoviricetes;;
ERR2726406_105610	616	No terminal repeats	NA	2	11	0.8731	NA	2	2.7934	Viruses;Duplodnaviria;Heunggongvirae;Uroviricota;Caudoviricetes;;
ERR2726406_205488	447	No terminal repeats	NA	2	11	0.8730	NA	1	1.7162	Viruses;Duplodnaviria;Heunggongvirae;Uroviricota;Caudoviricetes;;
ERR2726406_42489	828	No terminal repeats	NA	2	11	0.8728	NA	1	2.7499	Viruses;Duplodnaviria;Heunggongvirae;Uroviricota;Caudoviricetes;;
ERR2726406_209079	568	No terminal repeats	NA	1	11	0.8726	NA	1	1.4435	Viruses;Duplodnaviria;Heunggongvirae;Uroviricota;Caudoviricetes;;
ERR2726406_234892	156	No terminal repeats	NA	1	11	0.8725	NA	1	1.7183	Viruses;Duplodnaviria;Heunggongvirae;Uroviricota;Caudoviricetes;;
ERR2726406_328489	157	No terminal repeats	NA	1	11	0.8724	NA	1	1.7162	Viruses;Duplodnaviria;Heunggongvirae;Uroviricota;Caudoviricetes;;
ERR2726406_59502	751	No terminal repeats	NA	1	11	0.8723	NA	1	1.2306	Viruses;Duplodnaviria;Heunggongvirae;Uroviricota;Caudoviricetes;;
ERR2726406_12884	3404	No terminal repeats	NA	3	11	0.8722	NA	0	1.0603	Viruses;Duplodnaviria;Heunggongvirae;Uroviricota;Caudoviricetes;;
ERR2726406_220707	157	No terminal repeats	NA	1	11	0.8721	NA	1	0.8795	Viruses;Duplodnaviria;Heunggongvirae;Uroviricota;Caudoviricetes;;
ERR2726406_85977	360	No terminal repeats	NA	1	11	0.8720	NA	1	1.3264	Viruses;Duplodnaviria;Heunggongvirae;Uroviricota;Caudoviricetes;;
ERR2726406_131018	458	No terminal repeats	NA	1	11	0.8718	NA	1	1.7183	Viruses;Duplodnaviria;Heunggongvirae;Uroviricota;Caudoviricetes;;
ERR2726406_192102	312	No terminal repeats	NA	1	11	0.8717	NA	1	1.3549	Viruses;Duplodnaviria;Heunggongvirae;Uroviricota;Caudoviricetes;;
ERR2726406_2412	2582	No terminal repeats	NA	3	11	0.8716	NA	1	1.8785	Viruses;Duplodnaviria;Heunggongvirae;Uroviricota;Caudoviricetes;;
ERR2726406_299836	550	No terminal repeats	NA	1	11	0.8710	NA	1	1.3665	Viruses;Duplodnaviria;Heunggongvirae;Uroviricota;Caudoviricetes;;
ERR2726406_81065	267	No terminal repeats	NA	1	11	0.8709	NA	1	1.4524	Viruses;Duplodnaviria;Heunggongvirae;Uroviricota;Caudoviricetes;;
ERR2726406_54267	1291	No terminal repeats	NA	3	11	0.8707	NA	1	3.1216	Viruses;Duplodnaviria;Heunggongvirae;Uroviricota;Caudoviricetes;;
ERR2726406_43205	4296	No terminal repeats	NA	5	11	0.8704	NA	1	2.2334	Viruses;Monodnaviria;Shotokuvirae;Cressdnaviricota;Arfiviricetes;Cirlivirales;
ERR2726406_294370	130	No terminal repeats	NA	1	11	0.8704	NA	1	1.4263	Viruses;Duplodnaviria;Heunggongvirae;Uroviricota;Caudoviricetes;;
ERR2726406_71308	358	No terminal repeats	NA	2	11	0.8700	NA	1	1.7183	Viruses;Duplodnaviria;Heunggongvirae;Uroviricota;Caudoviricetes;;
ERR2726406_87155	675	No terminal repeats	NA	2	11	0.8696	NA	1	1.4062	Viruses;Duplodnaviria;Heunggongvirae;Uroviricota;Caudoviricetes;;
ERR2726406_9016	1253	No terminal repeats	NA	2	11	0.8695	NA	1	1.7183	Viruses;Duplodnaviria;Heunggongvirae;Uroviricota;Caudoviricetes;;
ERR2726406_114056	431	No terminal repeats	NA	1	11	0.8693	NA	1	1.7174	Viruses;Duplodnaviria;Heunggongvirae;Uroviricota;Caudoviricetes;;
ERR2726406_41561	3617	No terminal repeats	NA	5	11	0.8692	NA	1	1.7183	Viruses;Duplodnaviria;Heunggongvirae;Uroviricota;Caudoviricetes;;
ERR2726406_10990	380	No terminal repeats	NA	1	11	0.8686	NA	1	1.3136	Viruses;Duplodnaviria;Heunggongvirae;Uroviricota;Caudoviricetes;;
ERR2726406_206602	1114	No terminal repeats	NA	2	11	0.8682	NA	1	1.7183	Viruses;Duplodnaviria;Heunggongvirae;Uroviricota;Caudoviricetes;;
ERR2726406_198851	317	No terminal repeats	NA	1	11	0.8681	NA	1	1.3983	Viruses;Duplodnaviria;Heunggongvirae;Uroviricota;Caudoviricetes;;
ERR2726406_401607	247	No terminal repeats	NA	1	11	0.8657	NA	1	1.2129	Viruses;Duplodnaviria;Heunggongvirae;Uroviricota;Caudoviricetes;;
ERR2726406_304766	280	No terminal repeats	NA	1	11	0.8650	NA	1	1.2550	Viruses;Duplodnaviria;Heunggongvirae;Uroviricota;Caudoviricetes;;
ERR2726406_279513	267	No terminal repeats	NA	2	11	0.8648	NA	1	1.7183	Viruses;Duplodnaviria;Heunggongvirae;Uroviricota;Caudoviricetes;;
ERR2726406_13139	835	No terminal repeats	NA	3	11	0.8647	NA	1	3.4298	Viruses;Duplodnaviria;Heunggongvirae;Uroviricota;Caudoviricetes;;
ERR2726406_197172	539	No terminal repeats	NA	2	11	0.8646	NA	1	2.5443	Viruses;Duplodnaviria;Heunggongvirae;Uroviricota;Caudoviricetes;;
ERR2726406_6359	10038	No terminal repeats	NA	8	11	0.8644	NA	1	2.7153	Viruses;Duplodnaviria;Heunggongvirae;Uroviricota;Caudoviricetes;;
ERR2726406_187140	176	No terminal repeats	NA	1	11	0.8643	NA	1	1.7161	Viruses;Duplodnaviria;Heunggongvirae;Uroviricota;Caudoviricetes;;
ERR2726406_250867	434	No terminal repeats	NA	1	11	0.8642	NA	1	1.6497	Viruses;Duplodnaviria;Heunggongvirae;Uroviricota;Caudoviricetes;;
ERR2726406_145696	482	No terminal repeats	NA	2	11	0.8640	NA	1	3.4255	Viruses;Duplodnaviria;Heunggongvirae;Uroviricota;Caudoviricetes;;
ERR2726406_136688	336	No terminal repeats	NA	1	11	0.8638	NA	1	1.4351	Viruses;Duplodnaviria;Heunggongvirae;Uroviricota;Caudoviricetes;;
ERR2726406_34956	3661	No terminal repeats	NA	8	11	0.8638	NA	1	5.5246	Viruses;Duplodnaviria;Heunggongvirae;Uroviricota;Caudoviricetes;;
ERR2726406_91887	618	No terminal repeats	NA	3	11	0.8634	NA	1	1.7183	Viruses;Duplodnaviria;Heunggongvirae;Uroviricota;Caudoviricetes;;
ERR2726406_238226	551	No terminal repeats	NA	2	11	0.8627	NA	1	1.3276	Viruses;Duplodnaviria;Heunggongvirae;Uroviricota;Caudoviricetes;;
ERR2726406_192077	742	No terminal repeats	NA	1	11	0.8626	NA	1	1.2891	Viruses;Duplodnaviria;Heunggongvirae;Uroviricota;Caudoviricetes;;
ERR2726406_91254	206	No terminal repeats	NA	1	11	0.8626	NA	1	1.4148	Viruses;Duplodnaviria;Heunggongvirae;Uroviricota;Caudoviricetes;;
ERR2726406_40896	510	No terminal repeats	NA	2	4	0.8625	NA	1	1.7183	Viruses;Duplodnaviria;Heunggongvirae;Uroviricota;Caudoviricetes;;
ERR2726406_13664	608	No terminal repeats	NA	1	11	0.8619	NA	1	1.7183	Viruses;Duplodnaviria;Heunggongvirae;Uroviricota;Caudoviricetes;;
ERR2726406_96473	337	No terminal repeats	NA	1	11	0.8610	NA	1	1.7162	Viruses;Duplodnaviria;Heunggongvirae;Uroviricota;Caudoviricetes;;
ERR2726406_407068	242	No terminal repeats	NA	1	11	0.8610	NA	1	1.7162	Viruses;Duplodnaviria;Heunggongvirae;Uroviricota;Caudoviricetes;;
ERR2726406_22060	1881	No terminal repeats	NA	3	11	0.8607	NA	1	3.4260	Viruses;Duplodnaviria;Heunggongvirae;Uroviricota;Caudoviricetes;;
ERR2726406_118348	1024	No terminal repeats	NA	3	11	0.8594	NA	1	3.4298	Viruses;Duplodnaviria;Heunggongvirae;Uroviricota;Caudoviricetes;;
ERR2726406_101268	546	No terminal repeats	NA	2	11	0.8585	NA	1	1.7183	Viruses;Duplodnaviria;Heunggongvirae;Uroviricota;Caudoviricetes;;
ERR2726406_46430	957	No terminal repeats	NA	2	11	0.8580	NA	1	1.4359	Viruses;Duplodnaviria;Heunggongvirae;Uroviricota;Caudoviricetes;;
ERR2726406_15444	1785	No terminal repeats	NA	2	11	0.8578	NA	1	1.7161	Viruses;Duplodnaviria;Heunggongvirae;Uroviricota;Caudoviricetes;;
ERR2726406_32879	1582	No terminal repeats	NA	3	11	0.8576	NA	2	2.6253	Viruses;Duplodnaviria;Heunggongvirae;Uroviricota;Caudoviricetes;;
ERR2726406_277001	340	No terminal repeats	NA	2	11	0.8576	NA	1	1.3895	Viruses;Duplodnaviria;Heunggongvirae;Uroviricota;Caudoviricetes;;
ERR2726406_2212	1614	No terminal repeats	NA	1	11	0.8573	NA	1	1.2306	Viruses;Duplodnaviria;Heunggongvirae;Uroviricota;Caudoviricetes;;
ERR2726406_128343	772	No terminal repeats	NA	1	11	0.8572	NA	1	1.0514	Viruses;Duplodnaviria;Heunggongvirae;Uroviricota;Caudoviricetes;;
ERR2726406_162453	461	No terminal repeats	NA	1	11	0.8566	NA	1	1.2647	Viruses;Duplodnaviria;Heunggongvirae;Uroviricota;Caudoviricetes;;
ERR2726406_274571	326	No terminal repeats	NA	1	11	0.8559	NA	1	1.3042	Viruses;Duplodnaviria;Heunggongvirae;Uroviricota;Caudoviricetes;;
ERR2726406_8972	22259	No terminal repeats	NA	19	11	0.8550	NA	0	3.0389	Viruses;Duplodnaviria;Heunggongvirae;Uroviricota;Caudoviricetes;;
ERR2726406_35640	410	No terminal repeats	NA	1	11	0.8548	NA	1	1.2964	Viruses;Duplodnaviria;Heunggongvirae;Uroviricota;Caudoviricetes;;
ERR2726406_76224	444	No terminal repeats	NA	1	11	0.8544	NA	1	1.7183	Unclassified
ERR2726406_27267	806	No terminal repeats	NA	1	11	0.8543	NA	1	1.0155	Viruses;Duplodnaviria;Heunggongvirae;Uroviricota;Caudoviricetes;;
ERR2726406_249309	341	No terminal repeats	NA	1	11	0.8542	NA	1	1.4094	Viruses;Duplodnaviria;Heunggongvirae;Uroviricota;Caudoviricetes;;
ERR2726406_101507	211	No terminal repeats	NA	1	11	0.8539	NA	1	1.4287	Viruses;Duplodnaviria;Heunggongvirae;Uroviricota;Caudoviricetes;;
ERR2726406_91373	1256	No terminal repeats	NA	2	11	0.8535	NA	1	3.2893	Viruses;Duplodnaviria;Heunggongvirae;Uroviricota;Caudoviricetes;;
ERR2726406_323642	159	No terminal repeats	NA	1	11	0.8533	NA	1	1.2635	Unclassified
ERR2726406_80734	652	No terminal repeats	NA	2	11	0.8529	NA	1	3.4350	Viruses;Duplodnaviria;Heunggongvirae;Uroviricota;Caudoviricetes;;
ERR2726406_66240	317	No terminal repeats	NA	1	11	0.8528	NA	1	1.7183	Viruses;Duplodnaviria;Heunggongvirae;Uroviricota;Caudoviricetes;;
ERR2726406_46843	2566	No terminal repeats	NA	4	11	0.8527	NA	0	3.4366	Viruses;Duplodnaviria;Heunggongvirae;Uroviricota;Caudoviricetes;;
ERR2726406_195392	244	No terminal repeats	NA	1	11	0.8527	NA	1	1.7162	Viruses;Duplodnaviria;Heunggongvirae;Uroviricota;Caudoviricetes;;
ERR2726406_258323	197	No terminal repeats	NA	2	11	0.8525	NA	1	1.7183	Viruses;Duplodnaviria;Heunggongvirae;Uroviricota;Caudoviricetes;;
ERR2726406_38087	1310	No terminal repeats	NA	2	11	0.8520	NA	1	1.7171	Viruses;Duplodnaviria;Heunggongvirae;Uroviricota;Caudoviricetes;;
ERR2726406_80258	1628	No terminal repeats	NA	1	11	0.8516	NA	1	1.2306	Viruses;Duplodnaviria;Heunggongvirae;Uroviricota;Caudoviricetes;;
ERR2726406_262664	353	No terminal repeats	NA	1	11	0.8513	NA	1	1.2881	Viruses;Duplodnaviria;Heunggongvirae;Uroviricota;Caudoviricetes;;
ERR2726406_190751	465	No terminal repeats	NA	2	11	0.8508	NA	1	1.6554	Viruses;Duplodnaviria;Heunggongvirae;Uroviricota;Caudoviricetes;;
ERR2726406_147946	242	No terminal repeats	NA	1	11	0.8508	NA	1	1.4287	Viruses;Duplodnaviria;Heunggongvirae;Uroviricota;Caudoviricetes;;
ERR2726406_33603	5120	No terminal repeats	NA	2	11	0.8505	NA	0	2.0867	Viruses;Duplodnaviria;Heunggongvirae;Uroviricota;Caudoviricetes;;
ERR2726406_180970	650	No terminal repeats	NA	1	11	0.8502	NA	1	1.1940	Viruses;Duplodnaviria;Heunggongvirae;Uroviricota;Caudoviricetes;;
ERR2726406_153118	409	No terminal repeats	NA	1	11	0.8499	NA	1	0.9613	Viruses;Monodnaviria;Shotokuvirae;Cressdnaviricota;Arfiviricetes;Cirlivirales;
ERR2726406_915	2341	No terminal repeats	NA	2	11	0.8491	NA	1	1.7183	Viruses;Duplodnaviria;Heunggongvirae;Uroviricota;Caudoviricetes;;
ERR2726406_137521	480	No terminal repeats	NA	1	11	0.8487	NA	1	1.7161	Viruses;Duplodnaviria;Heunggongvirae;Uroviricota;Caudoviricetes;;
ERR2726406_151089	407	No terminal repeats	NA	1	11	0.8486	NA	1	1.7183	Viruses;Duplodnaviria;Heunggongvirae;Uroviricota;Caudoviricetes;;
ERR2726406_118414	463	No terminal repeats	NA	2	11	0.8485	NA	1	1.7162	Viruses;Duplodnaviria;Heunggongvirae;Uroviricota;Caudoviricetes;;
ERR2726406_268319	286	No terminal repeats	NA	1	11	0.8485	NA	1	1.7161	Viruses;Duplodnaviria;Heunggongvirae;Uroviricota;Caudoviricetes;;
ERR2726406_10637	14784	No terminal repeats	NA	12	11	0.8483	NA	1	1.7136	Viruses;Duplodnaviria;Heunggongvirae;Uroviricota;Caudoviricetes;;
ERR2726406_23867	1550	No terminal repeats	NA	3	11	0.8481	NA	1	3.1392	Viruses;Duplodnaviria;Heunggongvirae;Uroviricota;Caudoviricetes;;
ERR2726406_22984	336	No terminal repeats	NA	1	11	0.8480	NA	1	1.7076	Viruses;Duplodnaviria;Heunggongvirae;Uroviricota;Caudoviricetes;;
ERR2726406_229922	223	No terminal repeats	NA	1	11	0.8479	NA	1	1.3595	Viruses;Duplodnaviria;Heunggongvirae;Uroviricota;Caudoviricetes;;
ERR2726406_267327	415	No terminal repeats	NA	2	11	0.8477	NA	1	1.7183	Viruses;Duplodnaviria;Heunggongvirae;Uroviricota;Caudoviricetes;;
ERR2726406_144977	710	No terminal repeats	NA	2	11	0.8477	NA	1	1.4005	Viruses;Duplodnaviria;Heunggongvirae;Uroviricota;Caudoviricetes;;
ERR2726406_1758	5857	No terminal repeats	NA	6	11	0.8477	NA	0	1.7183	Viruses;Duplodnaviria;Heunggongvirae;Uroviricota;Caudoviricetes;;
ERR2726406_17750	7392	No terminal repeats	NA	8	11	0.8473	NA	0	3.4759	Viruses;Duplodnaviria;Heunggongvirae;Uroviricota;Caudoviricetes;;
ERR2726406_189300	618	No terminal repeats	NA	1	11	0.8473	NA	1	1.5362	Viruses;Duplodnaviria;Heunggongvirae;Uroviricota;Caudoviricetes;;
ERR2726406_327558	307	No terminal repeats	NA	1	11	0.8470	NA	1	1.7183	Viruses;Duplodnaviria;Heunggongvirae;Uroviricota;Caudoviricetes;;
ERR2726406_426275	159	No terminal repeats	NA	1	11	0.8469	NA	1	1.7083	Viruses;Duplodnaviria;Heunggongvirae;Uroviricota;Caudoviricetes;;
ERR2726406_1251	5653	No terminal repeats	NA	10	11	0.8468	NA	1	2.4127	Viruses;Duplodnaviria;Heunggongvirae;Uroviricota;Caudoviricetes;;
ERR2726406_72728	1335	No terminal repeats	NA	2	11	0.8467	NA	1	1.7183	Viruses;Duplodnaviria;Heunggongvirae;Uroviricota;Caudoviricetes;;
ERR2726406_5931	395	No terminal repeats	NA	1	11	0.8460	NA	1	1.7174	Viruses;Duplodnaviria;Heunggongvirae;Uroviricota;Caudoviricetes;;
ERR2726406_219036	206	No terminal repeats	NA	1	11	0.8460	NA	1	0.9355	Viruses;Duplodnaviria;Heunggongvirae;Uroviricota;Caudoviricetes;;
ERR2726406_137969	801	No terminal repeats	NA	1	11	0.8459	NA	1	1.4242	Viruses;Duplodnaviria;Heunggongvirae;Uroviricota;Caudoviricetes;;
ERR2726406_131386	423	No terminal repeats	NA	2	11	0.8458	NA	1	1.4221	Viruses;Duplodnaviria;Heunggongvirae;Uroviricota;Caudoviricetes;;
ERR2726406_124	5595	No terminal repeats	NA	7	11	0.8458	NA	3	9.1495	Viruses;Duplodnaviria;Heunggongvirae;Uroviricota;Caudoviricetes;;
ERR2726406_23983	916	No terminal repeats	NA	2	11	0.8455	NA	1	1.7183	Viruses;Duplodnaviria;Heunggongvirae;Uroviricota;Caudoviricetes;;
ERR2726406_28917	360	No terminal repeats	NA	1	11	0.8452	NA	1	1.2354	Viruses;Duplodnaviria;Heunggongvirae;Uroviricota;Caudoviricetes;;
ERR2726406_16823	430	No terminal repeats	NA	2	11	0.8452	NA	1	1.7183	Viruses;Duplodnaviria;Heunggongvirae;Uroviricota;Caudoviricetes;;
ERR2726406_19720	716	No terminal repeats	NA	2	11	0.8451	NA	1	1.7183	Viruses;Duplodnaviria;Heunggongvirae;Uroviricota;Caudoviricetes;;
ERR2726406_13403	2603	No terminal repeats	NA	6	11	0.8447	NA	1	2.9854	Viruses;Duplodnaviria;Heunggongvirae;Uroviricota;Caudoviricetes;;
ERR2726406_123290	671	No terminal repeats	NA	2	11	0.8438	NA	1	1.5173	Viruses;Duplodnaviria;Heunggongvirae;Uroviricota;Caudoviricetes;;
ERR2726406_242462	225	No terminal repeats	NA	1	11	0.8435	NA	1	1.4287	Viruses;Duplodnaviria;Heunggongvirae;Uroviricota;Caudoviricetes;;
ERR2726406_57978	398	No terminal repeats	NA	2	11	0.8430	NA	1	3.0569	Viruses;Duplodnaviria;Heunggongvirae;Uroviricota;Caudoviricetes;;
ERR2726406_208831	901	No terminal repeats	NA	2	11	0.8423	NA	1	1.4041	Viruses;Duplodnaviria;Heunggongvirae;Uroviricota;Caudoviricetes;;
ERR2726406_21021	3628	No terminal repeats	NA	6	11	0.8419	NA	2	3.3152	Viruses;Duplodnaviria;Heunggongvirae;Uroviricota;Caudoviricetes;;
ERR2726406_1568	7995	No terminal repeats	NA	12	11	0.8412	NA	0	5.3888	Viruses;Duplodnaviria;Heunggongvirae;Uroviricota;Caudoviricetes;;
ERR2726406_224627	324	No terminal repeats	NA	1	11	0.8409	NA	1	1.7183	Viruses;Duplodnaviria;Heunggongvirae;Uroviricota;Caudoviricetes;;
ERR2726406_190411	302	No terminal repeats	NA	1	11	0.8406	NA	1	0.9184	Viruses;Duplodnaviria;Heunggongvirae;Uroviricota;Caudoviricetes;;
ERR2726406_93773	848	No terminal repeats	NA	1	11	0.8405	NA	1	1.1384	Viruses;Duplodnaviria;Heunggongvirae;Uroviricota;Caudoviricetes;;
ERR2726406_22212	5392	No terminal repeats	NA	6	11	0.8397	NA	1	2.2446	Viruses;Duplodnaviria;Heunggongvirae;Uroviricota;Caudoviricetes;;
ERR2726406_14054	2664	No terminal repeats	NA	4	11	0.8395	NA	0	2.8663	Viruses;Duplodnaviria;Heunggongvirae;Uroviricota;Caudoviricetes;;
ERR2726406_32945	1528	No terminal repeats	NA	3	11	0.8394	NA	1	3.1392	Viruses;Duplodnaviria;Heunggongvirae;Uroviricota;Caudoviricetes;;
ERR2726406_103403	298	No terminal repeats	NA	1	11	0.8387	NA	1	1.3345	Viruses;Duplodnaviria;Heunggongvirae;Uroviricota;Caudoviricetes;;
ERR2726406_255954	338	No terminal repeats	NA	1	11	0.8386	NA	1	1.3966	Viruses;Duplodnaviria;Heunggongvirae;Uroviricota;Caudoviricetes;;
ERR2726406_325810	259	No terminal repeats	NA	1	11	0.8384	NA	1	1.3998	Viruses;Duplodnaviria;Heunggongvirae;Uroviricota;Caudoviricetes;;
ERR2726406_12262	959	No terminal repeats	NA	1	11	0.8380	NA	1	1.2306	Viruses;Duplodnaviria;Heunggongvirae;Uroviricota;Caudoviricetes;;
ERR2726406_91597	926	No terminal repeats	NA	2	11	0.8374	NA	1	1.7183	Viruses;Duplodnaviria;Heunggongvirae;Uroviricota;Caudoviricetes;;
ERR2726406_44386	595	No terminal repeats	NA	2	11	0.8372	NA	1	3.4366	Viruses;Duplodnaviria;Heunggongvirae;Uroviricota;Caudoviricetes;;
ERR2726406_10156	3184	No terminal repeats	NA	7	11	0.8370	NA	0	1.3627	Viruses;Duplodnaviria;Heunggongvirae;Uroviricota;Caudoviricetes;;
ERR2726406_61676	1281	No terminal repeats	NA	2	11	0.8370	NA	1	3.0023	Viruses;Duplodnaviria;Heunggongvirae;Uroviricota;Caudoviricetes;;
ERR2726406_188097	1387	No terminal repeats	NA	1	11	0.8370	NA	1	1.3756	Viruses;Duplodnaviria;Heunggongvirae;Uroviricota;Caudoviricetes;;
ERR2726406_35780	2576	No terminal repeats	NA	4	11	0.8366	NA	0	1.7153	Viruses;Duplodnaviria;Heunggongvirae;Uroviricota;Caudoviricetes;;
ERR2726406_80430	3913	No terminal repeats	NA	2	11	0.8361	NA	0	1.7183	Viruses;Duplodnaviria;Heunggongvirae;Uroviricota;Caudoviricetes;;
ERR2726406_238454	265	No terminal repeats	NA	1	11	0.8359	NA	1	1.3993	Viruses;Duplodnaviria;Heunggongvirae;Uroviricota;Caudoviricetes;;
ERR2726406_40821	2898	No terminal repeats	NA	6	11	0.8358	NA	0	2.8179	Viruses;Duplodnaviria;Heunggongvirae;Uroviricota;Caudoviricetes;;
ERR2726406_150141	1283	No terminal repeats	NA	1	11	0.8357	NA	1	1.7183	Viruses;Duplodnaviria;Heunggongvirae;Uroviricota;Caudoviricetes;;
ERR2726406_272065	549	No terminal repeats	NA	2	11	0.8356	NA	1	1.7183	Viruses;Duplodnaviria;Heunggongvirae;Uroviricota;Caudoviricetes;;
ERR2726406_162483	655	No terminal repeats	NA	1	11	0.8352	NA	1	1.7183	Unclassified
ERR2726406_22367	3876	No terminal repeats	NA	1	11	0.8352	NA	1	1.2997	Viruses;Duplodnaviria;Heunggongvirae;Uroviricota;Caudoviricetes;;
ERR2726406_337999	311	No terminal repeats	NA	1	11	0.8352	NA	1	1.0136	Viruses;Duplodnaviria;Heunggongvirae;Uroviricota;Caudoviricetes;;
ERR2726406_31302	574	No terminal repeats	NA	2	11	0.8351	NA	1	1.7183	Viruses;Duplodnaviria;Heunggongvirae;Uroviricota;Caudoviricetes;;
ERR2726406_20878	5914	No terminal repeats	NA	8	11	0.8350	NA	1	4.2762	Viruses;Duplodnaviria;Heunggongvirae;Uroviricota;Caudoviricetes;;
ERR2726406_137600	801	No terminal repeats	NA	1	11	0.8345	NA	1	1.2298	Viruses;Duplodnaviria;Heunggongvirae;Uroviricota;Caudoviricetes;;
ERR2726406_10811	677	No terminal repeats	NA	2	11	0.8341	NA	1	2.3975	Viruses;Duplodnaviria;Heunggongvirae;Uroviricota;Caudoviricetes;;
ERR2726406_10213	2659	No terminal repeats	NA	4	11	0.8323	NA	0	1.7183	Viruses;Duplodnaviria;Heunggongvirae;Uroviricota;Caudoviricetes;;
ERR2726406_43730	4523	No terminal repeats	NA	8	11	0.8318	NA	0	3.7696	Viruses;Duplodnaviria;Heunggongvirae;Uroviricota;Caudoviricetes;;
ERR2726406_12267	3027	No terminal repeats	NA	4	11	0.8318	NA	0	2.8115	Viruses;Duplodnaviria;Heunggongvirae;Uroviricota;Caudoviricetes;;
ERR2726406_93730	543	No terminal repeats	NA	2	11	0.8314	NA	1	1.2865	Viruses;Duplodnaviria;Heunggongvirae;Uroviricota;Caudoviricetes;;
ERR2726406_233498	178	No terminal repeats	NA	1	11	0.8308	NA	1	1.6587	Viruses;Duplodnaviria;Heunggongvirae;Uroviricota;Caudoviricetes;;
ERR2726406_88213	543	No terminal repeats	NA	1	11	0.8302	NA	1	1.5841	Viruses;Duplodnaviria;Heunggongvirae;Uroviricota;Caudoviricetes;;
ERR2726406_82468	555	No terminal repeats	NA	2	11	0.8299	NA	1	1.4213	Viruses;Duplodnaviria;Heunggongvirae;Uroviricota;Caudoviricetes;;
ERR2726406_3196	16188	No terminal repeats	NA	22	11	0.8298	NA	0	3.6899	Viruses;Duplodnaviria;Heunggongvirae;Uroviricota;Caudoviricetes;;
ERR2726406_50660	3246	No terminal repeats	NA	2	11	0.8296	NA	1	1.5132	Viruses;Duplodnaviria;Heunggongvirae;Uroviricota;Caudoviricetes;;
ERR2726406_73082	410	No terminal repeats	NA	1	11	0.8291	NA	1	1.3207	Viruses;Duplodnaviria;Heunggongvirae;Uroviricota;Caudoviricetes;;
ERR2726406_1779	5345	No terminal repeats	NA	7	11	0.8286	NA	0	1.0730	Viruses;Duplodnaviria;Heunggongvirae;Uroviricota;Caudoviricetes;;
ERR2726406_2224	12112	No terminal repeats	NA	14	11	0.8281	NA	0	1.7183	Viruses;Duplodnaviria;Heunggongvirae;Uroviricota;Caudoviricetes;;
ERR2726406_132274	756	No terminal repeats	NA	1	11	0.8276	NA	1	1.7183	Viruses;Duplodnaviria;Heunggongvirae;Uroviricota;Caudoviricetes;;
ERR2726406_997	734	No terminal repeats	NA	2	11	0.8276	NA	1	3.2428	Viruses;Duplodnaviria;Heunggongvirae;Uroviricota;Caudoviricetes;;
ERR2726406_200109	467	No terminal repeats	NA	1	11	0.8265	NA	1	1.6407	Viruses;Duplodnaviria;Heunggongvirae;Uroviricota;Caudoviricetes;;
ERR2726406_8782	3759	No terminal repeats	NA	2	11	0.8265	NA	0	1.6491	Unclassified
ERR2726406_174662	366	No terminal repeats	NA	2	11	0.8262	NA	1	1.7183	Viruses;Duplodnaviria;Heunggongvirae;Uroviricota;Caudoviricetes;;
ERR2726406_174925	273	No terminal repeats	NA	1	11	0.8246	NA	1	1.2865	Viruses;Duplodnaviria;Heunggongvirae;Uroviricota;Caudoviricetes;;
ERR2726406_315261	249	No terminal repeats	NA	1	11	0.8243	NA	1	1.1437	Viruses;Duplodnaviria;Heunggongvirae;Uroviricota;Caudoviricetes;;
ERR2726406_246183	1252	No terminal repeats	NA	4	11	0.8242	NA	1	1.4188	Viruses;Monodnaviria;Loebvirae;Hofneiviricota;Faserviricetes;Tubulavirales;Inoviridae
ERR2726406_56482	3144	No terminal repeats	NA	4	11	0.8242	NA	1	2.9793	Viruses;Duplodnaviria;Heunggongvirae;Uroviricota;Caudoviricetes;;
ERR2726406_7995	729	No terminal repeats	NA	1	11	0.8240	NA	1	1.7183	Viruses;Duplodnaviria;Heunggongvirae;Uroviricota;Caudoviricetes;;
ERR2726406_3805	5612	No terminal repeats	NA	4	11	0.8233	NA	0	3.1471	Viruses;Duplodnaviria;Heunggongvirae;Uroviricota;Caudoviricetes;;
ERR2726406_203306	174	No terminal repeats	NA	1	11	0.8233	NA	1	1.7167	Viruses;Duplodnaviria;Heunggongvirae;Uroviricota;Caudoviricetes;;
ERR2726406_26136	11729	No terminal repeats	NA	9	11	0.8227	NA	0	1.4959	Viruses;Duplodnaviria;Heunggongvirae;Uroviricota;Caudoviricetes;;
ERR2726406_4485	4756	No terminal repeats	NA	1	11	0.8226	NA	0	1.0295	Viruses;Duplodnaviria;Heunggongvirae;Uroviricota;Caudoviricetes;;
ERR2726406_185240	753	No terminal repeats	NA	2	11	0.8226	NA	1	1.2105	Viruses;Duplodnaviria;Heunggongvirae;Uroviricota;Caudoviricetes;;
ERR2726406_289531	307	No terminal repeats	NA	1	11	0.8223	NA	1	1.2876	Viruses;Duplodnaviria;Heunggongvirae;Uroviricota;Caudoviricetes;;
ERR2726406_136035	522	No terminal repeats	NA	2	11	0.8221	NA	1	1.2588	Viruses;Duplodnaviria;Heunggongvirae;Uroviricota;Caudoviricetes;;
ERR2726406_263565	741	No terminal repeats	NA	1	11	0.8220	NA	1	1.2936	Viruses;Duplodnaviria;Heunggongvirae;Uroviricota;Caudoviricetes;;
ERR2726406_1419	13996	No terminal repeats	NA	16	11	0.8218	NA	1	2.9793	Viruses;Duplodnaviria;Heunggongvirae;Uroviricota;Caudoviricetes;;
ERR2726406_35413	2580	No terminal repeats	NA	1	11	0.8217	NA	0	0.0000	Unclassified
ERR2726406_40597	2708	No terminal repeats	NA	4	11	0.8212	NA	0	0.8868	Unclassified
ERR2726406_21598	1977	No terminal repeats	NA	3	11	0.8212	NA	1	2.7053	Viruses;Duplodnaviria;Heunggongvirae;Uroviricota;Caudoviricetes;;
ERR2726406_151721	1048	No terminal repeats	NA	3	11	0.8205	NA	2	2.9844	Viruses;Duplodnaviria;Heunggongvirae;Uroviricota;Caudoviricetes;;
ERR2726406_290067	341	No terminal repeats	NA	3	11	0.8201	NA	1	1.7183	Viruses;Duplodnaviria;Heunggongvirae;Uroviricota;Caudoviricetes;;
ERR2726406_365142	164	No terminal repeats	NA	1	11	0.8199	NA	1	1.6928	Viruses;Duplodnaviria;Heunggongvirae;Uroviricota;Caudoviricetes;;
ERR2726406_23824	14033	No terminal repeats	NA	15	11	0.8199	NA	0	6.2701	Viruses;Duplodnaviria;Heunggongvirae;Uroviricota;Caudoviricetes;;
ERR2726406_259590	242	No terminal repeats	NA	1	11	0.8182	NA	1	1.4339	Viruses;Duplodnaviria;Heunggongvirae;Uroviricota;Caudoviricetes;;
ERR2726406_260708	362	No terminal repeats	NA	1	11	0.8168	NA	1	1.4425	Viruses;Duplodnaviria;Heunggongvirae;Uroviricota;Caudoviricetes;;
ERR2726406_7176	919	No terminal repeats	NA	1	11	0.8165	NA	1	1.7135	Viruses;Duplodnaviria;Heunggongvirae;Uroviricota;Caudoviricetes;;
ERR2726406_94675	3384	No terminal repeats	NA	4	11	0.8162	NA	0	1.7183	Unclassified
ERR2726406_63023	322	No terminal repeats	NA	1	11	0.8162	NA	1	1.4491	Viruses;Duplodnaviria;Heunggongvirae;Uroviricota;Caudoviricetes;;
ERR2726406_17117	12732	No terminal repeats	NA	14	11	0.8161	NA	0	0.5029	Viruses;Duplodnaviria;Heunggongvirae;Uroviricota;Caudoviricetes;;
ERR2726406_139529	230	No terminal repeats	NA	1	11	0.8156	NA	1	1.1178	Viruses;Duplodnaviria;Heunggongvirae;Uroviricota;Caudoviricetes;;
ERR2726406_135600	681	No terminal repeats	NA	2	11	0.8152	NA	1	1.7169	Viruses;Duplodnaviria;Heunggongvirae;Uroviricota;Caudoviricetes;;
ERR2726406_420408	103	No terminal repeats	NA	1	11	0.8152	NA	1	1.2354	Viruses;Duplodnaviria;Heunggongvirae;Uroviricota;Caudoviricetes;;
ERR2726406_71063	178	No terminal repeats	NA	1	11	0.8143	NA	1	1.7157	Viruses;Duplodnaviria;Heunggongvirae;Uroviricota;Caudoviricetes;;
ERR2726406_37721	2602	No terminal repeats	NA	5	11	0.8143	NA	0	2.7973	Viruses;Duplodnaviria;Heunggongvirae;Uroviricota;Caudoviricetes;;
ERR2726406_389546	196	No terminal repeats	NA	1	11	0.8142	NA	1	0.7480	Unclassified
ERR2726406_214230	628	No terminal repeats	NA	2	11	0.8136	NA	1	1.3595	Viruses;Duplodnaviria;Heunggongvirae;Uroviricota;Caudoviricetes;;
ERR2726406_28084	8434	No terminal repeats	NA	8	11	0.8125	NA	0	1.7183	Viruses;Duplodnaviria;Heunggongvirae;Uroviricota;Caudoviricetes;;
ERR2726406_149856	217	No terminal repeats	NA	1	15	0.8123	NA	1	1.7083	Viruses;Duplodnaviria;Heunggongvirae;Uroviricota;Caudoviricetes;;
ERR2726406_41512	5093	No terminal repeats	NA	6	11	0.8121	NA	0	1.5518	Viruses;Duplodnaviria;Heunggongvirae;Uroviricota;Caudoviricetes;;
ERR2726406_131700	588	No terminal repeats	NA	2	11	0.8118	NA	1	1.7183	Viruses;Duplodnaviria;Heunggongvirae;Uroviricota;Caudoviricetes;;
ERR2726406_57543	2949	No terminal repeats	NA	6	11	0.8114	NA	0	1.0942	Viruses;Duplodnaviria;Heunggongvirae;Uroviricota;Caudoviricetes;;
ERR2726406_211873	396	No terminal repeats	NA	1	11	0.8109	NA	1	1.1702	Viruses;Duplodnaviria;Heunggongvirae;Uroviricota;Caudoviricetes;;
ERR2726406_64221	2984	No terminal repeats	NA	7	11	0.8108	NA	0	1.7183	Viruses;Duplodnaviria;Heunggongvirae;Uroviricota;Caudoviricetes;;
ERR2726406_152533	287	No terminal repeats	NA	1	11	0.8106	NA	1	1.4850	Viruses;Duplodnaviria;Heunggongvirae;Uroviricota;Caudoviricetes;;
ERR2726406_395027	230	No terminal repeats	NA	1	11	0.8104	NA	1	1.1579	Viruses;Duplodnaviria;Heunggongvirae;Uroviricota;Caudoviricetes;;
ERR2726406_118189	530	No terminal repeats	NA	1	11	0.8099	NA	1	1.7135	Viruses;Duplodnaviria;Heunggongvirae;Uroviricota;Caudoviricetes;;
ERR2726406_175460	288	No terminal repeats	NA	2	11	0.8098	NA	1	1.5010	Viruses;Duplodnaviria;Heunggongvirae;Uroviricota;Caudoviricetes;;
ERR2726406_127502	2696	No terminal repeats	NA	2	11	0.8089	NA	0	0.0000	Unclassified
ERR2726406_316902	156	No terminal repeats	NA	1	11	0.8088	NA	1	1.3993	Viruses;Duplodnaviria;Heunggongvirae;Uroviricota;Caudoviricetes;;
ERR2726406_14581	3147	No terminal repeats	NA	6	11	0.8088	NA	0	2.8348	Viruses;Duplodnaviria;Heunggongvirae;Uroviricota;Caudoviricetes;;
ERR2726406_3585	5793	No terminal repeats	NA	8	11	0.8086	NA	0	2.9674	Viruses;Duplodnaviria;Heunggongvirae;Uroviricota;Caudoviricetes;;
ERR2726406_151972	259	No terminal repeats	NA	1	11	0.8085	NA	1	1.3595	Viruses;Duplodnaviria;Heunggongvirae;Uroviricota;Caudoviricetes;;
ERR2726406_91444	472	No terminal repeats	NA	2	11	0.8075	NA	1	1.0941	Viruses;Duplodnaviria;Heunggongvirae;Uroviricota;Caudoviricetes;;
ERR2726406_7030	11939	No terminal repeats	NA	13	11	0.8074	NA	1	2.3781	Viruses;Duplodnaviria;Heunggongvirae;Uroviricota;Caudoviricetes;;
ERR2726406_17376	3950	No terminal repeats	NA	6	11	0.8065	NA	0	1.7023	Viruses;Duplodnaviria;Heunggongvirae;Uroviricota;Caudoviricetes;;
ERR2726406_232145	647	No terminal repeats	NA	1	11	0.8065	NA	1	1.1453	Viruses;Duplodnaviria;Heunggongvirae;Uroviricota;Caudoviricetes;;
ERR2726406_9774	792	No terminal repeats	NA	2	11	0.8065	NA	1	1.7183	Viruses;Duplodnaviria;Heunggongvirae;Uroviricota;Caudoviricetes;;
ERR2726406_7499	488	No terminal repeats	NA	1	11	0.8062	NA	1	1.4883	Viruses;Duplodnaviria;Heunggongvirae;Uroviricota;Caudoviricetes;;
ERR2726406_5417	14236	No terminal repeats	NA	16	11	0.8041	NA	0	1.3924	Viruses;Duplodnaviria;Heunggongvirae;Uroviricota;Caudoviricetes;;
ERR2726406_212007	1123	No terminal repeats	NA	2	11	0.8041	NA	1	1.4800	Viruses;Duplodnaviria;Heunggongvirae;Uroviricota;Caudoviricetes;;Herelleviridae
ERR2726406_171748	204	No terminal repeats	NA	1	11	0.8034	NA	1	1.4287	Viruses;Duplodnaviria;Heunggongvirae;Uroviricota;Caudoviricetes;;
ERR2726406_27378	4096	No terminal repeats	NA	5	11	0.8013	NA	2	2.9932	Viruses;Duplodnaviria;Heunggongvirae;Uroviricota;Caudoviricetes;;
ERR2726406_64052	978	No terminal repeats	NA	2	11	0.8010	NA	1	1.6081	Viruses;Duplodnaviria;Heunggongvirae;Uroviricota;Caudoviricetes;;
ERR2726406_138220	967	No terminal repeats	NA	1	11	0.8008	NA	1	1.7131	Viruses;Duplodnaviria;Heunggongvirae;Uroviricota;Caudoviricetes;;
ERR2726406_107150	2226	No terminal repeats	NA	4	4	0.8005	NA	1	3.3447	Viruses;Duplodnaviria;Heunggongvirae;Uroviricota;Caudoviricetes;;
ERR2726406_279636	532	No terminal repeats	NA	1	11	0.8004	NA	1	1.5165	Viruses;Duplodnaviria;Heunggongvirae;Uroviricota;Caudoviricetes;;Autographiviridae
ERR2726406_4770	10180	No terminal repeats	NA	13	11	0.8004	NA	0	0.0000	Unclassified
ERR2726406_18958	1332	No terminal repeats	NA	3	11	0.8003	NA	1	1.7183	Viruses;Duplodnaviria;Heunggongvirae;Uroviricota;Caudoviricetes;;
ERR2726406_209420	378	No terminal repeats	NA	2	11	0.8001	NA	1	1.7157	Viruses;Duplodnaviria;Heunggongvirae;Uroviricota;Caudoviricetes;;
ERR2726406_66786	893	No terminal repeats	NA	2	11	0.8001	NA	1	1.7183	Viruses;Duplodnaviria;Heunggongvirae;Uroviricota;Caudoviricetes;;
ERR2726406_4344	7167	No terminal repeats	NA	7	11	0.7999	NA	0	0.0000	Unclassified
ERR2726406_258300	176	No terminal repeats	NA	1	11	0.7998	NA	1	1.5357	Viruses;Duplodnaviria;Heunggongvirae;Uroviricota;Caudoviricetes;;
ERR2726406_156841	269	No terminal repeats	NA	1	11	0.7994	NA	1	1.3721	Viruses;Duplodnaviria;Heunggongvirae;Uroviricota;Caudoviricetes;;
ERR2726406_31995	2156	No terminal repeats	NA	5	11	0.7993	NA	1	2.7448	Viruses;Duplodnaviria;Heunggongvirae;Uroviricota;Caudoviricetes;;
ERR2726406_103055	213	No terminal repeats	NA	1	11	0.7992	NA	1	1.2100	Viruses;Duplodnaviria;Heunggongvirae;Uroviricota;Caudoviricetes;;
ERR2726406_177295	280	No terminal repeats	NA	1	11	0.7992	NA	1	1.7161	Viruses;Duplodnaviria;Heunggongvirae;Uroviricota;Caudoviricetes;;
ERR2726406_70273	5778	No terminal repeats	NA	6	11	0.7990	NA	0	2.7498	Viruses;Duplodnaviria;Heunggongvirae;Uroviricota;Caudoviricetes;;
ERR2726406_197652	393	No terminal repeats	NA	2	11	0.7987	NA	1	1.3993	Viruses;Duplodnaviria;Heunggongvirae;Uroviricota;Caudoviricetes;;
ERR2726406_203307	252	No terminal repeats	NA	1	11	0.7983	NA	1	1.7167	Viruses;Duplodnaviria;Heunggongvirae;Uroviricota;Caudoviricetes;;
ERR2726406_41413	2256	No terminal repeats	NA	2	11	0.7983	NA	1	1.5132	Viruses;Duplodnaviria;Heunggongvirae;Uroviricota;Caudoviricetes;;
ERR2726406_16887	10428	No terminal repeats	NA	6	11	0.7963	NA	0	1.7238	Viruses;Duplodnaviria;Heunggongvirae;Uroviricota;Caudoviricetes;;
ERR2726406_43674	665	No terminal repeats	NA	2	11	0.7961	NA	1	1.2566	Viruses;Duplodnaviria;Heunggongvirae;Uroviricota;Caudoviricetes;;
ERR2726406_72616	305	No terminal repeats	NA	1	11	0.7956	NA	1	1.0918	Viruses;Duplodnaviria;Heunggongvirae;Uroviricota;Caudoviricetes;;
ERR2726406_69056	1663	No terminal repeats	NA	1	11	0.7955	NA	1	1.7136	Viruses;Duplodnaviria;Heunggongvirae;Uroviricota;Caudoviricetes;;
ERR2726406_128037	632	No terminal repeats	NA	1	11	0.7954	NA	1	1.4062	Viruses;Duplodnaviria;Heunggongvirae;Uroviricota;Caudoviricetes;;
ERR2726406_92294	648	No terminal repeats	NA	1	11	0.7950	NA	1	1.2306	Viruses;Duplodnaviria;Heunggongvirae;Uroviricota;Caudoviricetes;;
ERR2726406_5613	2419	No terminal repeats	NA	2	11	0.7932	NA	1	1.7183	Viruses;Duplodnaviria;Heunggongvirae;Uroviricota;Caudoviricetes;;
ERR2726406_8110	2645	No terminal repeats	NA	3	11	0.7932	NA	2	3.8480	Viruses;Duplodnaviria;Heunggongvirae;Uroviricota;Caudoviricetes;;
ERR2726406_22349	5406	No terminal repeats	NA	6	11	0.7926	NA	0	1.3858	Viruses;Duplodnaviria;Heunggongvirae;Uroviricota;Caudoviricetes;;
ERR2726406_340120	227	No terminal repeats	NA	1	11	0.7923	NA	1	1.5594	Viruses;Duplodnaviria;Heunggongvirae;Uroviricota;Caudoviricetes;;
ERR2726406_229475	976	No terminal repeats	NA	1	11	0.7922	NA	1	1.0580	Viruses;Duplodnaviria;Heunggongvirae;Uroviricota;Caudoviricetes;;
ERR2726406_36370	261	No terminal repeats	NA	1	11	0.7918	NA	1	1.6878	Viruses;Duplodnaviria;Heunggongvirae;Uroviricota;Caudoviricetes;;
ERR2726406_12880	444	No terminal repeats	NA	1	11	0.7912	NA	1	1.2936	Viruses;Duplodnaviria;Heunggongvirae;Uroviricota;Caudoviricetes;;
ERR2726406_22469	1416	No terminal repeats	NA	4	11	0.7912	NA	2	5.1503	Viruses;Duplodnaviria;Heunggongvirae;Uroviricota;Caudoviricetes;;
ERR2726406_3943	4127	No terminal repeats	NA	5	11	0.7907	NA	1	2.7056	Viruses;Duplodnaviria;Heunggongvirae;Uroviricota;Caudoviricetes;;
ERR2726406_135278	173	No terminal repeats	NA	1	15	0.7906	NA	1	1.6902	Viruses;Duplodnaviria;Heunggongvirae;Uroviricota;Caudoviricetes;;
ERR2726406_159379	105	No terminal repeats	NA	1	11	0.7904	NA	1	1.5421	Viruses;Duplodnaviria;Heunggongvirae;Uroviricota;Caudoviricetes;;
ERR2726406_15323	1748	No terminal repeats	NA	2	11	0.7899	NA	2	3.2141	Viruses;Duplodnaviria;Heunggongvirae;Uroviricota;Caudoviricetes;;
ERR2726406_9068	2825	No terminal repeats	NA	5	11	0.7897	NA	0	3.0819	Viruses;Duplodnaviria;Heunggongvirae;Uroviricota;Caudoviricetes;;
ERR2726406_94497	478	No terminal repeats	NA	2	11	0.7895	NA	1	1.7183	Viruses;Duplodnaviria;Heunggongvirae;Uroviricota;Caudoviricetes;;
ERR2726406_249786	243	No terminal repeats	NA	1	11	0.7892	NA	1	1.2661	Viruses;Duplodnaviria;Heunggongvirae;Uroviricota;Caudoviricetes;;
ERR2726406_231387	310	No terminal repeats	NA	1	11	0.7891	NA	1	1.2233	Viruses;Duplodnaviria;Heunggongvirae;Uroviricota;Caudoviricetes;;
ERR2726406_123196	3257	No terminal repeats	NA	3	11	0.7891	NA	0	0.0000	Unclassified
ERR2726406_167250	702	No terminal repeats	NA	1	11	0.7879	NA	1	1.2716	Viruses;Duplodnaviria;Heunggongvirae;Uroviricota;Caudoviricetes;;
ERR2726406_230291	397	No terminal repeats	NA	1	11	0.7875	NA	1	1.5065	Viruses;Duplodnaviria;Heunggongvirae;Uroviricota;Caudoviricetes;;
ERR2726406_226199	1169	No terminal repeats	NA	2	11	0.7875	NA	1	1.7073	Viruses;Duplodnaviria;Heunggongvirae;Uroviricota;Caudoviricetes;;
ERR2726406_35458	3811	No terminal repeats	NA	4	11	0.7871	NA	1	1.7183	Viruses;Duplodnaviria;Heunggongvirae;Uroviricota;Caudoviricetes;;
ERR2726406_125270	515	No terminal repeats	NA	2	11	0.7863	NA	1	1.4287	Viruses;Duplodnaviria;Heunggongvirae;Uroviricota;Caudoviricetes;;
ERR2726406_57266	4984	No terminal repeats	NA	5	11	0.7860	NA	0	2.8486	Viruses;Duplodnaviria;Heunggongvirae;Uroviricota;Caudoviricetes;;
ERR2726406_59397	202	No terminal repeats	NA	1	11	0.7859	NA	1	1.0136	Viruses;Duplodnaviria;Heunggongvirae;Uroviricota;Caudoviricetes;;
ERR2726406_4718	407	No terminal repeats	NA	2	11	0.7856	NA	1	1.7183	Viruses;Duplodnaviria;Heunggongvirae;Uroviricota;Caudoviricetes;;
ERR2726406_27753	4244	No terminal repeats	NA	3	11	0.7850	NA	0	1.6577	Viruses;Duplodnaviria;Heunggongvirae;Uroviricota;Caudoviricetes;;
ERR2726406_77618	450	No terminal repeats	NA	1	11	0.7850	NA	1	1.5362	Viruses;Duplodnaviria;Heunggongvirae;Uroviricota;Caudoviricetes;;
ERR2726406_2636	743	No terminal repeats	NA	1	11	0.7850	NA	1	0.9308	Viruses;Duplodnaviria;Heunggongvirae;Uroviricota;Caudoviricetes;;
ERR2726406_41733	2958	No terminal repeats	NA	6	11	0.7830	NA	0	2.0846	Viruses;Duplodnaviria;Heunggongvirae;Uroviricota;Caudoviricetes;;
ERR2726406_2564	6145	No terminal repeats	NA	8	11	0.7823	NA	0	0.5787	Viruses;Duplodnaviria;Heunggongvirae;Uroviricota;Caudoviricetes;;
ERR2726406_83887	621	No terminal repeats	NA	1	11	0.7820	NA	1	1.2856	Viruses;Duplodnaviria;Heunggongvirae;Uroviricota;Caudoviricetes;;
ERR2726406_20465	4319	No terminal repeats	NA	3	11	0.7820	NA	0	0.0000	Unclassified
ERR2726406_45151	2759	No terminal repeats	NA	2	11	0.7816	NA	0	1.7183	Viruses;Duplodnaviria;Heunggongvirae;Uroviricota;Caudoviricetes;;
ERR2726406_25958	4702	No terminal repeats	NA	7	11	0.7815	NA	0	2.5666	Viruses;Duplodnaviria;Heunggongvirae;Uroviricota;Caudoviricetes;;
ERR2726406_219726	678	No terminal repeats	NA	1	11	0.7814	NA	1	1.4062	Viruses;Duplodnaviria;Heunggongvirae;Uroviricota;Caudoviricetes;;
ERR2726406_230258	157	No terminal repeats	NA	1	11	0.7813	NA	1	1.2493	Viruses;Duplodnaviria;Heunggongvirae;Uroviricota;Caudoviricetes;;
ERR2726406_761	14749	DTR	NA	15	11	0.7798	NA	0	2.0081	Viruses;Duplodnaviria;Heunggongvirae;Uroviricota;Caudoviricetes;;
ERR2726406_1917	6507	No terminal repeats	NA	6	11	0.7789	NA	0	0.0000	Unclassified
ERR2726406_23404	1339	No terminal repeats	NA	3	11	0.7787	NA	1	5.1548	Viruses;Duplodnaviria;Heunggongvirae;Uroviricota;Caudoviricetes;;
ERR2726406_19595	9817	No terminal repeats	NA	7	11	0.7784	NA	0	1.7183	Viruses;Duplodnaviria;Heunggongvirae;Uroviricota;Caudoviricetes;;
ERR2726406_40956	1853	No terminal repeats	NA	1	11	0.7780	NA	1	1.2306	Viruses;Duplodnaviria;Heunggongvirae;Uroviricota;Caudoviricetes;;
ERR2726406_34741	2463	No terminal repeats	NA	4	11	0.7771	NA	1	4.3260	Viruses;Duplodnaviria;Heunggongvirae;Uroviricota;Caudoviricetes;;
ERR2726406_8816	7350	No terminal repeats	NA	13	11	0.7767	NA	0	3.0918	Viruses;Duplodnaviria;Heunggongvirae;Uroviricota;Caudoviricetes;;
ERR2726406_55201	4319	No terminal repeats	NA	6	11	0.7758	NA	1	0.9967	Viruses;Monodnaviria;Loebvirae;Hofneiviricota;Faserviricetes;Tubulavirales;Inoviridae
ERR2726406_128685	1337	No terminal repeats	NA	3	11	0.7754	NA	1	1.7183	Viruses;Duplodnaviria;Heunggongvirae;Uroviricota;Caudoviricetes;;
ERR2726406_279949	368	No terminal repeats	NA	1	11	0.7748	NA	1	1.1178	Viruses;Duplodnaviria;Heunggongvirae;Uroviricota;Caudoviricetes;;
ERR2726406_21274	2912	No terminal repeats	NA	8	11	0.7735	NA	0	1.9227	Viruses;Duplodnaviria;Heunggongvirae;Uroviricota;Caudoviricetes;;
ERR2726406_21505	3327	No terminal repeats	NA	5	11	0.7735	NA	1	3.4366	Viruses;Duplodnaviria;Heunggongvirae;Uroviricota;Caudoviricetes;;
ERR2726406_180232	381	No terminal repeats	NA	2	11	0.7732	NA	1	1.2131	Viruses;Duplodnaviria;Heunggongvirae;Uroviricota;Caudoviricetes;;
ERR2726406_51456	458	No terminal repeats	NA	1	11	0.7722	NA	1	1.6369	Viruses;Duplodnaviria;Heunggongvirae;Uroviricota;Caudoviricetes;;
ERR2726406_43058	1680	No terminal repeats	NA	6	11	0.7718	NA	1	2.3227	Viruses;Duplodnaviria;Heunggongvirae;Uroviricota;Caudoviricetes;;
ERR2726406_150407	208	No terminal repeats	NA	1	11	0.7717	NA	1	1.2167	Viruses;Duplodnaviria;Heunggongvirae;Uroviricota;Caudoviricetes;;
ERR2726406_49072	4129	No terminal repeats	NA	6	11	0.7699	NA	0	2.5581	Viruses;Duplodnaviria;Heunggongvirae;Uroviricota;Caudoviricetes;;
ERR2726406_151415	482	No terminal repeats	NA	2	11	0.7696	NA	1	1.5421	Viruses;Duplodnaviria;Heunggongvirae;Uroviricota;Caudoviricetes;;
ERR2726406_22831	471	No terminal repeats	NA	1	11	0.7694	NA	1	1.4470	Viruses;Duplodnaviria;Heunggongvirae;Uroviricota;Caudoviricetes;;
ERR2726406_130091	847	No terminal repeats	NA	1	11	0.7692	NA	1	1.6407	Viruses;Duplodnaviria;Heunggongvirae;Uroviricota;Caudoviricetes;;
ERR2726406_169672	509	No terminal repeats	NA	1	11	0.7691	NA	1	1.5762	Viruses;Duplodnaviria;Heunggongvirae;Uroviricota;Caudoviricetes;;
ERR2726406_84986	4044	No terminal repeats	NA	8	11	0.7691	NA	0	0.0000	Unclassified
ERR2726406_1035	3023	No terminal repeats	NA	2	11	0.7684	NA	0	0.0000	Unclassified
ERR2726406_37452	393	No terminal repeats	NA	1	11	0.7679	NA	1	1.2661	Viruses;Duplodnaviria;Heunggongvirae;Uroviricota;Caudoviricetes;;
ERR2726406_11117	2564	No terminal repeats	NA	3	11	0.7677	NA	1	1.6030	Viruses;Duplodnaviria;Heunggongvirae;Uroviricota;Caudoviricetes;;Kyanoviridae
ERR2726406_171668	1028	No terminal repeats	NA	1	11	0.7667	NA	1	1.0580	Viruses;Duplodnaviria;Heunggongvirae;Uroviricota;Caudoviricetes;;
ERR2726406_55492	1053	No terminal repeats	NA	3	11	0.7664	NA	1	1.7183	Viruses;Duplodnaviria;Heunggongvirae;Uroviricota;Caudoviricetes;;
ERR2726406_157357	353	No terminal repeats	NA	1	11	0.7652	NA	1	1.4901	Viruses;Duplodnaviria;Heunggongvirae;Uroviricota;Caudoviricetes;;
ERR2726406_133867	460	No terminal repeats	NA	1	11	0.7650	NA	1	1.3160	Viruses;Duplodnaviria;Heunggongvirae;Uroviricota;Caudoviricetes;;
ERR2726406_319472	216	No terminal repeats	NA	1	11	0.7645	NA	1	1.7123	Viruses;Duplodnaviria;Heunggongvirae;Uroviricota;Caudoviricetes;;
ERR2726406_22041	772	No terminal repeats	NA	1	11	0.7642	NA	1	1.2582	Viruses;Duplodnaviria;Heunggongvirae;Uroviricota;Caudoviricetes;;
ERR2726406_42548	113	No terminal repeats	NA	1	11	0.7637	NA	1	1.6545	Viruses;Duplodnaviria;Heunggongvirae;Uroviricota;Caudoviricetes;;
ERR2726406_12323	14526	No terminal repeats	NA	15	11	0.7637	NA	0	3.4366	Viruses;Duplodnaviria;Heunggongvirae;Uroviricota;Caudoviricetes;;
ERR2726406_328746	177	No terminal repeats	NA	1	11	0.7635	NA	1	1.7071	Viruses;Duplodnaviria;Heunggongvirae;Uroviricota;Caudoviricetes;;
ERR2726406_8477	1215	No terminal repeats	NA	2	11	0.7634	NA	1	1.7183	Viruses;Duplodnaviria;Heunggongvirae;Uroviricota;Caudoviricetes;;
ERR2726406_272532	324	No terminal repeats	NA	1	11	0.7632	NA	1	1.7032	Viruses;Duplodnaviria;Heunggongvirae;Uroviricota;Caudoviricetes;;
ERR2726406_16854	1034	No terminal repeats	NA	4	11	0.7631	NA	1	2.6575	Viruses;Duplodnaviria;Heunggongvirae;Uroviricota;Caudoviricetes;;
ERR2726406_87642	422	No terminal repeats	NA	1	11	0.7626	NA	1	1.5065	Viruses;Duplodnaviria;Heunggongvirae;Uroviricota;Caudoviricetes;;
ERR2726406_305748	300	No terminal repeats	NA	1	11	0.7623	NA	1	1.6293	Viruses;Duplodnaviria;Heunggongvirae;Uroviricota;Caudoviricetes;;
ERR2726406_66814	1613	No terminal repeats	NA	3	11	0.7618	NA	1	1.5173	Viruses;Duplodnaviria;Heunggongvirae;Uroviricota;Caudoviricetes;;
ERR2726406_216432	603	No terminal repeats	NA	1	11	0.7618	NA	1	1.1825	Viruses;Duplodnaviria;Heunggongvirae;Uroviricota;Caudoviricetes;;
ERR2726406_98381	2544	No terminal repeats	NA	2	11	0.7612	NA	0	1.7183	Viruses;Duplodnaviria;Heunggongvirae;Uroviricota;Caudoviricetes;;
ERR2726406_30698	4134	No terminal repeats	NA	7	11	0.7608	NA	0	3.4366	Viruses;Duplodnaviria;Heunggongvirae;Uroviricota;Caudoviricetes;;Autographiviridae
ERR2726406_61018	860	No terminal repeats	NA	1	11	0.7606	NA	1	1.4717	Viruses;Duplodnaviria;Heunggongvirae;Uroviricota;Caudoviricetes;;
ERR2726406_322544	209	No terminal repeats	NA	2	11	0.7605	NA	1	1.7069	Viruses;Duplodnaviria;Heunggongvirae;Uroviricota;Caudoviricetes;;
ERR2726406_58298	1378	No terminal repeats	NA	2	11	0.7603	NA	1	1.7183	Viruses;Duplodnaviria;Heunggongvirae;Uroviricota;Caudoviricetes;;
ERR2726406_27959	360	No terminal repeats	NA	1	11	0.7596	NA	1	1.2856	Viruses;Duplodnaviria;Heunggongvirae;Uroviricota;Caudoviricetes;;
ERR2726406_42448	113	No terminal repeats	NA	1	11	0.7596	NA	1	1.6545	Viruses;Duplodnaviria;Heunggongvirae;Uroviricota;Caudoviricetes;;
ERR2726406_59629	449	No terminal repeats	NA	1	11	0.7596	NA	1	1.7162	Viruses;Duplodnaviria;Heunggongvirae;Uroviricota;Caudoviricetes;;
ERR2726406_298975	492	No terminal repeats	NA	1	11	0.7595	NA	1	1.6327	Viruses;Duplodnaviria;Heunggongvirae;Uroviricota;Caudoviricetes;;
ERR2726406_62792	485	No terminal repeats	NA	1	11	0.7591	NA	1	1.6890	Viruses;Duplodnaviria;Heunggongvirae;Uroviricota;Caudoviricetes;;
ERR2726406_44787	5451	No terminal repeats	NA	7	11	0.7591	NA	0	0.0000	Unclassified
ERR2726406_18858	4383	No terminal repeats	NA	2	11	0.7590	NA	0	0.0000	Unclassified
ERR2726406_176039	146	No terminal repeats	NA	1	11	0.7587	NA	1	1.5421	Viruses;Duplodnaviria;Heunggongvirae;Uroviricota;Caudoviricetes;;
ERR2726406_33543	6345	No terminal repeats	NA	6	11	0.7586	NA	0	0.0000	Unclassified
ERR2726406_2788	3731	No terminal repeats	NA	6	11	0.7579	NA	0	3.1577	Viruses;Duplodnaviria;Heunggongvirae;Uroviricota;Caudoviricetes;;
ERR2726406_213839	1072	No terminal repeats	NA	3	11	0.7577	NA	1	0.7290	Viruses;Duplodnaviria;Heunggongvirae;Uroviricota;Caudoviricetes;;
ERR2726406_77820	619	No terminal repeats	NA	2	11	0.7571	NA	1	1.4509	Viruses;Duplodnaviria;Heunggongvirae;Uroviricota;Caudoviricetes;;
ERR2726406_5242	6779	No terminal repeats	NA	6	11	0.7570	NA	1	2.3187	Viruses;Duplodnaviria;Heunggongvirae;Uroviricota;Caudoviricetes;;
ERR2726406_51275	1065	No terminal repeats	NA	2	11	0.7567	NA	1	1.2306	Viruses;Duplodnaviria;Heunggongvirae;Uroviricota;Caudoviricetes;;
ERR2726406_45550	1320	No terminal repeats	NA	3	11	0.7563	NA	1	5.1548	Viruses;Duplodnaviria;Heunggongvirae;Uroviricota;Caudoviricetes;;
ERR2726406_13672	539	No terminal repeats	NA	1	11	0.7563	NA	1	1.3135	Viruses;Duplodnaviria;Heunggongvirae;Uroviricota;Caudoviricetes;;
ERR2726406_39403	2846	No terminal repeats	NA	2	11	0.7546	NA	0	1.7183	Viruses;Duplodnaviria;Heunggongvirae;Uroviricota;Caudoviricetes;;
ERR2726406_94370	985	No terminal repeats	NA	2	11	0.7545	NA	1	1.1579	Viruses;Duplodnaviria;Heunggongvirae;Uroviricota;Caudoviricetes;;
ERR2726406_120890	1077	No terminal repeats	NA	3	4	0.7542	NA	1	1.0168	Viruses;Duplodnaviria;Heunggongvirae;Uroviricota;Caudoviricetes;;
ERR2726406_7414	2638	No terminal repeats	NA	4	11	0.7534	NA	0	1.7183	Viruses;Duplodnaviria;Heunggongvirae;Uroviricota;Caudoviricetes;;
ERR2726406_107895	245	No terminal repeats	NA	1	11	0.7529	NA	1	1.4242	Viruses;Duplodnaviria;Heunggongvirae;Uroviricota;Caudoviricetes;;
ERR2726406_53725	4480	No terminal repeats	NA	3	11	0.7529	NA	0	1.7183	Viruses;Duplodnaviria;Heunggongvirae;Uroviricota;Caudoviricetes;;
ERR2726406_263698	316	No terminal repeats	NA	1	11	0.7527	NA	1	1.3536	Viruses;Duplodnaviria;Heunggongvirae;Uroviricota;Caudoviricetes;;
ERR2726406_15815	4435	No terminal repeats	NA	7	11	0.7526	NA	0	2.9558	Viruses;Duplodnaviria;Heunggongvirae;Uroviricota;Caudoviricetes;;
ERR2726406_82863	519	No terminal repeats	NA	2	11	0.7515	NA	1	1.4491	Viruses;Duplodnaviria;Heunggongvirae;Uroviricota;Caudoviricetes;;
ERR2726406_150452	536	No terminal repeats	NA	1	11	0.7515	NA	1	1.3468	Viruses;Duplodnaviria;Heunggongvirae;Uroviricota;Caudoviricetes;;
ERR2726406_96718	3459	No terminal repeats	NA	3	11	0.7514	NA	0	0.0000	Unclassified
ERR2726406_14932	2779	No terminal repeats	NA	2	11	0.7514	NA	0	1.7183	Viruses;Duplodnaviria;Heunggongvirae;Uroviricota;Caudoviricetes;;
ERR2726406_22482	2854	No terminal repeats	NA	1	11	0.7511	NA	0	0.0000	Unclassified
ERR2726406_4825	8101	No terminal repeats	NA	11	11	0.7501	NA	0	1.5457	Viruses;Duplodnaviria;Heunggongvirae;Uroviricota;Caudoviricetes;;
ERR2726406_84761	5851	No terminal repeats	NA	6	11	0.7492	NA	0	2.8591	Viruses;Duplodnaviria;Heunggongvirae;Uroviricota;Caudoviricetes;;
ERR2726406_92397	415	No terminal repeats	NA	1	11	0.7487	NA	1	1.4205	Viruses;Duplodnaviria;Heunggongvirae;Uroviricota;Caudoviricetes;;
ERR2726406_135994	3740	No terminal repeats	NA	2	11	0.7479	NA	0	0.0000	Unclassified
ERR2726406_13687	4746	No terminal repeats	NA	3	11	0.7469	NA	0	1.2145	Viruses;Duplodnaviria;Heunggongvirae;Uroviricota;Caudoviricetes;;
ERR2726406_39025	1807	No terminal repeats	NA	3	11	0.7460	NA	1	2.5898	Viruses;Duplodnaviria;Heunggongvirae;Uroviricota;Caudoviricetes;;
ERR2726406_195685	367	No terminal repeats	NA	1	11	0.7449	NA	1	0.9506	Viruses;Duplodnaviria;Heunggongvirae;Uroviricota;Caudoviricetes;;
ERR2726406_282	9780	No terminal repeats	NA	13	11	0.7448	NA	0	1.2099	Unclassified
ERR2726406_25175	2661	No terminal repeats	NA	3	11	0.7440	NA	0	0.0000	Unclassified
ERR2726406_249801	347	No terminal repeats	NA	1	11	0.7439	NA	1	1.5362	Viruses;Duplodnaviria;Heunggongvirae;Uroviricota;Caudoviricetes;;
ERR2726406_44972	924	No terminal repeats	NA	1	11	0.7437	NA	1	1.3905	Viruses;Duplodnaviria;Heunggongvirae;Uroviricota;Caudoviricetes;;
ERR2726406_57135	2772	No terminal repeats	NA	4	11	0.7430	NA	1	1.7183	Viruses;Duplodnaviria;Heunggongvirae;Uroviricota;Caudoviricetes;;
ERR2726406_69035	1223	No terminal repeats	NA	2	11	0.7428	NA	1	1.3345	Viruses;Duplodnaviria;Heunggongvirae;Uroviricota;Caudoviricetes;;
ERR2726406_201757	247	No terminal repeats	NA	1	11	0.7419	NA	1	1.5594	Viruses;Duplodnaviria;Heunggongvirae;Uroviricota;Caudoviricetes;;
ERR2726406_120510	667	No terminal repeats	NA	1	11	0.7417	NA	1	1.7136	Viruses;Duplodnaviria;Heunggongvirae;Uroviricota;Caudoviricetes;;
ERR2726406_128914	2526	No terminal repeats	NA	1	11	0.7415	NA	0	0.0000	Unclassified
ERR2726406_38838	3048	No terminal repeats	NA	1	11	0.7412	NA	0	0.0000	Unclassified
ERR2726406_122644	473	No terminal repeats	NA	2	11	0.7411	NA	1	1.4062	Viruses;Duplodnaviria;Heunggongvirae;Uroviricota;Caudoviricetes;;
ERR2726406_151510	251	No terminal repeats	NA	1	11	0.7410	NA	1	1.6734	Viruses;Duplodnaviria;Heunggongvirae;Uroviricota;Caudoviricetes;;
ERR2726406_958	3153	No terminal repeats	NA	3	11	0.7407	NA	0	0.0000	Unclassified
ERR2726406_11794	2720	No terminal repeats	NA	6	11	0.7405	NA	0	0.0000	Unclassified
ERR2726406_44755	9148	No terminal repeats	NA	8	11	0.7400	NA	0	2.7918	Viruses;Duplodnaviria;Heunggongvirae;Uroviricota;Caudoviricetes;;
ERR2726406_11927	2198	No terminal repeats	NA	3	11	0.7399	NA	1	1.5132	Viruses;Duplodnaviria;Heunggongvirae;Uroviricota;Caudoviricetes;;
ERR2726406_65291	825	No terminal repeats	NA	1	11	0.7394	NA	1	1.1579	Viruses;Duplodnaviria;Heunggongvirae;Uroviricota;Caudoviricetes;;
ERR2726406_68239	4396	No terminal repeats	NA	5	11	0.7388	NA	0	1.8420	Viruses;Monodnaviria;Sangervirae;Phixviricota;Malgrandaviricetes;Petitvirales;Microviridae
ERR2726406_131398	249	No terminal repeats	NA	1	11	0.7378	NA	1	0.9355	Viruses;Duplodnaviria;Heunggongvirae;Uroviricota;Caudoviricetes;;
ERR2726406_123007	353	No terminal repeats	NA	2	11	0.7373	NA	1	1.6705	Viruses;Duplodnaviria;Heunggongvirae;Uroviricota;Caudoviricetes;;
ERR2726406_32192	344	No terminal repeats	NA	2	11	0.7367	NA	1	1.4001	Viruses;Duplodnaviria;Heunggongvirae;Uroviricota;Caudoviricetes;;
ERR2726406_205688	371	No terminal repeats	NA	1	11	0.7365	NA	1	1.2077	Viruses;Duplodnaviria;Heunggongvirae;Uroviricota;Caudoviricetes;;
ERR2726406_201045	152	No terminal repeats	NA	1	11	0.7363	NA	1	1.4001	Viruses;Duplodnaviria;Heunggongvirae;Uroviricota;Caudoviricetes;;
ERR2726406_141117	935	No terminal repeats	NA	3	11	0.7351	NA	1	1.2751	Viruses;Duplodnaviria;Heunggongvirae;Uroviricota;Caudoviricetes;;
ERR2726406_3353	7473	No terminal repeats	NA	11	11	0.7343	NA	0	2.6893	Viruses;Duplodnaviria;Heunggongvirae;Uroviricota;Caudoviricetes;;
ERR2726406_131434	1011	No terminal repeats	NA	1	11	0.7343	NA	1	1.7183	Viruses;Duplodnaviria;Heunggongvirae;Uroviricota;Caudoviricetes;;
ERR2726406_87468	315	No terminal repeats	NA	1	11	0.7342	NA	1	1.5740	Viruses;Duplodnaviria;Heunggongvirae;Uroviricota;Caudoviricetes;;
ERR2726406_38070	1439	No terminal repeats	NA	1	11	0.7337	NA	1	1.7136	Viruses;Duplodnaviria;Heunggongvirae;Uroviricota;Caudoviricetes;;
ERR2726406_35274	461	No terminal repeats	NA	2	11	0.7334	NA	1	1.7183	Viruses;Duplodnaviria;Heunggongvirae;Uroviricota;Caudoviricetes;;
ERR2726406_67012	307	No terminal repeats	NA	1	11	0.7332	NA	1	1.1579	Viruses;Duplodnaviria;Heunggongvirae;Uroviricota;Caudoviricetes;;
ERR2726406_176744	155	No terminal repeats	NA	1	11	0.7324	NA	1	0.7290	Viruses;Duplodnaviria;Heunggongvirae;Uroviricota;Caudoviricetes;;
ERR2726406_22110	3108	No terminal repeats	NA	5	11	0.7319	NA	1	3.4242	Viruses;Duplodnaviria;Heunggongvirae;Uroviricota;Caudoviricetes;;
ERR2726406_18165	2525	No terminal repeats	NA	1	11	0.7318	NA	0	0.0000	Unclassified
ERR2726406_39845	4138	No terminal repeats	NA	3	11	0.7315	NA	0	1.7183	Unclassified
ERR2726406_9255	10139	No terminal repeats	NA	9	11	0.7302	NA	0	0.0000	Unclassified
ERR2726406_212299	265	No terminal repeats	NA	1	11	0.7293	NA	1	1.6308	Viruses;Duplodnaviria;Heunggongvirae;Uroviricota;Caudoviricetes;;
ERR2726406_159832	596	No terminal repeats	NA	1	11	0.7292	NA	1	1.3276	Viruses;Duplodnaviria;Heunggongvirae;Uroviricota;Caudoviricetes;;
ERR2726406_63556	2631	No terminal repeats	NA	2	11	0.7288	NA	0	1.0385	Viruses;Duplodnaviria;Heunggongvirae;Uroviricota;Caudoviricetes;;
ERR2726406_176661	402	No terminal repeats	NA	1	11	0.7287	NA	1	1.3160	Viruses;Duplodnaviria;Heunggongvirae;Uroviricota;Caudoviricetes;;
ERR2726406_11335	3113	No terminal repeats	NA	1	11	0.7282	NA	0	1.6989	Viruses;Duplodnaviria;Heunggongvirae;Uroviricota;Caudoviricetes;;
ERR2726406_7177	5428	No terminal repeats	NA	6	11	0.7277	NA	0	1.7183	Viruses;Duplodnaviria;Heunggongvirae;Uroviricota;Caudoviricetes;;
ERR2726406_72922	2432	No terminal repeats	NA	3	11	0.7272	NA	1	1.7136	Viruses;Duplodnaviria;Heunggongvirae;Uroviricota;Caudoviricetes;;
ERR2726406_81894	1722	No terminal repeats	NA	2	11	0.7270	NA	1	1.0036	Viruses;Duplodnaviria;Heunggongvirae;Uroviricota;Caudoviricetes;;
ERR2726406_309878	471	No terminal repeats	NA	1	11	0.7268	NA	1	1.2618	Viruses;Duplodnaviria;Heunggongvirae;Uroviricota;Caudoviricetes;;
ERR2726406_26869	257	No terminal repeats	NA	1	11	0.7268	NA	1	1.3610	Viruses;Duplodnaviria;Heunggongvirae;Uroviricota;Caudoviricetes;;
ERR2726406_8717	4095	No terminal repeats	NA	1	11	0.7265	NA	0	0.0000	Unclassified
ERR2726406_512	5148	No terminal repeats	NA	9	11	0.7263	NA	1	2.9957	Viruses;Monodnaviria;Loebvirae;Hofneiviricota;Faserviricetes;Tubulavirales;Inoviridae
ERR2726406_133468	2526	No terminal repeats	NA	1	11	0.7262	NA	0	0.0000	Unclassified
ERR2726406_34373	3881	No terminal repeats	NA	2	11	0.7259	NA	0	1.7183	Viruses;Duplodnaviria;Heunggongvirae;Uroviricota;Caudoviricetes;;
ERR2726406_225217	591	No terminal repeats	NA	1	11	0.7248	NA	1	1.7135	Viruses;Duplodnaviria;Heunggongvirae;Uroviricota;Caudoviricetes;;
ERR2726406_261942	448	No terminal repeats	NA	1	11	0.7244	NA	1	1.1438	Viruses;Duplodnaviria;Heunggongvirae;Uroviricota;Caudoviricetes;;
ERR2726406_4138	6951	No terminal repeats	NA	1	11	0.7237	NA	0	0.0000	Unclassified
ERR2726406_205531	987	No terminal repeats	NA	2	11	0.7237	NA	1	1.7183	Viruses;Duplodnaviria;Heunggongvirae;Uroviricota;Caudoviricetes;;
ERR2726406_43260	899	No terminal repeats	NA	2	11	0.7234	NA	1	1.5762	Viruses;Duplodnaviria;Heunggongvirae;Uroviricota;Caudoviricetes;;
ERR2726406_11152	5307	No terminal repeats	NA	5	11	0.7234	NA	0	1.6011	Unclassified
ERR2726406_27929	6812	No terminal repeats	NA	10	11	0.7232	NA	0	0.6184	Viruses;Duplodnaviria;Heunggongvirae;Uroviricota;Caudoviricetes;;
ERR2726406_186904	233	No terminal repeats	NA	1	11	0.7231	NA	1	1.4428	Viruses;Duplodnaviria;Heunggongvirae;Uroviricota;Caudoviricetes;;
ERR2726406_16440	4179	No terminal repeats	NA	7	11	0.7229	NA	0	2.3828	Viruses;Duplodnaviria;Heunggongvirae;Uroviricota;Caudoviricetes;;
ERR2726406_32972	12283	No terminal repeats	NA	7	11	0.7220	NA	0	0.8945	Viruses;Varidnaviria;Bamfordvirae;Nucleocytoviricota;Pokkesviricetes;Chitovirales;Poxviridae
ERR2726406_35	3298	No terminal repeats	NA	3	11	0.7215	NA	0	1.6677	Viruses;Duplodnaviria;Heunggongvirae;Uroviricota;Caudoviricetes;;
ERR2726406_194454	228	No terminal repeats	NA	1	11	0.7211	NA	1	1.6587	Viruses;Duplodnaviria;Heunggongvirae;Uroviricota;Caudoviricetes;;
ERR2726406_33558	2545	No terminal repeats	NA	2	11	0.7208	NA	0	0.0000	Unclassified
ERR2726406_70934	1238	No terminal repeats	NA	1	11	0.7208	NA	1	1.7093	Viruses;Duplodnaviria;Heunggongvirae;Uroviricota;Caudoviricetes;;
ERR2726406_135087	1828	No terminal repeats	NA	3	11	0.7207	NA	1	4.5517	Viruses;Duplodnaviria;Heunggongvirae;Uroviricota;Caudoviricetes;;
ERR2726406_74854	1910	No terminal repeats	NA	3	11	0.7201	NA	1	1.7183	Viruses;Duplodnaviria;Heunggongvirae;Uroviricota;Caudoviricetes;;
ERR2726406_89209	436	No terminal repeats	NA	1	11	0.7197	NA	1	1.6308	Viruses;Duplodnaviria;Heunggongvirae;Uroviricota;Caudoviricetes;;
ERR2726406_110913	539	No terminal repeats	NA	2	11	0.7196	NA	1	1.4287	Viruses;Duplodnaviria;Heunggongvirae;Uroviricota;Caudoviricetes;;
ERR2726406_49081	4506	No terminal repeats	NA	4	11	0.7195	NA	0	0.0000	Unclassified
ERR2726406_224116	167	No terminal repeats	NA	1	11	0.7195	NA	1	0.8449	Viruses;Duplodnaviria;Heunggongvirae;Uroviricota;Caudoviricetes;;
ERR2726406_174643	373	No terminal repeats	NA	1	11	0.7193	NA	1	1.5505	Viruses;Duplodnaviria;Heunggongvirae;Uroviricota;Caudoviricetes;;
ERR2726406_2584	3945	No terminal repeats	NA	3	11	0.7191	NA	0	1.7183	Viruses;Duplodnaviria;Heunggongvirae;Uroviricota;Caudoviricetes;;
ERR2726406_61382	4073	No terminal repeats	NA	2	11	0.7191	NA	0	0.0000	Unclassified
ERR2726406_143658	198	No terminal repeats	NA	1	11	0.7185	NA	1	1.5534	Viruses;Duplodnaviria;Heunggongvirae;Uroviricota;Caudoviricetes;;
ERR2726406_14213	258	No terminal repeats	NA	1	11	0.7184	NA	1	1.2996	Viruses;Duplodnaviria;Heunggongvirae;Uroviricota;Caudoviricetes;;
ERR2726406_38280	713	No terminal repeats	NA	1	11	0.7182	NA	1	1.3307	Viruses;Duplodnaviria;Heunggongvirae;Uroviricota;Caudoviricetes;;
ERR2726406_28087	4156	No terminal repeats	NA	8	11	0.7182	NA	1	2.6481	Viruses;Duplodnaviria;Heunggongvirae;Uroviricota;Caudoviricetes;;
ERR2726406_34225	3346	No terminal repeats	NA	2	11	0.7179	NA	0	1.3379	Viruses;Duplodnaviria;Heunggongvirae;Uroviricota;Caudoviricetes;;
ERR2726406_88271	289	No terminal repeats	NA	1	11	0.7176	NA	1	1.2661	Viruses;Duplodnaviria;Heunggongvirae;Uroviricota;Caudoviricetes;;
ERR2726406_7240	3422	No terminal repeats	NA	4	11	0.7176	NA	0	2.7024	Viruses;Duplodnaviria;Heunggongvirae;Uroviricota;Caudoviricetes;Crassvirales;
ERR2726406_102804	422	No terminal repeats	NA	1	11	0.7156	NA	1	1.0717	Viruses;Duplodnaviria;Heunggongvirae;Uroviricota;Caudoviricetes;;
ERR2726406_371319	250	No terminal repeats	NA	2	11	0.7146	NA	1	1.4626	Viruses;Duplodnaviria;Heunggongvirae;Uroviricota;Caudoviricetes;;
ERR2726406_137636	502	No terminal repeats	NA	1	11	0.7145	NA	1	0.6856	Viruses;Duplodnaviria;Heunggongvirae;Uroviricota;Caudoviricetes;;
ERR2726406_17755	3502	No terminal repeats	NA	4	11	0.7143	NA	0	1.2119	Viruses;Duplodnaviria;Heunggongvirae;Uroviricota;Caudoviricetes;;
ERR2726406_209127	184	No terminal repeats	NA	1	11	0.7143	NA	1	1.1579	Viruses;Duplodnaviria;Heunggongvirae;Uroviricota;Caudoviricetes;;
ERR2726406_218287	768	No terminal repeats	NA	2	11	0.7141	NA	1	1.6902	Viruses;Duplodnaviria;Heunggongvirae;Uroviricota;Caudoviricetes;;
ERR2726406_82714	4135	No terminal repeats	NA	3	11	0.7133	NA	0	0.0000	Unclassified
ERR2726406_91613	798	No terminal repeats	NA	1	11	0.7124	NA	1	1.7174	Viruses;Duplodnaviria;Heunggongvirae;Uroviricota;Caudoviricetes;;
ERR2726406_46952	2018	No terminal repeats	NA	1	11	0.7120	NA	1	1.7114	Viruses;Duplodnaviria;Heunggongvirae;Uroviricota;Caudoviricetes;;
ERR2726406_354840	226	No terminal repeats	NA	1	11	0.7114	NA	1	1.1178	Viruses;Duplodnaviria;Heunggongvirae;Uroviricota;Caudoviricetes;;
ERR2726406_28781	340	No terminal repeats	NA	1	11	0.7113	NA	1	1.7076	Viruses;Duplodnaviria;Heunggongvirae;Uroviricota;Caudoviricetes;;
ERR2726406_41893	3399	No terminal repeats	NA	5	11	0.7110	NA	0	3.4366	Viruses;Duplodnaviria;Heunggongvirae;Uroviricota;Caudoviricetes;;
ERR2726406_104140	533	No terminal repeats	NA	1	11	0.7105	NA	1	1.5534	Viruses;Duplodnaviria;Heunggongvirae;Uroviricota;Caudoviricetes;;
ERR2726406_13583	4076	No terminal repeats	NA	2	11	0.7102	NA	0	0.0000	Unclassified
ERR2726406_26000	9036	No terminal repeats	NA	8	11	0.7102	NA	0	3.4020	Viruses;Duplodnaviria;Heunggongvirae;Uroviricota;Caudoviricetes;;
ERR2726406_17722	2276	No terminal repeats	NA	3	11	0.7099	NA	1	1.7183	Viruses;Duplodnaviria;Heunggongvirae;Uroviricota;Caudoviricetes;;
ERR2726406_131000	765	No terminal repeats	NA	2	11	0.7095	NA	1	1.7183	Viruses;Duplodnaviria;Heunggongvirae;Uroviricota;Caudoviricetes;;
ERR2726406_106569	2513	No terminal repeats	NA	2	11	0.7089	NA	0	0.0000	Unclassified
ERR2726406_41902	2684	No terminal repeats	NA	2	11	0.7067	NA	0	0.0000	Unclassified
ERR2726406_39729	3477	No terminal repeats	NA	1	11	0.7066	NA	0	0.0000	Unclassified
ERR2726406_25228	2638	No terminal repeats	NA	2	11	0.7066	NA	0	0.0000	Unclassified
ERR2726406_230470	235	No terminal repeats	NA	1	11	0.7064	NA	1	1.6285	Viruses;Duplodnaviria;Heunggongvirae;Uroviricota;Caudoviricetes;;
ERR2726406_49641	2605	No terminal repeats	NA	3	11	0.7060	NA	1	1.2306	Viruses;Duplodnaviria;Heunggongvirae;Uroviricota;Caudoviricetes;;
ERR2726406_40966	541	No terminal repeats	NA	3	11	0.7034	NA	1	0.9927	Viruses;Duplodnaviria;Heunggongvirae;Uroviricota;Caudoviricetes;;
ERR2726406_20477	3669	No terminal repeats	NA	5	11	0.7033	NA	3	6.2164	Viruses;Duplodnaviria;Heunggongvirae;Uroviricota;Caudoviricetes;;
ERR2726406_18476	4387	No terminal repeats	NA	5	11	0.7032	NA	0	1.7153	Viruses;Duplodnaviria;Heunggongvirae;Uroviricota;Caudoviricetes;;
ERR2726406_16222	3500	No terminal repeats	NA	3	11	0.7030	NA	0	0.0000	Unclassified
ERR2726406_72584	3136	No terminal repeats	NA	6	11	0.7026	NA	1	1.7183	Viruses;Duplodnaviria;Heunggongvirae;Uroviricota;Caudoviricetes;;
ERR2726406_32578	2648	No terminal repeats	NA	7	11	0.7026	NA	1	1.7183	Unclassified
ERR2726406_79821	516	No terminal repeats	NA	1	11	0.7024	NA	1	1.3388	Viruses;Duplodnaviria;Heunggongvirae;Uroviricota;Caudoviricetes;;
ERR2726406_93357	2555	No terminal repeats	NA	3	11	0.7016	NA	0	0.0000	Unclassified
ERR2726406_24026	6154	No terminal repeats	NA	7	11	0.7015	NA	2	3.4366	Viruses;Duplodnaviria;Heunggongvirae;Uroviricota;Caudoviricetes;;
ERR2726406_114167	950	No terminal repeats	NA	2	11	0.7011	NA	1	2.7446	Viruses;Duplodnaviria;Heunggongvirae;Uroviricota;Caudoviricetes;;
ERR2726406_166128	1013	No terminal repeats	NA	1	11	0.7006	NA	1	1.5305	Viruses;Duplodnaviria;Heunggongvirae;Uroviricota;Caudoviricetes;;
ERR2726406_8957	8655	No terminal repeats	NA	3	11	0.7004	NA	0	0.0000	Unclassified
ERR2726406_249119	284	No terminal repeats	NA	1	11	0.7002	NA	1	1.1182	Viruses;Duplodnaviria;Heunggongvirae;Uroviricota;Caudoviricetes;;
ERR2726406_57438	3272	No terminal repeats	NA	10	11	0.7002	NA	0	0.0000	Unclassified
