seq_name	length	topology	coordinates	n_genes	genetic_code	virus_score	fdr	n_hallmarks	marker_enrichment	taxonomy
SRR2912786_62319	5994	No terminal repeats	NA	9	11	0.9833	NA	4	13.0369	Viruses;Duplodnaviria;Heunggongvirae;Uroviricota;Caudoviricetes;;
SRR2912786_366	30647	No terminal repeats	NA	45	11	0.9832	NA	7	59.6083	Viruses;Duplodnaviria;Heunggongvirae;Uroviricota;Caudoviricetes;;
SRR2912786_6028	8456	No terminal repeats	NA	11	11	0.9830	NA	3	16.2473	Viruses;Duplodnaviria;Heunggongvirae;Uroviricota;Caudoviricetes;;
SRR2912786_44129	7863	No terminal repeats	NA	11	11	0.9829	NA	3	18.2230	Viruses;Duplodnaviria;Heunggongvirae;Uroviricota;Caudoviricetes;;
SRR2912786_39209	3061	No terminal repeats	NA	5	11	0.9829	NA	1	8.3520	Viruses;Duplodnaviria;Heunggongvirae;Uroviricota;Caudoviricetes;;
SRR2912786_34717	4985	No terminal repeats	NA	7	11	0.9829	NA	1	9.5836	Viruses;Duplodnaviria;Heunggongvirae;Uroviricota;Caudoviricetes;;
SRR2912786_15461	13168	No terminal repeats	NA	16	11	0.9829	NA	10	24.1141	Viruses;Duplodnaviria;Heunggongvirae;Uroviricota;Caudoviricetes;;
SRR2912786_13660	4103	No terminal repeats	NA	8	11	0.9828	NA	3	13.5458	Viruses;Duplodnaviria;Heunggongvirae;Uroviricota;Caudoviricetes;;
SRR2912786_26896	2853	No terminal repeats	NA	6	11	0.9828	NA	2	9.8951	Viruses;Duplodnaviria;Heunggongvirae;Uroviricota;Caudoviricetes;;
SRR2912786_20946	6292	No terminal repeats	NA	6	11	0.9826	NA	3	10.1154	Viruses;Duplodnaviria;Heunggongvirae;Uroviricota;Caudoviricetes;;
SRR2912786_10627	6299	No terminal repeats	NA	9	11	0.9826	NA	1	14.9978	Viruses;Duplodnaviria;Heunggongvirae;Uroviricota;Caudoviricetes;;
SRR2912786_17030	4831	No terminal repeats	NA	7	11	0.9824	NA	0	7.9460	Viruses;Duplodnaviria;Heunggongvirae;Uroviricota;Caudoviricetes;;
SRR2912786_15158	12875	No terminal repeats	NA	16	11	0.9822	NA	4	23.9203	Viruses;Duplodnaviria;Heunggongvirae;Uroviricota;Caudoviricetes;;
SRR2912786_436	10712	No terminal repeats	NA	20	11	0.9822	NA	2	19.3817	Viruses;Duplodnaviria;Heunggongvirae;Uroviricota;Caudoviricetes;;
SRR2912786_3198	4459	No terminal repeats	NA	5	11	0.9821	NA	1	8.3323	Viruses;Duplodnaviria;Heunggongvirae;Uroviricota;Caudoviricetes;;
SRR2912786_24525	5869	No terminal repeats	NA	8	11	0.9821	NA	0	13.4932	Viruses;Duplodnaviria;Heunggongvirae;Uroviricota;Caudoviricetes;;
SRR2912786_2794	7891	No terminal repeats	NA	13	11	0.9820	NA	1	16.2546	Viruses;Duplodnaviria;Heunggongvirae;Uroviricota;Caudoviricetes;Crassvirales;
SRR2912786_4669	13803	No terminal repeats	NA	31	11	0.9820	NA	1	42.3291	Viruses;Duplodnaviria;Heunggongvirae;Uroviricota;Caudoviricetes;;
SRR2912786_15997	5416	DTR	NA	8	11	0.9818	NA	2	10.3097	Viruses;Monodnaviria;Sangervirae;Phixviricota;Malgrandaviricetes;Petitvirales;Microviridae
SRR2912786_32697	3906	No terminal repeats	NA	3	11	0.9818	NA	0	4.3284	Viruses;Duplodnaviria;Heunggongvirae;Uroviricota;Caudoviricetes;Crassvirales;
SRR2912786_3525	9546	No terminal repeats	NA	9	11	0.9818	NA	1	12.3930	Viruses;Duplodnaviria;Heunggongvirae;Uroviricota;Caudoviricetes;;
SRR2912786_30616	11700	No terminal repeats	NA	8	11	0.9817	NA	0	11.6534	Viruses;Duplodnaviria;Heunggongvirae;Uroviricota;Caudoviricetes;;
SRR2912786_4383	13179	No terminal repeats	NA	21	11	0.9817	NA	4	21.7891	Viruses;Duplodnaviria;Heunggongvirae;Uroviricota;Caudoviricetes;;
SRR2912786_24787	6200	No terminal repeats	NA	14	11	0.9817	NA	0	13.4016	Viruses;Duplodnaviria;Heunggongvirae;Uroviricota;Caudoviricetes;;
SRR2912786_7077	26754	No terminal repeats	NA	28	11	0.9816	NA	4	39.4766	Viruses;Duplodnaviria;Heunggongvirae;Uroviricota;Caudoviricetes;;
SRR2912786_12644	3956	No terminal repeats	NA	8	11	0.9816	NA	0	10.3097	Viruses;Duplodnaviria;Heunggongvirae;Uroviricota;Caudoviricetes;Crassvirales;Intestiviridae
SRR2912786_73	16610	No terminal repeats	NA	26	11	0.9815	NA	3	16.7407	Viruses;Duplodnaviria;Heunggongvirae;Uroviricota;Caudoviricetes;;
SRR2912786_5544	38018	No terminal repeats	NA	51	11	0.9815	NA	9	56.7374	Viruses;Duplodnaviria;Heunggongvirae;Uroviricota;Caudoviricetes;;
SRR2912786_24351	4729	No terminal repeats	NA	5	11	0.9815	NA	0	7.6076	Viruses;Duplodnaviria;Heunggongvirae;Uroviricota;Caudoviricetes;;
SRR2912786_21856	9164	No terminal repeats	NA	13	11	0.9814	NA	7	18.4364	Viruses;Duplodnaviria;Heunggongvirae;Uroviricota;Caudoviricetes;;
SRR2912786_21183	3939	No terminal repeats	NA	6	11	0.9814	NA	2	9.9811	Viruses;Duplodnaviria;Heunggongvirae;Uroviricota;Caudoviricetes;;
SRR2912786_39572	4136	No terminal repeats	NA	6	11	0.9813	NA	4	9.8006	Viruses;Duplodnaviria;Heunggongvirae;Uroviricota;Caudoviricetes;;
SRR2912786_28335	2950	No terminal repeats	NA	7	11	0.9812	NA	2	10.2198	Viruses;Duplodnaviria;Heunggongvirae;Uroviricota;Caudoviricetes;;
SRR2912786_13962	3168	No terminal repeats	NA	7	11	0.9811	NA	2	9.1800	Viruses;Duplodnaviria;Heunggongvirae;Uroviricota;Caudoviricetes;;
SRR2912786_50825	3648	No terminal repeats	NA	9	11	0.9811	NA	0	10.3409	Viruses;Duplodnaviria;Heunggongvirae;Uroviricota;Caudoviricetes;;
SRR2912786_10841	9050	No terminal repeats	NA	16	11	0.9810	NA	5	24.2980	Viruses;Duplodnaviria;Heunggongvirae;Uroviricota;Caudoviricetes;;
SRR2912786_30588	1336	No terminal repeats	NA	2	11	0.9810	NA	1	3.2657	Viruses;Monodnaviria;Sangervirae;Phixviricota;Malgrandaviricetes;Petitvirales;Microviridae
SRR2912786_6345	9747	No terminal repeats	NA	12	11	0.9810	NA	7	17.6348	Viruses;Duplodnaviria;Heunggongvirae;Uroviricota;Caudoviricetes;;
SRR2912786_1292	6008	No terminal repeats	NA	7	11	0.9808	NA	0	10.8871	Viruses;Duplodnaviria;Heunggongvirae;Uroviricota;Caudoviricetes;;
SRR2912786_7256	13577	No terminal repeats	NA	13	11	0.9807	NA	0	14.8572	Viruses;Duplodnaviria;Heunggongvirae;Uroviricota;Caudoviricetes;Crassvirales;
SRR2912786_30771	7445	No terminal repeats	NA	12	11	0.9807	NA	1	13.3181	Viruses;Duplodnaviria;Heunggongvirae;Uroviricota;Caudoviricetes;;
SRR2912786_48877	2349	No terminal repeats	NA	7	11	0.9806	NA	1	8.2798	Viruses;Duplodnaviria;Heunggongvirae;Uroviricota;Caudoviricetes;;
SRR2912786_10187	15015	No terminal repeats	NA	12	11	0.9804	NA	2	17.1732	Viruses;Duplodnaviria;Heunggongvirae;Uroviricota;Caudoviricetes;Crassvirales;
SRR2912786_13956	18380	No terminal repeats	NA	22	11	0.9804	NA	9	31.6259	Viruses;Duplodnaviria;Heunggongvirae;Uroviricota;Caudoviricetes;;
SRR2912786_9876	10830	No terminal repeats	NA	9	11	0.9804	NA	0	10.3097	Viruses;Duplodnaviria;Heunggongvirae;Uroviricota;Caudoviricetes;;
SRR2912786_12162	12784	No terminal repeats	NA	24	11	0.9804	NA	1	17.9835	Viruses;Duplodnaviria;Heunggongvirae;Uroviricota;Caudoviricetes;;
SRR2912786_3780	22453	No terminal repeats	NA	28	11	0.9803	NA	0	38.7787	Viruses;Duplodnaviria;Heunggongvirae;Uroviricota;Caudoviricetes;Crassvirales;
SRR2912786_11643	10536	No terminal repeats	NA	22	11	0.9803	NA	1	17.2719	Viruses;Duplodnaviria;Heunggongvirae;Uroviricota;Caudoviricetes;;
SRR2912786_17646	5185	No terminal repeats	NA	5	11	0.9803	NA	4	7.8264	Viruses;Duplodnaviria;Heunggongvirae;Uroviricota;Caudoviricetes;;
SRR2912786_4313	4681	No terminal repeats	NA	9	11	0.9803	NA	1	9.5538	Viruses;Duplodnaviria;Heunggongvirae;Uroviricota;Caudoviricetes;;
SRR2912786_39081	4926	No terminal repeats	NA	8	11	0.9801	NA	0	11.4440	Viruses;Duplodnaviria;Heunggongvirae;Uroviricota;Caudoviricetes;;
SRR2912786_1390	42505	No terminal repeats	NA	47	11	0.9801	NA	2	44.3339	Viruses;Duplodnaviria;Heunggongvirae;Uroviricota;Caudoviricetes;;
SRR2912786_5020	13256	No terminal repeats	NA	11	11	0.9800	NA	1	9.6060	Viruses;Duplodnaviria;Heunggongvirae;Uroviricota;Caudoviricetes;;
SRR2912786_37008	10425	No terminal repeats	NA	7	11	0.9800	NA	1	10.3077	Viruses;Duplodnaviria;Heunggongvirae;Uroviricota;Caudoviricetes;;
SRR2912786_28412	6748	No terminal repeats	NA	8	11	0.9799	NA	0	9.9102	Viruses;Duplodnaviria;Heunggongvirae;Uroviricota;Caudoviricetes;;
SRR2912786_4822	6975	No terminal repeats	NA	15	11	0.9799	NA	1	11.3139	Viruses;Duplodnaviria;Heunggongvirae;Uroviricota;Caudoviricetes;;
SRR2912786_16355	3708	No terminal repeats	NA	6	11	0.9799	NA	1	8.3645	Viruses;Duplodnaviria;Heunggongvirae;Uroviricota;Caudoviricetes;;
SRR2912786_15642	32015	No terminal repeats	NA	48	11	0.9798	NA	9	62.1732	Viruses;Duplodnaviria;Heunggongvirae;Uroviricota;Caudoviricetes;;
SRR2912786_28948	3475	No terminal repeats	NA	4	11	0.9798	NA	0	5.4023	Viruses;Duplodnaviria;Heunggongvirae;Uroviricota;Caudoviricetes;;
SRR2912786_9736	8243	No terminal repeats	NA	14	11	0.9798	NA	4	15.9319	Viruses;Duplodnaviria;Heunggongvirae;Uroviricota;Caudoviricetes;;
SRR2912786_8335	10392	No terminal repeats	NA	21	11	0.9795	NA	0	21.6191	Viruses;Duplodnaviria;Heunggongvirae;Uroviricota;Caudoviricetes;;
SRR2912786_65417	4206	No terminal repeats	NA	3	11	0.9795	NA	3	4.6461	Viruses;Duplodnaviria;Heunggongvirae;Uroviricota;Caudoviricetes;;
SRR2912786_29164	5412	No terminal repeats	NA	9	11	0.9794	NA	2	8.3414	Viruses;Duplodnaviria;Heunggongvirae;Uroviricota;Caudoviricetes;;
SRR2912786_18445	7265	No terminal repeats	NA	13	11	0.9794	NA	1	9.0252	Viruses;Duplodnaviria;Heunggongvirae;Uroviricota;Caudoviricetes;;
SRR2912786_3689	6067	No terminal repeats	NA	18	11	0.9793	NA	0	14.4190	Viruses;Duplodnaviria;Heunggongvirae;Uroviricota;Caudoviricetes;;
SRR2912786_2935	25664	No terminal repeats	NA	17	11	0.9793	NA	0	20.3429	Viruses;Duplodnaviria;Heunggongvirae;Uroviricota;Caudoviricetes;;
SRR2912786_1828	5182	No terminal repeats	NA	13	11	0.9792	NA	1	12.4933	Viruses;Duplodnaviria;Heunggongvirae;Uroviricota;Caudoviricetes;;
SRR2912786_2401	6912	No terminal repeats	NA	8	11	0.9791	NA	0	9.0322	Viruses;Duplodnaviria;Heunggongvirae;Uroviricota;Caudoviricetes;;
SRR2912786_1326	18681	No terminal repeats	NA	24	11	0.9791	NA	3	20.9933	Viruses;Duplodnaviria;Heunggongvirae;Uroviricota;Caudoviricetes;;
SRR2912786_93116	1645	No terminal repeats	NA	3	11	0.9787	NA	1	5.1521	Viruses;Duplodnaviria;Heunggongvirae;Uroviricota;Caudoviricetes;;
SRR2912786_4503	41913	No terminal repeats	NA	74	11	0.9785	NA	2	60.6455	Viruses;Duplodnaviria;Heunggongvirae;Uroviricota;Caudoviricetes;;
SRR2912786_28201	4231	No terminal repeats	NA	4	11	0.9785	NA	1	3.3856	Viruses;Duplodnaviria;Heunggongvirae;Uroviricota;Caudoviricetes;;
SRR2912786_47539	5768	No terminal repeats	NA	2	11	0.9783	NA	1	2.8529	Viruses;Duplodnaviria;Heunggongvirae;Uroviricota;Caudoviricetes;;
SRR2912786_51744	5875	No terminal repeats	NA	12	11	0.9782	NA	1	12.4850	Viruses;Duplodnaviria;Heunggongvirae;Uroviricota;Caudoviricetes;;
SRR2912786_9520	15752	No terminal repeats	NA	28	11	0.9782	NA	1	21.4693	Viruses;Duplodnaviria;Heunggongvirae;Uroviricota;Caudoviricetes;;
SRR2912786_22492	3084	No terminal repeats	NA	8	11	0.9781	NA	1	10.0402	Viruses;Duplodnaviria;Heunggongvirae;Uroviricota;Caudoviricetes;;
SRR2912786_62390	2781	No terminal repeats	NA	4	11	0.9781	NA	0	4.5553	Viruses;Duplodnaviria;Heunggongvirae;Uroviricota;Caudoviricetes;;
SRR2912786_10360	4700	No terminal repeats	NA	10	11	0.9781	NA	2	8.8946	Viruses;Duplodnaviria;Heunggongvirae;Uroviricota;Caudoviricetes;;
SRR2912786_8963	7593	No terminal repeats	NA	15	11	0.9780	NA	0	16.4800	Viruses;Duplodnaviria;Heunggongvirae;Uroviricota;Caudoviricetes;;
SRR2912786_15862	6122	No terminal repeats	NA	7	11	0.9779	NA	1	10.6391	Viruses;Duplodnaviria;Heunggongvirae;Uroviricota;Caudoviricetes;;
SRR2912786_98491	4438	No terminal repeats	NA	7	11	0.9779	NA	1	6.8306	Viruses;Duplodnaviria;Heunggongvirae;Uroviricota;Caudoviricetes;;
SRR2912786_11186	17613	No terminal repeats	NA	23	11	0.9778	NA	9	34.0635	Viruses;Duplodnaviria;Heunggongvirae;Uroviricota;Caudoviricetes;;
SRR2912786_939	42407	No terminal repeats	NA	83	11	0.9778	NA	1	58.1735	Viruses;Duplodnaviria;Heunggongvirae;Uroviricota;Caudoviricetes;;
SRR2912786_5232	11816	No terminal repeats	NA	2	11	0.9778	NA	0	3.4366	Viruses;Duplodnaviria;Heunggongvirae;Uroviricota;Caudoviricetes;Crassvirales;
SRR2912786_2823	3490	No terminal repeats	NA	6	11	0.9778	NA	1	5.6578	Viruses;Duplodnaviria;Heunggongvirae;Uroviricota;Caudoviricetes;;
SRR2912786_30250	3369	No terminal repeats	NA	5	11	0.9777	NA	0	5.1043	Viruses;Duplodnaviria;Heunggongvirae;Uroviricota;Caudoviricetes;Crassvirales;Intestiviridae
SRR2912786_922	20699	No terminal repeats	NA	31	11	0.9776	NA	5	29.4696	Viruses;Duplodnaviria;Heunggongvirae;Uroviricota;Caudoviricetes;;
SRR2912786_14526	11803	No terminal repeats	NA	19	11	0.9775	NA	3	15.2499	Viruses;Duplodnaviria;Heunggongvirae;Uroviricota;Caudoviricetes;;
SRR2912786_9827	4907	No terminal repeats	NA	2	11	0.9774	NA	0	3.4366	Viruses;Duplodnaviria;Heunggongvirae;Uroviricota;Caudoviricetes;Crassvirales;
SRR2912786_21639	2960	No terminal repeats	NA	5	11	0.9774	NA	1	4.6168	Viruses;Duplodnaviria;Heunggongvirae;Uroviricota;Caudoviricetes;;
SRR2912786_121194	2664	No terminal repeats	NA	6	11	0.9773	NA	0	7.3661	Viruses;Duplodnaviria;Heunggongvirae;Uroviricota;Caudoviricetes;;
SRR2912786_19310	8020	No terminal repeats	NA	3	11	0.9771	NA	0	3.4353	Viruses;Duplodnaviria;Heunggongvirae;Uroviricota;Caudoviricetes;;
SRR2912786_10433	10682	No terminal repeats	NA	14	11	0.9770	NA	4	10.6130	Viruses;Duplodnaviria;Heunggongvirae;Uroviricota;Caudoviricetes;;
SRR2912786_67534	3369	No terminal repeats	NA	6	11	0.9770	NA	0	7.5872	Viruses;Duplodnaviria;Heunggongvirae;Uroviricota;Caudoviricetes;;
SRR2912786_36891	2291	No terminal repeats	NA	3	11	0.9770	NA	2	4.7952	Viruses;Duplodnaviria;Heunggongvirae;Uroviricota;Caudoviricetes;;
SRR2912786_18215	1781	No terminal repeats	NA	4	11	0.9769	NA	1	6.7207	Viruses;Duplodnaviria;Heunggongvirae;Uroviricota;Caudoviricetes;;
SRR2912786_2124	41720	No terminal repeats	NA	44	11	0.9768	NA	1	34.9047	Viruses;Duplodnaviria;Heunggongvirae;Uroviricota;Caudoviricetes;;
SRR2912786_14270	8919	No terminal repeats	NA	27	11	0.9766	NA	0	19.7523	Viruses;Duplodnaviria;Heunggongvirae;Uroviricota;Caudoviricetes;;
SRR2912786_28528	7615	No terminal repeats	NA	8	11	0.9764	NA	1	7.4913	Viruses;Duplodnaviria;Heunggongvirae;Uroviricota;Caudoviricetes;;
SRR2912786_813	17475	No terminal repeats	NA	43	11	0.9764	NA	0	17.1294	Viruses;Duplodnaviria;Heunggongvirae;Uroviricota;Caudoviricetes;;
SRR2912786_33308	1593	No terminal repeats	NA	5	11	0.9763	NA	3	6.8731	Viruses;Duplodnaviria;Heunggongvirae;Uroviricota;Caudoviricetes;;
SRR2912786_7605	8379	No terminal repeats	NA	19	11	0.9762	NA	0	15.8854	Viruses;Duplodnaviria;Heunggongvirae;Uroviricota;Caudoviricetes;;
SRR2912786_2896	16322	No terminal repeats	NA	20	11	0.9762	NA	1	18.3522	Viruses;Duplodnaviria;Heunggongvirae;Uroviricota;Caudoviricetes;;
SRR2912786_132261	1789	DTR	NA	5	11	0.9762	NA	1	8.5914	Viruses;Duplodnaviria;Heunggongvirae;Uroviricota;Caudoviricetes;;
SRR2912786_41940	3736	No terminal repeats	NA	8	11	0.9761	NA	3	10.2274	Viruses;Duplodnaviria;Heunggongvirae;Uroviricota;Caudoviricetes;;
SRR2912786_36737	4135	No terminal repeats	NA	2	11	0.9760	NA	0	2.9450	Viruses;Duplodnaviria;Heunggongvirae;Uroviricota;Caudoviricetes;;
SRR2912786_148963	1172	No terminal repeats	NA	2	11	0.9759	NA	2	2.6360	Viruses;Duplodnaviria;Heunggongvirae;Uroviricota;Caudoviricetes;;
SRR2912786_16882	11868	No terminal repeats	NA	15	11	0.9758	NA	3	10.9597	Viruses;Duplodnaviria;Heunggongvirae;Uroviricota;Caudoviricetes;;
SRR2912786_9948	10129	No terminal repeats	NA	14	11	0.9758	NA	0	8.6337	Viruses;Duplodnaviria;Heunggongvirae;Uroviricota;Caudoviricetes;;
SRR2912786_213954	1331	No terminal repeats	NA	2	11	0.9756	NA	1	3.4366	Viruses;Duplodnaviria;Heunggongvirae;Uroviricota;Caudoviricetes;;
SRR2912786_3210	22982	No terminal repeats	NA	49	11	0.9755	NA	0	22.7486	Viruses;Duplodnaviria;Heunggongvirae;Uroviricota;Caudoviricetes;;
SRR2912786_792	31814	No terminal repeats	NA	39	11	0.9755	NA	4	32.6742	Viruses;Duplodnaviria;Heunggongvirae;Uroviricota;Caudoviricetes;;
SRR2912786_55612	2411	No terminal repeats	NA	3	11	0.9755	NA	2	4.6912	Viruses;Duplodnaviria;Heunggongvirae;Uroviricota;Caudoviricetes;;
SRR2912786_16870	3031	No terminal repeats	NA	7	11	0.9755	NA	4	8.7370	Viruses;Duplodnaviria;Heunggongvirae;Uroviricota;Caudoviricetes;;
SRR2912786_35727	3277	No terminal repeats	NA	6	11	0.9755	NA	0	5.0024	Viruses;Duplodnaviria;Heunggongvirae;Uroviricota;Caudoviricetes;;
SRR2912786_27641	3778	No terminal repeats	NA	8	11	0.9751	NA	1	7.3707	Viruses;Duplodnaviria;Heunggongvirae;Uroviricota;Caudoviricetes;;
SRR2912786_4178	41007	No terminal repeats	NA	45	11	0.9749	NA	20	54.4110	Viruses;Duplodnaviria;Heunggongvirae;Uroviricota;Caudoviricetes;;
SRR2912786_5138	15855	No terminal repeats	NA	21	11	0.9749	NA	3	11.7805	Viruses;Duplodnaviria;Heunggongvirae;Uroviricota;Caudoviricetes;;
SRR2912786_48752	1243	No terminal repeats	NA	3	11	0.9747	NA	2	4.3872	Viruses;Duplodnaviria;Heunggongvirae;Uroviricota;Caudoviricetes;;
SRR2912786_7081	9715	No terminal repeats	NA	18	11	0.9747	NA	6	24.3141	Viruses;Duplodnaviria;Heunggongvirae;Uroviricota;Caudoviricetes;;
SRR2912786_26242	2522	No terminal repeats	NA	11	11	0.9745	NA	0	9.5199	Viruses;Duplodnaviria;Heunggongvirae;Uroviricota;Caudoviricetes;;
SRR2912786_34793	3281	No terminal repeats	NA	12	11	0.9744	NA	0	10.1467	Viruses;Duplodnaviria;Heunggongvirae;Uroviricota;Caudoviricetes;;
SRR2912786_14301	2915	No terminal repeats	NA	4	11	0.9744	NA	0	6.8731	Viruses;Duplodnaviria;Heunggongvirae;Uroviricota;Caudoviricetes;;
SRR2912786_42366	2802	No terminal repeats	NA	4	11	0.9743	NA	0	4.4806	Viruses;Duplodnaviria;Heunggongvirae;Uroviricota;Caudoviricetes;;
SRR2912786_67915	3431	No terminal repeats	NA	4	11	0.9743	NA	3	5.7975	Viruses;Duplodnaviria;Heunggongvirae;Uroviricota;Caudoviricetes;;
SRR2912786_12870	3346	No terminal repeats	NA	5	11	0.9741	NA	0	4.5436	Viruses;Duplodnaviria;Heunggongvirae;Uroviricota;Caudoviricetes;;
SRR2912786_5707	2852	No terminal repeats	NA	3	11	0.9737	NA	1	3.1414	Viruses;Duplodnaviria;Heunggongvirae;Uroviricota;Caudoviricetes;;
SRR2912786_26575	1728	No terminal repeats	NA	3	11	0.9737	NA	1	4.0629	Viruses;Duplodnaviria;Heunggongvirae;Uroviricota;Caudoviricetes;;
SRR2912786_6043	1377	No terminal repeats	NA	2	11	0.9736	NA	1	3.4366	Viruses;Duplodnaviria;Heunggongvirae;Uroviricota;Caudoviricetes;;
SRR2912786_203750	485	No terminal repeats	NA	1	15	0.9735	NA	1	1.5107	Viruses;Duplodnaviria;Heunggongvirae;Uroviricota;Caudoviricetes;;
SRR2912786_4698	4257	No terminal repeats	NA	13	11	0.9735	NA	0	11.7123	Viruses;Duplodnaviria;Heunggongvirae;Uroviricota;Caudoviricetes;;
SRR2912786_68860	2770	No terminal repeats	NA	6	11	0.9733	NA	3	6.3818	Viruses;Duplodnaviria;Heunggongvirae;Uroviricota;Caudoviricetes;;
SRR2912786_15431	7597	No terminal repeats	NA	15	11	0.9731	NA	0	7.8301	Viruses;Duplodnaviria;Heunggongvirae;Uroviricota;Caudoviricetes;;
SRR2912786_3307	11665	No terminal repeats	NA	22	11	0.9731	NA	0	14.7572	Viruses;Duplodnaviria;Heunggongvirae;Uroviricota;Caudoviricetes;;
SRR2912786_4059	14293	No terminal repeats	NA	30	11	0.9727	NA	0	11.3224	Viruses;Duplodnaviria;Heunggongvirae;Uroviricota;Caudoviricetes;;
SRR2912786_3304	7372	No terminal repeats	NA	7	11	0.9726	NA	0	5.8318	Viruses;Duplodnaviria;Heunggongvirae;Uroviricota;Caudoviricetes;;
SRR2912786_1775	26607	No terminal repeats	NA	35	11	0.9725	NA	15	40.0492	Viruses;Duplodnaviria;Heunggongvirae;Uroviricota;Caudoviricetes;;
SRR2912786_57572	2898	No terminal repeats	NA	5	11	0.9724	NA	3	8.2623	Viruses;Duplodnaviria;Heunggongvirae;Uroviricota;Caudoviricetes;;
SRR2912786_288	66188	No terminal repeats	NA	75	11	0.9723	NA	4	55.2406	Viruses;Duplodnaviria;Heunggongvirae;Uroviricota;Caudoviricetes;;
SRR2912786_66513	2497	No terminal repeats	NA	6	11	0.9722	NA	1	6.4688	Viruses;Duplodnaviria;Heunggongvirae;Uroviricota;Caudoviricetes;;
SRR2912786_3738	27021	No terminal repeats	NA	34	11	0.9720	NA	13	32.4173	Viruses;Duplodnaviria;Heunggongvirae;Uroviricota;Caudoviricetes;;
SRR2912786_20524	7186	No terminal repeats	NA	1	11	0.9720	NA	0	1.7183	Viruses;Duplodnaviria;Heunggongvirae;Uroviricota;Caudoviricetes;;
SRR2912786_17535	14253	No terminal repeats	NA	12	11	0.9718	NA	2	10.1874	Viruses;Duplodnaviria;Heunggongvirae;Uroviricota;Caudoviricetes;;
SRR2912786_7340	5491	No terminal repeats	NA	3	11	0.9717	NA	1	3.4366	Viruses;Duplodnaviria;Heunggongvirae;Uroviricota;Caudoviricetes;;
SRR2912786_32557	2600	No terminal repeats	NA	6	11	0.9717	NA	2	4.0161	Viruses;Duplodnaviria;Heunggongvirae;Uroviricota;Caudoviricetes;;
SRR2912786_15852	3873	No terminal repeats	NA	6	11	0.9715	NA	0	6.8701	Viruses;Duplodnaviria;Heunggongvirae;Uroviricota;Caudoviricetes;;
SRR2912786_110218	1529	No terminal repeats	NA	3	11	0.9711	NA	3	5.0969	Viruses;Duplodnaviria;Heunggongvirae;Uroviricota;Caudoviricetes;;
SRR2912786_33054	2551	No terminal repeats	NA	6	11	0.9711	NA	1	4.9543	Viruses;Duplodnaviria;Heunggongvirae;Uroviricota;Caudoviricetes;;
SRR2912786_254647	745	No terminal repeats	NA	1	11	0.9711	NA	1	1.7183	Viruses;Duplodnaviria;Heunggongvirae;Uroviricota;Caudoviricetes;;
SRR2912786_78530	1147	No terminal repeats	NA	2	11	0.9710	NA	1	3.1702	Viruses;Duplodnaviria;Heunggongvirae;Uroviricota;Caudoviricetes;;
SRR2912786_141393	2136	No terminal repeats	NA	2	11	0.9709	NA	2	3.2192	Viruses;Duplodnaviria;Heunggongvirae;Uroviricota;Caudoviricetes;;
SRR2912786_19491	499	No terminal repeats	NA	2	11	0.9706	NA	1	3.2302	Viruses;Duplodnaviria;Heunggongvirae;Uroviricota;Caudoviricetes;;
SRR2912786_142736	1838	No terminal repeats	NA	5	11	0.9703	NA	2	8.5914	Viruses;Duplodnaviria;Heunggongvirae;Uroviricota;Caudoviricetes;;
SRR2912786_21463	4661	No terminal repeats	NA	10	11	0.9703	NA	0	6.5022	Viruses;Duplodnaviria;Heunggongvirae;Uroviricota;Caudoviricetes;;
SRR2912786_263348	217	No terminal repeats	NA	1	11	0.9702	NA	1	1.4898	Viruses;Duplodnaviria;Heunggongvirae;Uroviricota;Caudoviricetes;;
SRR2912786_67018	1548	No terminal repeats	NA	2	11	0.9702	NA	2	2.9743	Viruses;Duplodnaviria;Heunggongvirae;Uroviricota;Caudoviricetes;;
SRR2912786_118648	1490	No terminal repeats	NA	2	11	0.9700	NA	1	3.4366	Viruses;Duplodnaviria;Heunggongvirae;Uroviricota;Caudoviricetes;;
SRR2912786_80103	708	No terminal repeats	NA	1	11	0.9697	NA	1	1.5240	Viruses;Duplodnaviria;Heunggongvirae;Uroviricota;Caudoviricetes;;
SRR2912786_3402	13097	No terminal repeats	NA	24	11	0.9696	NA	3	20.1020	Viruses;Duplodnaviria;Heunggongvirae;Uroviricota;Caudoviricetes;;
SRR2912786_74017	999	No terminal repeats	NA	1	11	0.9695	NA	1	1.7183	Viruses;Duplodnaviria;Heunggongvirae;Uroviricota;Caudoviricetes;;
SRR2912786_324463	201	No terminal repeats	NA	1	11	0.9694	NA	1	1.7183	Viruses;Duplodnaviria;Heunggongvirae;Uroviricota;Caudoviricetes;;
SRR2912786_15357	2218	No terminal repeats	NA	5	11	0.9694	NA	1	4.7534	Viruses;Duplodnaviria;Heunggongvirae;Uroviricota;Caudoviricetes;;
SRR2912786_4645	6142	No terminal repeats	NA	6	11	0.9693	NA	3	7.7448	Viruses;Duplodnaviria;Heunggongvirae;Uroviricota;Caudoviricetes;;
SRR2912786_36114	5136	No terminal repeats	NA	8	11	0.9690	NA	0	6.1183	Viruses;Duplodnaviria;Heunggongvirae;Uroviricota;Caudoviricetes;;
SRR2912786_27061	1928	No terminal repeats	NA	2	11	0.9688	NA	1	3.4057	Viruses;Duplodnaviria;Heunggongvirae;Uroviricota;Caudoviricetes;;
SRR2912786_47268	1985	No terminal repeats	NA	6	11	0.9685	NA	1	8.3873	Viruses;Duplodnaviria;Heunggongvirae;Uroviricota;Caudoviricetes;;
SRR2912786_244874	446	No terminal repeats	NA	2	11	0.9680	NA	1	3.3041	Viruses;Duplodnaviria;Heunggongvirae;Uroviricota;Caudoviricetes;;
SRR2912786_165115	879	No terminal repeats	NA	2	11	0.9680	NA	1	3.1646	Viruses;Duplodnaviria;Heunggongvirae;Uroviricota;Caudoviricetes;;
SRR2912786_4936	2189	No terminal repeats	NA	3	11	0.9678	NA	2	4.6733	Viruses;Duplodnaviria;Heunggongvirae;Uroviricota;Caudoviricetes;;
SRR2912786_322492	173	No terminal repeats	NA	1	11	0.9677	NA	1	1.7183	Viruses;Duplodnaviria;Heunggongvirae;Uroviricota;Caudoviricetes;;
SRR2912786_143431	276	No terminal repeats	NA	2	11	0.9676	NA	2	3.4366	Viruses;Duplodnaviria;Heunggongvirae;Uroviricota;Caudoviricetes;;
SRR2912786_24499	3928	No terminal repeats	NA	4	11	0.9676	NA	1	6.6645	Viruses;Duplodnaviria;Heunggongvirae;Uroviricota;Caudoviricetes;;
SRR2912786_22399	1789	No terminal repeats	NA	5	11	0.9675	NA	1	3.4366	Viruses;Duplodnaviria;Heunggongvirae;Uroviricota;Caudoviricetes;;
SRR2912786_131303	155	No terminal repeats	NA	1	11	0.9673	NA	1	1.7183	Viruses;Duplodnaviria;Heunggongvirae;Uroviricota;Caudoviricetes;;
SRR2912786_177140	304	No terminal repeats	NA	1	11	0.9673	NA	1	1.7183	Viruses;Duplodnaviria;Heunggongvirae;Uroviricota;Caudoviricetes;;
SRR2912786_160751	877	No terminal repeats	NA	3	11	0.9672	NA	1	5.1428	Viruses;Duplodnaviria;Heunggongvirae;Uroviricota;Caudoviricetes;;
SRR2912786_57549	1077	No terminal repeats	NA	1	11	0.9670	NA	1	1.5191	Viruses;Duplodnaviria;Heunggongvirae;Uroviricota;Caudoviricetes;;
SRR2912786_43629	4195	No terminal repeats	NA	5	11	0.9670	NA	1	4.8213	Viruses;Duplodnaviria;Heunggongvirae;Uroviricota;Caudoviricetes;;
SRR2912786_192143	570	No terminal repeats	NA	2	11	0.9668	NA	1	3.4366	Viruses;Duplodnaviria;Heunggongvirae;Uroviricota;Caudoviricetes;;
SRR2912786_252406	243	No terminal repeats	NA	1	11	0.9667	NA	1	1.7183	Viruses;Duplodnaviria;Heunggongvirae;Uroviricota;Caudoviricetes;;
SRR2912786_233634	155	No terminal repeats	NA	1	15	0.9666	NA	1	1.7183	Viruses;Duplodnaviria;Heunggongvirae;Uroviricota;Caudoviricetes;;
SRR2912786_46564	1950	No terminal repeats	NA	2	11	0.9661	NA	1	2.6101	Viruses;Duplodnaviria;Heunggongvirae;Uroviricota;Caudoviricetes;Crassvirales;
SRR2912786_1205|provirus_9055_21740	12686	Provirus	9055-21740	12	11	0.9660	NA	2	13.6921	Viruses;Duplodnaviria;Heunggongvirae;Uroviricota;Caudoviricetes;;
SRR2912786_115303	668	No terminal repeats	NA	2	11	0.9657	NA	1	3.4366	Viruses;Duplodnaviria;Heunggongvirae;Uroviricota;Caudoviricetes;;
SRR2912786_205575	532	No terminal repeats	NA	1	11	0.9657	NA	1	1.7183	Viruses;Duplodnaviria;Heunggongvirae;Uroviricota;Caudoviricetes;;
SRR2912786_167590	313	No terminal repeats	NA	1	11	0.9654	NA	1	1.7183	Viruses;Duplodnaviria;Heunggongvirae;Uroviricota;Caudoviricetes;;
SRR2912786_142428	803	No terminal repeats	NA	1	11	0.9653	NA	1	1.7183	Viruses;Duplodnaviria;Heunggongvirae;Uroviricota;Caudoviricetes;;
SRR2912786_26707	1242	No terminal repeats	NA	3	11	0.9653	NA	1	4.6252	Viruses;Duplodnaviria;Heunggongvirae;Uroviricota;Caudoviricetes;;
SRR2912786_2344	4264	No terminal repeats	NA	6	11	0.9644	NA	0	4.7403	Viruses;Duplodnaviria;Heunggongvirae;Uroviricota;Caudoviricetes;;
SRR2912786_42130	942	No terminal repeats	NA	1	11	0.9643	NA	1	1.7183	Viruses;Duplodnaviria;Heunggongvirae;Uroviricota;Caudoviricetes;;
SRR2912786_80836	1093	No terminal repeats	NA	3	11	0.9643	NA	2	3.0039	Viruses;Duplodnaviria;Heunggongvirae;Uroviricota;Caudoviricetes;;
SRR2912786_4065	2007	No terminal repeats	NA	2	11	0.9640	NA	2	2.9743	Viruses;Duplodnaviria;Heunggongvirae;Uroviricota;Caudoviricetes;;
SRR2912786_186759	220	No terminal repeats	NA	1	11	0.9638	NA	1	1.7183	Viruses;Duplodnaviria;Heunggongvirae;Uroviricota;Caudoviricetes;;
SRR2912786_292939	336	No terminal repeats	NA	1	11	0.9637	NA	1	1.7183	Viruses;Duplodnaviria;Heunggongvirae;Uroviricota;Caudoviricetes;;
SRR2912786_10359	2554	No terminal repeats	NA	5	11	0.9637	NA	1	3.2383	Viruses;Duplodnaviria;Heunggongvirae;Uroviricota;Caudoviricetes;;
SRR2912786_42725	491	No terminal repeats	NA	1	11	0.9637	NA	1	1.7061	Viruses;Duplodnaviria;Heunggongvirae;Uroviricota;Caudoviricetes;;
SRR2912786_103645	1140	No terminal repeats	NA	3	4	0.9633	NA	1	2.9330	Viruses;Duplodnaviria;Heunggongvirae;Uroviricota;Caudoviricetes;;
SRR2912786_5783	10633	No terminal repeats	NA	9	11	0.9632	NA	0	4.1383	Viruses;Duplodnaviria;Heunggongvirae;Uroviricota;Caudoviricetes;;
SRR2912786_270576	182	No terminal repeats	NA	1	11	0.9630	NA	1	1.7183	Viruses;Duplodnaviria;Heunggongvirae;Uroviricota;Caudoviricetes;;
SRR2912786_308204	350	No terminal repeats	NA	1	11	0.9630	NA	1	1.7183	Viruses;Duplodnaviria;Heunggongvirae;Uroviricota;Caudoviricetes;;
SRR2912786_179083	385	No terminal repeats	NA	2	11	0.9630	NA	1	3.1412	Viruses;Duplodnaviria;Heunggongvirae;Uroviricota;Caudoviricetes;;
SRR2912786_278	1816	No terminal repeats	NA	3	11	0.9630	NA	1	4.0106	Viruses;Duplodnaviria;Heunggongvirae;Uroviricota;Caudoviricetes;;
SRR2912786_183439	174	No terminal repeats	NA	1	15	0.9629	NA	1	1.7183	Viruses;Duplodnaviria;Heunggongvirae;Uroviricota;Caudoviricetes;;
SRR2912786_304850	198	No terminal repeats	NA	1	11	0.9629	NA	1	1.7183	Viruses;Duplodnaviria;Heunggongvirae;Uroviricota;Caudoviricetes;;
SRR2912786_271122	268	No terminal repeats	NA	1	11	0.9628	NA	1	1.7183	Viruses;Duplodnaviria;Heunggongvirae;Uroviricota;Caudoviricetes;;
SRR2912786_90251	3438	No terminal repeats	NA	7	11	0.9622	NA	2	4.0522	Viruses;Duplodnaviria;Heunggongvirae;Uroviricota;Caudoviricetes;;
SRR2912786_316249	324	No terminal repeats	NA	1	11	0.9620	NA	1	1.7183	Viruses;Duplodnaviria;Heunggongvirae;Uroviricota;Caudoviricetes;;
SRR2912786_96834	248	No terminal repeats	NA	1	11	0.9620	NA	1	1.7183	Viruses;Duplodnaviria;Heunggongvirae;Uroviricota;Caudoviricetes;;
SRR2912786_50810	3529	No terminal repeats	NA	8	11	0.9619	NA	7	12.0280	Viruses;Duplodnaviria;Heunggongvirae;Uroviricota;Caudoviricetes;;
SRR2912786_266614	435	No terminal repeats	NA	1	11	0.9618	NA	1	1.7183	Viruses;Duplodnaviria;Heunggongvirae;Uroviricota;Caudoviricetes;;
SRR2912786_59182	161	No terminal repeats	NA	1	11	0.9617	NA	1	1.7183	Viruses;Duplodnaviria;Heunggongvirae;Uroviricota;Caudoviricetes;;
SRR2912786_36644	640	No terminal repeats	NA	2	11	0.9617	NA	1	2.6125	Viruses;Duplodnaviria;Heunggongvirae;Uroviricota;Caudoviricetes;;
SRR2912786_147734	205	No terminal repeats	NA	1	11	0.9615	NA	1	1.7183	Viruses;Duplodnaviria;Heunggongvirae;Uroviricota;Caudoviricetes;;
SRR2912786_23491	739	No terminal repeats	NA	1	11	0.9614	NA	1	1.7183	Viruses;Duplodnaviria;Heunggongvirae;Uroviricota;Caudoviricetes;;
SRR2912786_175886	534	No terminal repeats	NA	1	11	0.9614	NA	1	1.7183	Viruses;Duplodnaviria;Heunggongvirae;Uroviricota;Caudoviricetes;;
SRR2912786_13693	4917	No terminal repeats	NA	2	11	0.9614	NA	0	1.7183	Viruses;Duplodnaviria;Heunggongvirae;Uroviricota;Caudoviricetes;;
SRR2912786_39625	10181	No terminal repeats	NA	21	11	0.9613	NA	2	17.3208	Viruses;Duplodnaviria;Heunggongvirae;Uroviricota;Caudoviricetes;;
SRR2912786_176730	365	No terminal repeats	NA	1	11	0.9611	NA	1	1.7183	Viruses;Duplodnaviria;Heunggongvirae;Uroviricota;Caudoviricetes;;
SRR2912786_124450	131	No terminal repeats	NA	1	11	0.9611	NA	1	1.7183	Viruses;Duplodnaviria;Heunggongvirae;Uroviricota;Caudoviricetes;;
SRR2912786_32020	2229	No terminal repeats	NA	6	11	0.9610	NA	2	6.4606	Viruses;Duplodnaviria;Heunggongvirae;Uroviricota;Caudoviricetes;;
SRR2912786_99907	1420	No terminal repeats	NA	1	11	0.9607	NA	1	1.7183	Viruses;Duplodnaviria;Heunggongvirae;Uroviricota;Caudoviricetes;;
SRR2912786_182853	177	No terminal repeats	NA	1	11	0.9607	NA	1	1.7183	Viruses;Duplodnaviria;Heunggongvirae;Uroviricota;Caudoviricetes;;
SRR2912786_1719|provirus_13700_41306	27607	Provirus	13700-41306	30	11	0.9607	NA	4	32.0820	Viruses;Duplodnaviria;Heunggongvirae;Uroviricota;Caudoviricetes;;
SRR2912786_316634	112	No terminal repeats	NA	1	11	0.9606	NA	1	1.7183	Viruses;Duplodnaviria;Heunggongvirae;Uroviricota;Caudoviricetes;;
SRR2912786_37726	381	No terminal repeats	NA	2	11	0.9605	NA	1	3.0592	Viruses;Duplodnaviria;Heunggongvirae;Uroviricota;Caudoviricetes;;
SRR2912786_248316	306	No terminal repeats	NA	1	11	0.9605	NA	1	1.5001	Viruses;Duplodnaviria;Heunggongvirae;Uroviricota;Caudoviricetes;;
SRR2912786_11867	323	No terminal repeats	NA	1	11	0.9605	NA	1	1.7183	Viruses;Duplodnaviria;Heunggongvirae;Uroviricota;Caudoviricetes;;
SRR2912786_14456	2085	No terminal repeats	NA	3	11	0.9605	NA	2	2.9489	Viruses;Duplodnaviria;Heunggongvirae;Uroviricota;Caudoviricetes;;
SRR2912786_12775	2694	No terminal repeats	NA	2	11	0.9604	NA	0	1.4999	Viruses;Duplodnaviria;Heunggongvirae;Uroviricota;Caudoviricetes;;
SRR2912786_313270	288	No terminal repeats	NA	2	11	0.9603	NA	1	1.4667	Viruses;Duplodnaviria;Heunggongvirae;Uroviricota;Caudoviricetes;;
SRR2912786_216068	259	No terminal repeats	NA	1	11	0.9603	NA	1	1.7183	Viruses;Duplodnaviria;Heunggongvirae;Uroviricota;Caudoviricetes;;
SRR2912786_278323	275	No terminal repeats	NA	1	11	0.9603	NA	1	1.7183	Viruses;Duplodnaviria;Heunggongvirae;Uroviricota;Caudoviricetes;;
SRR2912786_6496	1927	No terminal repeats	NA	2	11	0.9599	NA	2	3.4366	Viruses;Duplodnaviria;Heunggongvirae;Uroviricota;Caudoviricetes;;
SRR2912786_5550	4280	No terminal repeats	NA	12	11	0.9598	NA	0	12.0280	Viruses;Duplodnaviria;Heunggongvirae;Uroviricota;Caudoviricetes;;
SRR2912786_198383	263	No terminal repeats	NA	1	11	0.9598	NA	1	1.7183	Viruses;Duplodnaviria;Heunggongvirae;Uroviricota;Caudoviricetes;;
SRR2912786_67494	605	No terminal repeats	NA	2	11	0.9595	NA	1	3.4366	Viruses;Duplodnaviria;Heunggongvirae;Uroviricota;Caudoviricetes;;
SRR2912786_105006	513	No terminal repeats	NA	2	11	0.9594	NA	1	2.6192	Viruses;Duplodnaviria;Heunggongvirae;Uroviricota;Caudoviricetes;;
SRR2912786_24064	1840	No terminal repeats	NA	3	11	0.9593	NA	1	3.4366	Viruses;Duplodnaviria;Heunggongvirae;Uroviricota;Caudoviricetes;;
SRR2912786_300994	189	No terminal repeats	NA	1	11	0.9592	NA	1	1.4598	Viruses;Duplodnaviria;Heunggongvirae;Uroviricota;Caudoviricetes;;
SRR2912786_202808	242	No terminal repeats	NA	1	11	0.9586	NA	1	1.7183	Viruses;Duplodnaviria;Heunggongvirae;Uroviricota;Caudoviricetes;;
SRR2912786_7803	2523	No terminal repeats	NA	5	11	0.9586	NA	0	6.8731	Viruses;Duplodnaviria;Heunggongvirae;Uroviricota;Caudoviricetes;;
SRR2912786_63728	155	No terminal repeats	NA	1	11	0.9586	NA	1	1.7183	Viruses;Duplodnaviria;Heunggongvirae;Uroviricota;Caudoviricetes;;
SRR2912786_122804	553	No terminal repeats	NA	1	11	0.9585	NA	1	1.5474	Viruses;Monodnaviria;Sangervirae;Phixviricota;Malgrandaviricetes;Petitvirales;Microviridae
SRR2912786_83154	1348	No terminal repeats	NA	2	11	0.9584	NA	1	2.8621	Viruses;Duplodnaviria;Heunggongvirae;Uroviricota;Caudoviricetes;;
SRR2912786_219095	195	No terminal repeats	NA	1	11	0.9584	NA	1	1.7183	Viruses;Duplodnaviria;Heunggongvirae;Uroviricota;Caudoviricetes;;
SRR2912786_256617	220	No terminal repeats	NA	1	11	0.9583	NA	1	1.7183	Viruses;Duplodnaviria;Heunggongvirae;Uroviricota;Caudoviricetes;;
SRR2912786_12927	4071	No terminal repeats	NA	4	11	0.9582	NA	2	6.2379	Viruses;Duplodnaviria;Heunggongvirae;Uroviricota;Caudoviricetes;;
SRR2912786_48444	944	No terminal repeats	NA	2	11	0.9579	NA	1	2.9451	Viruses;Duplodnaviria;Heunggongvirae;Uroviricota;Caudoviricetes;;
SRR2912786_150208	247	No terminal repeats	NA	1	11	0.9579	NA	1	1.7183	Viruses;Duplodnaviria;Heunggongvirae;Uroviricota;Caudoviricetes;;
SRR2912786_118588	325	No terminal repeats	NA	1	11	0.9579	NA	1	1.5137	Viruses;Duplodnaviria;Heunggongvirae;Uroviricota;Caudoviricetes;;
SRR2912786_114166	158	No terminal repeats	NA	1	11	0.9579	NA	1	1.7183	Viruses;Duplodnaviria;Heunggongvirae;Uroviricota;Caudoviricetes;;
SRR2912786_11403	3661	No terminal repeats	NA	6	11	0.9579	NA	0	2.6777	Viruses;Duplodnaviria;Heunggongvirae;Uroviricota;Caudoviricetes;;
SRR2912786_12913	14543	No terminal repeats	NA	16	11	0.9577	NA	0	9.7279	Viruses;Duplodnaviria;Heunggongvirae;Uroviricota;Caudoviricetes;;
SRR2912786_309616	106	No terminal repeats	NA	1	11	0.9577	NA	1	1.7183	Viruses;Duplodnaviria;Heunggongvirae;Uroviricota;Caudoviricetes;;
SRR2912786_86399	1261	No terminal repeats	NA	1	11	0.9576	NA	1	1.7183	Viruses;Duplodnaviria;Heunggongvirae;Uroviricota;Caudoviricetes;;
SRR2912786_298337	130	No terminal repeats	NA	1	11	0.9576	NA	1	1.7183	Viruses;Duplodnaviria;Heunggongvirae;Uroviricota;Caudoviricetes;;
SRR2912786_12183	950	No terminal repeats	NA	3	11	0.9575	NA	1	3.4366	Viruses;Duplodnaviria;Heunggongvirae;Uroviricota;Caudoviricetes;;
SRR2912786_275429	277	No terminal repeats	NA	1	11	0.9574	NA	1	1.7183	Viruses;Duplodnaviria;Heunggongvirae;Uroviricota;Caudoviricetes;;
SRR2912786_230191	209	No terminal repeats	NA	1	11	0.9572	NA	1	1.7183	Viruses;Duplodnaviria;Heunggongvirae;Uroviricota;Caudoviricetes;;
SRR2912786_121874	231	No terminal repeats	NA	1	11	0.9571	NA	1	1.4598	Viruses;Duplodnaviria;Heunggongvirae;Uroviricota;Caudoviricetes;;
SRR2912786_46886	4593	No terminal repeats	NA	12	11	0.9570	NA	0	5.1147	Viruses;Duplodnaviria;Heunggongvirae;Uroviricota;Caudoviricetes;;
SRR2912786_110277	500	No terminal repeats	NA	2	11	0.9569	NA	1	2.8063	Viruses;Duplodnaviria;Heunggongvirae;Uroviricota;Caudoviricetes;;
SRR2912786_160048	225	No terminal repeats	NA	1	11	0.9567	NA	1	1.7183	Viruses;Duplodnaviria;Heunggongvirae;Uroviricota;Caudoviricetes;;
SRR2912786_166843	458	No terminal repeats	NA	1	11	0.9566	NA	1	1.7183	Viruses;Duplodnaviria;Heunggongvirae;Uroviricota;Caudoviricetes;;
SRR2912786_116385	2156	No terminal repeats	NA	4	11	0.9565	NA	1	6.5010	Viruses;Duplodnaviria;Heunggongvirae;Uroviricota;Caudoviricetes;;
SRR2912786_156168	277	No terminal repeats	NA	1	11	0.9565	NA	1	1.7183	Viruses;Duplodnaviria;Heunggongvirae;Uroviricota;Caudoviricetes;;
SRR2912786_5764	2540	No terminal repeats	NA	3	11	0.9563	NA	3	4.2643	Viruses;Duplodnaviria;Heunggongvirae;Uroviricota;Caudoviricetes;;
SRR2912786_246173	290	No terminal repeats	NA	1	11	0.9562	NA	1	1.7183	Viruses;Duplodnaviria;Heunggongvirae;Uroviricota;Caudoviricetes;;
SRR2912786_103136	1186	No terminal repeats	NA	1	11	0.9562	NA	1	1.7183	Viruses;Duplodnaviria;Heunggongvirae;Uroviricota;Caudoviricetes;;
SRR2912786_7195|provirus_3_11127	11125	Provirus	3-11127	15	11	0.9561	NA	0	13.0643	Viruses;Duplodnaviria;Heunggongvirae;Uroviricota;Caudoviricetes;;
SRR2912786_299479	130	No terminal repeats	NA	1	11	0.9560	NA	1	1.7183	Viruses;Duplodnaviria;Heunggongvirae;Uroviricota;Caudoviricetes;;
SRR2912786_7748	199	No terminal repeats	NA	1	11	0.9559	NA	1	1.7183	Viruses;Duplodnaviria;Heunggongvirae;Uroviricota;Caudoviricetes;;
SRR2912786_205063	359	No terminal repeats	NA	1	11	0.9559	NA	1	1.7183	Viruses;Duplodnaviria;Heunggongvirae;Uroviricota;Caudoviricetes;;
SRR2912786_48337	2674	No terminal repeats	NA	4	11	0.9558	NA	0	3.4366	Viruses;Duplodnaviria;Heunggongvirae;Uroviricota;Caudoviricetes;;
SRR2912786_144692	273	No terminal repeats	NA	1	11	0.9553	NA	1	1.7183	Viruses;Duplodnaviria;Heunggongvirae;Uroviricota;Caudoviricetes;;
SRR2912786_219787	282	No terminal repeats	NA	1	11	0.9552	NA	1	1.7183	Viruses;Duplodnaviria;Heunggongvirae;Uroviricota;Caudoviricetes;;
SRR2912786_181959	496	No terminal repeats	NA	2	11	0.9552	NA	1	1.7183	Viruses;Duplodnaviria;Heunggongvirae;Uroviricota;Caudoviricetes;;
SRR2912786_27710	459	No terminal repeats	NA	1	11	0.9550	NA	1	1.7183	Viruses;Duplodnaviria;Heunggongvirae;Uroviricota;Caudoviricetes;;
SRR2912786_112749	198	No terminal repeats	NA	1	11	0.9550	NA	1	1.7183	Viruses;Duplodnaviria;Heunggongvirae;Uroviricota;Caudoviricetes;;
SRR2912786_263587	199	No terminal repeats	NA	1	11	0.9548	NA	1	1.7183	Viruses;Duplodnaviria;Heunggongvirae;Uroviricota;Caudoviricetes;;
SRR2912786_153381	447	No terminal repeats	NA	2	11	0.9548	NA	2	3.0386	Viruses;Duplodnaviria;Heunggongvirae;Uroviricota;Caudoviricetes;;
SRR2912786_323460	139	No terminal repeats	NA	1	11	0.9548	NA	1	1.7183	Viruses;Duplodnaviria;Heunggongvirae;Uroviricota;Caudoviricetes;;
SRR2912786_7246	6254	No terminal repeats	NA	3	11	0.9547	NA	1	3.2635	Viruses;Duplodnaviria;Heunggongvirae;Uroviricota;Caudoviricetes;;
SRR2912786_64836	362	No terminal repeats	NA	1	11	0.9547	NA	1	1.7183	Viruses;Duplodnaviria;Heunggongvirae;Uroviricota;Caudoviricetes;;
SRR2912786_29508	202	No terminal repeats	NA	2	11	0.9547	NA	1	3.4366	Viruses;Duplodnaviria;Heunggongvirae;Uroviricota;Caudoviricetes;;
SRR2912786_23645	413	No terminal repeats	NA	2	11	0.9546	NA	1	3.4366	Viruses;Duplodnaviria;Heunggongvirae;Uroviricota;Caudoviricetes;;
SRR2912786_241664	174	No terminal repeats	NA	1	11	0.9544	NA	1	1.7183	Viruses;Duplodnaviria;Heunggongvirae;Uroviricota;Caudoviricetes;;
SRR2912786_47374	782	No terminal repeats	NA	1	11	0.9544	NA	1	1.7183	Viruses;Duplodnaviria;Heunggongvirae;Uroviricota;Caudoviricetes;;
SRR2912786_207481	308	No terminal repeats	NA	1	11	0.9543	NA	1	1.7183	Viruses;Duplodnaviria;Heunggongvirae;Uroviricota;Caudoviricetes;;
SRR2912786_36032	1131	No terminal repeats	NA	2	11	0.9542	NA	2	3.4366	Viruses;Duplodnaviria;Heunggongvirae;Uroviricota;Caudoviricetes;;
SRR2912786_22199	3592	No terminal repeats	NA	5	11	0.9541	NA	0	3.2913	Viruses;Duplodnaviria;Heunggongvirae;Uroviricota;Caudoviricetes;;
SRR2912786_18000	211	No terminal repeats	NA	1	11	0.9541	NA	1	1.7183	Viruses;Duplodnaviria;Heunggongvirae;Uroviricota;Caudoviricetes;;
SRR2912786_91246	329	No terminal repeats	NA	1	11	0.9540	NA	1	1.7183	Viruses;Duplodnaviria;Heunggongvirae;Uroviricota;Caudoviricetes;;
SRR2912786_75392	1609	No terminal repeats	NA	3	11	0.9540	NA	3	5.1112	Viruses;Duplodnaviria;Heunggongvirae;Uroviricota;Caudoviricetes;;
SRR2912786_10872	2521	No terminal repeats	NA	1	11	0.9537	NA	0	1.7183	Viruses;Duplodnaviria;Heunggongvirae;Uroviricota;Caudoviricetes;;
SRR2912786_18654	2507	No terminal repeats	NA	2	11	0.9536	NA	1	1.4761	Viruses;Duplodnaviria;Heunggongvirae;Uroviricota;Caudoviricetes;;
SRR2912786_2151	1279	No terminal repeats	NA	3	11	0.9535	NA	2	4.5283	Viruses;Duplodnaviria;Heunggongvirae;Uroviricota;Caudoviricetes;;
SRR2912786_52418	605	No terminal repeats	NA	2	11	0.9535	NA	1	2.7555	Viruses;Duplodnaviria;Heunggongvirae;Uroviricota;Caudoviricetes;;
SRR2912786_305170	182	No terminal repeats	NA	1	11	0.9534	NA	1	1.7183	Viruses;Duplodnaviria;Heunggongvirae;Uroviricota;Caudoviricetes;;
SRR2912786_2878	193	No terminal repeats	NA	1	11	0.9532	NA	1	1.7183	Viruses;Duplodnaviria;Heunggongvirae;Uroviricota;Caudoviricetes;;
SRR2912786_213958	201	No terminal repeats	NA	1	11	0.9528	NA	1	1.7183	Viruses;Duplodnaviria;Heunggongvirae;Uroviricota;Caudoviricetes;;
SRR2912786_271228	342	No terminal repeats	NA	1	11	0.9527	NA	1	1.7183	Viruses;Duplodnaviria;Heunggongvirae;Uroviricota;Caudoviricetes;;
SRR2912786_74583	181	No terminal repeats	NA	1	11	0.9527	NA	1	1.7183	Viruses;Duplodnaviria;Heunggongvirae;Uroviricota;Caudoviricetes;;
SRR2912786_12032	445	No terminal repeats	NA	1	11	0.9521	NA	1	1.5252	Viruses;Duplodnaviria;Heunggongvirae;Uroviricota;Caudoviricetes;;
SRR2912786_133199	224	No terminal repeats	NA	1	11	0.9520	NA	1	1.7183	Viruses;Duplodnaviria;Heunggongvirae;Uroviricota;Caudoviricetes;;
SRR2912786_122412	530	No terminal repeats	NA	1	11	0.9519	NA	1	1.7183	Viruses;Duplodnaviria;Heunggongvirae;Uroviricota;Caudoviricetes;;
SRR2912786_296849	74	No terminal repeats	NA	1	11	0.9518	NA	1	1.7183	Viruses;Duplodnaviria;Heunggongvirae;Uroviricota;Caudoviricetes;;
SRR2912786_244858	174	No terminal repeats	NA	1	11	0.9518	NA	1	1.7183	Viruses;Duplodnaviria;Heunggongvirae;Uroviricota;Caudoviricetes;;
SRR2912786_28488	1301	No terminal repeats	NA	1	11	0.9517	NA	1	1.7183	Viruses;Duplodnaviria;Heunggongvirae;Uroviricota;Caudoviricetes;;
SRR2912786_37026	257	No terminal repeats	NA	1	11	0.9516	NA	1	1.7183	Viruses;Duplodnaviria;Heunggongvirae;Uroviricota;Caudoviricetes;;
SRR2912786_206915	97	No terminal repeats	NA	1	11	0.9515	NA	1	1.7183	Viruses;Duplodnaviria;Heunggongvirae;Uroviricota;Caudoviricetes;;
SRR2912786_14733	1635	No terminal repeats	NA	5	11	0.9515	NA	1	5.1443	Viruses;Duplodnaviria;Heunggongvirae;Uroviricota;Caudoviricetes;;
SRR2912786_68490	1385	No terminal repeats	NA	2	11	0.9513	NA	1	3.3971	Viruses;Duplodnaviria;Heunggongvirae;Uroviricota;Caudoviricetes;;
SRR2912786_68731	324	No terminal repeats	NA	2	11	0.9513	NA	1	3.4366	Viruses;Duplodnaviria;Heunggongvirae;Uroviricota;Caudoviricetes;;
SRR2912786_129193	452	No terminal repeats	NA	1	11	0.9512	NA	1	1.7183	Viruses;Duplodnaviria;Heunggongvirae;Uroviricota;Caudoviricetes;;
SRR2912786_185276	1346	No terminal repeats	NA	2	11	0.9510	NA	1	3.4366	Viruses;Duplodnaviria;Heunggongvirae;Uroviricota;Caudoviricetes;;
SRR2912786_87780	551	No terminal repeats	NA	1	11	0.9509	NA	1	1.7183	Viruses;Duplodnaviria;Heunggongvirae;Uroviricota;Caudoviricetes;;
SRR2912786_280804	214	No terminal repeats	NA	1	11	0.9508	NA	1	1.7183	Viruses;Duplodnaviria;Heunggongvirae;Uroviricota;Caudoviricetes;;
SRR2912786_79153	210	No terminal repeats	NA	1	11	0.9508	NA	1	1.7183	Viruses;Duplodnaviria;Heunggongvirae;Uroviricota;Caudoviricetes;;
SRR2912786_134158	2182	No terminal repeats	NA	4	11	0.9506	NA	1	3.1132	Viruses;Duplodnaviria;Heunggongvirae;Uroviricota;Caudoviricetes;;
SRR2912786_235786	183	No terminal repeats	NA	1	11	0.9506	NA	1	1.7183	Viruses;Duplodnaviria;Heunggongvirae;Uroviricota;Caudoviricetes;;
SRR2912786_144256	354	No terminal repeats	NA	1	11	0.9502	NA	1	1.7183	Viruses;Duplodnaviria;Heunggongvirae;Uroviricota;Caudoviricetes;;
SRR2912786_205550	365	No terminal repeats	NA	1	11	0.9499	NA	1	1.7183	Viruses;Duplodnaviria;Heunggongvirae;Uroviricota;Caudoviricetes;;
SRR2912786_16466	2158	No terminal repeats	NA	2	11	0.9498	NA	2	3.2426	Viruses;Duplodnaviria;Heunggongvirae;Uroviricota;Caudoviricetes;;
SRR2912786_119427	377	No terminal repeats	NA	1	11	0.9495	NA	1	1.7183	Viruses;Duplodnaviria;Heunggongvirae;Uroviricota;Caudoviricetes;;
SRR2912786_294585	457	No terminal repeats	NA	1	11	0.9494	NA	1	1.7183	Viruses;Duplodnaviria;Heunggongvirae;Uroviricota;Caudoviricetes;;
SRR2912786_6766	905	No terminal repeats	NA	1	11	0.9494	NA	1	1.7183	Viruses;Duplodnaviria;Heunggongvirae;Uroviricota;Caudoviricetes;;
SRR2912786_81857	259	No terminal repeats	NA	1	11	0.9494	NA	1	1.7183	Viruses;Duplodnaviria;Heunggongvirae;Uroviricota;Caudoviricetes;;
SRR2912786_244593	208	No terminal repeats	NA	2	11	0.9493	NA	1	3.4366	Viruses;Duplodnaviria;Heunggongvirae;Uroviricota;Caudoviricetes;;
SRR2912786_75575	752	No terminal repeats	NA	1	11	0.9493	NA	1	1.7183	Viruses;Duplodnaviria;Heunggongvirae;Uroviricota;Caudoviricetes;;
SRR2912786_10361	175	No terminal repeats	NA	1	11	0.9489	NA	1	1.7183	Viruses;Duplodnaviria;Heunggongvirae;Uroviricota;Caudoviricetes;;
SRR2912786_51833	760	No terminal repeats	NA	2	11	0.9487	NA	1	1.5289	Viruses;Duplodnaviria;Heunggongvirae;Uroviricota;Caudoviricetes;;
SRR2912786_69139	256	No terminal repeats	NA	1	11	0.9487	NA	1	1.7183	Viruses;Duplodnaviria;Heunggongvirae;Uroviricota;Caudoviricetes;;
SRR2912786_163366	167	No terminal repeats	NA	1	11	0.9485	NA	1	1.7183	Viruses;Duplodnaviria;Heunggongvirae;Uroviricota;Caudoviricetes;;
SRR2912786_192744	335	No terminal repeats	NA	2	11	0.9485	NA	1	1.7183	Viruses;Duplodnaviria;Heunggongvirae;Uroviricota;Caudoviricetes;;
SRR2912786_113934	1533	No terminal repeats	NA	3	11	0.9485	NA	1	2.8621	Viruses;Duplodnaviria;Heunggongvirae;Uroviricota;Caudoviricetes;;
SRR2912786_163421	323	No terminal repeats	NA	1	11	0.9484	NA	1	1.7183	Viruses;Duplodnaviria;Heunggongvirae;Uroviricota;Caudoviricetes;;
SRR2912786_150505	179	No terminal repeats	NA	1	11	0.9483	NA	1	1.7183	Viruses;Duplodnaviria;Heunggongvirae;Uroviricota;Caudoviricetes;;
SRR2912786_212163	206	No terminal repeats	NA	1	11	0.9483	NA	1	1.4560	Viruses;Duplodnaviria;Heunggongvirae;Uroviricota;Caudoviricetes;;
SRR2912786_133569	173	No terminal repeats	NA	1	11	0.9481	NA	1	1.7183	Viruses;Duplodnaviria;Heunggongvirae;Uroviricota;Caudoviricetes;;
SRR2912786_18038	339	No terminal repeats	NA	1	11	0.9480	NA	1	1.7183	Viruses;Duplodnaviria;Heunggongvirae;Uroviricota;Caudoviricetes;;
SRR2912786_152605	178	No terminal repeats	NA	1	11	0.9477	NA	1	1.7183	Viruses;Duplodnaviria;Heunggongvirae;Uroviricota;Caudoviricetes;;
SRR2912786_153863	156	No terminal repeats	NA	1	11	0.9477	NA	1	1.7183	Viruses;Duplodnaviria;Heunggongvirae;Uroviricota;Caudoviricetes;;
SRR2912786_192541	167	No terminal repeats	NA	1	11	0.9477	NA	1	1.7183	Viruses;Duplodnaviria;Heunggongvirae;Uroviricota;Caudoviricetes;;
SRR2912786_310312	187	No terminal repeats	NA	1	11	0.9477	NA	1	1.7183	Viruses;Duplodnaviria;Heunggongvirae;Uroviricota;Caudoviricetes;;
SRR2912786_39757	507	No terminal repeats	NA	2	11	0.9476	NA	1	3.4366	Viruses;Duplodnaviria;Heunggongvirae;Uroviricota;Caudoviricetes;;
SRR2912786_32005	390	No terminal repeats	NA	1	11	0.9476	NA	1	1.7183	Viruses;Duplodnaviria;Heunggongvirae;Uroviricota;Caudoviricetes;;
SRR2912786_323649	157	No terminal repeats	NA	1	11	0.9475	NA	1	1.7183	Viruses;Duplodnaviria;Heunggongvirae;Uroviricota;Caudoviricetes;;
SRR2912786_208930	475	No terminal repeats	NA	1	11	0.9474	NA	1	1.2268	Viruses;Duplodnaviria;Heunggongvirae;Uroviricota;Caudoviricetes;;
SRR2912786_153827	193	No terminal repeats	NA	1	11	0.9472	NA	1	1.7183	Viruses;Duplodnaviria;Heunggongvirae;Uroviricota;Caudoviricetes;;
SRR2912786_205868	227	No terminal repeats	NA	1	11	0.9471	NA	1	1.7183	Viruses;Duplodnaviria;Heunggongvirae;Uroviricota;Caudoviricetes;;
SRR2912786_210708	160	No terminal repeats	NA	1	11	0.9471	NA	1	1.7183	Viruses;Duplodnaviria;Heunggongvirae;Uroviricota;Caudoviricetes;;
SRR2912786_200928	162	No terminal repeats	NA	1	11	0.9471	NA	1	1.4933	Viruses;Duplodnaviria;Heunggongvirae;Uroviricota;Caudoviricetes;;
SRR2912786_85539	702	No terminal repeats	NA	1	11	0.9471	NA	1	1.7183	Viruses;Duplodnaviria;Heunggongvirae;Uroviricota;Caudoviricetes;;
SRR2912786_73400	885	No terminal repeats	NA	1	11	0.9470	NA	1	1.1940	Viruses;Duplodnaviria;Heunggongvirae;Uroviricota;Caudoviricetes;;
SRR2912786_54625	714	No terminal repeats	NA	1	11	0.9470	NA	1	1.5252	Viruses;Duplodnaviria;Heunggongvirae;Uroviricota;Caudoviricetes;;
SRR2912786_11804	9236	No terminal repeats	NA	18	11	0.9470	NA	0	5.1548	Viruses;Duplodnaviria;Heunggongvirae;Uroviricota;Caudoviricetes;;
SRR2912786_29886	403	No terminal repeats	NA	1	11	0.9470	NA	1	1.7183	Viruses;Duplodnaviria;Heunggongvirae;Uroviricota;Caudoviricetes;;
SRR2912786_276309	218	No terminal repeats	NA	2	11	0.9469	NA	1	1.7183	Viruses;Duplodnaviria;Heunggongvirae;Uroviricota;Caudoviricetes;;Herelleviridae
SRR2912786_293129	244	No terminal repeats	NA	1	11	0.9469	NA	1	1.7183	Viruses;Duplodnaviria;Heunggongvirae;Uroviricota;Caudoviricetes;;
SRR2912786_2251	14538	No terminal repeats	NA	30	11	0.9467	NA	3	12.4086	Viruses;Duplodnaviria;Heunggongvirae;Uroviricota;Caudoviricetes;;
SRR2912786_2309	462	No terminal repeats	NA	1	11	0.9466	NA	1	1.7183	Viruses;Duplodnaviria;Heunggongvirae;Uroviricota;Caudoviricetes;;
SRR2912786_199538	210	No terminal repeats	NA	1	11	0.9466	NA	1	1.7183	Viruses;Duplodnaviria;Heunggongvirae;Uroviricota;Caudoviricetes;;
SRR2912786_4407	1139	No terminal repeats	NA	2	11	0.9466	NA	2	3.2346	Viruses;Duplodnaviria;Heunggongvirae;Uroviricota;Caudoviricetes;;
SRR2912786_250193	321	No terminal repeats	NA	1	11	0.9465	NA	1	1.7183	Viruses;Duplodnaviria;Heunggongvirae;Uroviricota;Caudoviricetes;;
SRR2912786_45388	3664	No terminal repeats	NA	7	11	0.9465	NA	3	10.1466	Viruses;Duplodnaviria;Heunggongvirae;Uroviricota;Caudoviricetes;;
SRR2912786_56252	324	No terminal repeats	NA	1	11	0.9464	NA	1	1.7183	Viruses;Duplodnaviria;Heunggongvirae;Uroviricota;Caudoviricetes;;
SRR2912786_10112	14676	ITR	NA	16	11	0.9461	NA	2	6.8731	Viruses;Duplodnaviria;Heunggongvirae;Uroviricota;Caudoviricetes;;
SRR2912786_208250	226	No terminal repeats	NA	1	11	0.9459	NA	1	1.7183	Viruses;Duplodnaviria;Heunggongvirae;Uroviricota;Caudoviricetes;;
SRR2912786_269256	212	No terminal repeats	NA	1	11	0.9458	NA	1	1.7183	Viruses;Duplodnaviria;Heunggongvirae;Uroviricota;Caudoviricetes;;
SRR2912786_163050	348	No terminal repeats	NA	1	4	0.9456	NA	1	1.7183	Viruses;Duplodnaviria;Heunggongvirae;Uroviricota;Caudoviricetes;;
SRR2912786_160501	304	No terminal repeats	NA	1	11	0.9456	NA	1	1.4933	Viruses;Duplodnaviria;Heunggongvirae;Uroviricota;Caudoviricetes;;
SRR2912786_167625	173	No terminal repeats	NA	1	11	0.9456	NA	1	1.7183	Viruses;Duplodnaviria;Heunggongvirae;Uroviricota;Caudoviricetes;;
SRR2912786_127249	183	No terminal repeats	NA	1	11	0.9454	NA	1	1.7183	Viruses;Duplodnaviria;Heunggongvirae;Uroviricota;Caudoviricetes;;
SRR2912786_147272	217	No terminal repeats	NA	1	11	0.9453	NA	1	1.7183	Unclassified
SRR2912786_49929	283	No terminal repeats	NA	1	11	0.9450	NA	1	1.7183	Viruses;Duplodnaviria;Heunggongvirae;Uroviricota;Caudoviricetes;;
SRR2912786_16558	3079	No terminal repeats	NA	6	11	0.9449	NA	1	3.4340	Viruses;Duplodnaviria;Heunggongvirae;Uroviricota;Caudoviricetes;;
SRR2912786_7472	1531	No terminal repeats	NA	2	11	0.9448	NA	2	2.7698	Viruses;Duplodnaviria;Heunggongvirae;Uroviricota;Caudoviricetes;;
SRR2912786_93974	336	No terminal repeats	NA	2	11	0.9446	NA	1	1.4667	Viruses;Duplodnaviria;Heunggongvirae;Uroviricota;Caudoviricetes;;
SRR2912786_78382	226	No terminal repeats	NA	2	11	0.9445	NA	2	3.4366	Viruses;Duplodnaviria;Heunggongvirae;Uroviricota;Caudoviricetes;;
SRR2912786_322739	134	No terminal repeats	NA	1	11	0.9444	NA	1	1.7183	Viruses;Duplodnaviria;Heunggongvirae;Uroviricota;Caudoviricetes;;
SRR2912786_46797	1950	No terminal repeats	NA	1	11	0.9443	NA	1	1.7183	Viruses;Duplodnaviria;Heunggongvirae;Uroviricota;Caudoviricetes;;
SRR2912786_14861	5731	No terminal repeats	NA	7	11	0.9443	NA	1	2.5064	Viruses;Duplodnaviria;Heunggongvirae;Uroviricota;Caudoviricetes;;
SRR2912786_14621	5056	No terminal repeats	NA	6	11	0.9440	NA	0	5.6554	Viruses;Duplodnaviria;Heunggongvirae;Uroviricota;Caudoviricetes;;
SRR2912786_143861	454	No terminal repeats	NA	2	11	0.9439	NA	1	3.4366	Viruses;Duplodnaviria;Heunggongvirae;Uroviricota;Caudoviricetes;;
SRR2912786_179107	552	No terminal repeats	NA	1	11	0.9439	NA	1	1.4429	Viruses;Duplodnaviria;Heunggongvirae;Uroviricota;Caudoviricetes;;
SRR2912786_320566	232	No terminal repeats	NA	1	11	0.9438	NA	1	1.7183	Viruses;Duplodnaviria;Heunggongvirae;Uroviricota;Caudoviricetes;;
SRR2912786_210827	1788	No terminal repeats	NA	5	11	0.9437	NA	2	8.3891	Viruses;Duplodnaviria;Heunggongvirae;Uroviricota;Caudoviricetes;;
SRR2912786_131313	894	No terminal repeats	NA	3	11	0.9436	NA	1	3.4355	Viruses;Duplodnaviria;Heunggongvirae;Uroviricota;Caudoviricetes;;
SRR2912786_136621	565	No terminal repeats	NA	2	11	0.9433	NA	1	2.9561	Viruses;Duplodnaviria;Heunggongvirae;Uroviricota;Caudoviricetes;;
SRR2912786_188869	117	No terminal repeats	NA	1	11	0.9433	NA	1	1.7183	Viruses;Duplodnaviria;Heunggongvirae;Uroviricota;Caudoviricetes;;
SRR2912786_154662	398	No terminal repeats	NA	2	11	0.9432	NA	1	3.4366	Viruses;Duplodnaviria;Heunggongvirae;Uroviricota;Caudoviricetes;;
SRR2912786_323461	136	No terminal repeats	NA	1	11	0.9432	NA	1	1.7183	Viruses;Duplodnaviria;Heunggongvirae;Uroviricota;Caudoviricetes;;
SRR2912786_38912	6176	No terminal repeats	NA	8	11	0.9431	NA	4	7.7526	Viruses;Duplodnaviria;Heunggongvirae;Uroviricota;Caudoviricetes;;
SRR2912786_46603	403	No terminal repeats	NA	1	11	0.9430	NA	1	1.7183	Viruses;Duplodnaviria;Heunggongvirae;Uroviricota;Caudoviricetes;;
SRR2912786_104936	1233	No terminal repeats	NA	1	11	0.9429	NA	1	1.7183	Viruses;Duplodnaviria;Heunggongvirae;Uroviricota;Caudoviricetes;;
SRR2912786_21351	2766	No terminal repeats	NA	2	11	0.9427	NA	0	1.7183	Viruses;Duplodnaviria;Heunggongvirae;Uroviricota;Caudoviricetes;;
SRR2912786_267205	159	No terminal repeats	NA	1	11	0.9419	NA	1	1.7183	Viruses;Duplodnaviria;Heunggongvirae;Uroviricota;Caudoviricetes;;
SRR2912786_177143	225	No terminal repeats	NA	1	11	0.9418	NA	1	1.7183	Viruses;Duplodnaviria;Heunggongvirae;Uroviricota;Caudoviricetes;;
SRR2912786_160910	156	No terminal repeats	NA	1	11	0.9417	NA	1	1.7183	Viruses;Duplodnaviria;Heunggongvirae;Uroviricota;Caudoviricetes;;
SRR2912786_326493	154	No terminal repeats	NA	2	11	0.9417	NA	1	1.7183	Viruses;Duplodnaviria;Heunggongvirae;Uroviricota;Caudoviricetes;;
SRR2912786_123054	223	No terminal repeats	NA	1	11	0.9416	NA	1	1.7183	Viruses;Duplodnaviria;Heunggongvirae;Uroviricota;Caudoviricetes;;
SRR2912786_261118	264	No terminal repeats	NA	1	11	0.9415	NA	1	1.7183	Viruses;Duplodnaviria;Heunggongvirae;Uroviricota;Caudoviricetes;;
SRR2912786_758	1083	No terminal repeats	NA	2	11	0.9413	NA	1	2.0959	Viruses;Duplodnaviria;Heunggongvirae;Uroviricota;Caudoviricetes;;
SRR2912786_41878	1791	No terminal repeats	NA	1	11	0.9413	NA	1	1.1733	Viruses;Duplodnaviria;Heunggongvirae;Uroviricota;Caudoviricetes;;
SRR2912786_33415	3332	No terminal repeats	NA	5	11	0.9412	NA	1	3.4366	Viruses;Duplodnaviria;Heunggongvirae;Uroviricota;Caudoviricetes;;
SRR2912786_45401	1791	No terminal repeats	NA	4	11	0.9411	NA	1	5.1320	Viruses;Duplodnaviria;Heunggongvirae;Uroviricota;Caudoviricetes;;
SRR2912786_304639	199	No terminal repeats	NA	1	11	0.9408	NA	1	1.7183	Viruses;Duplodnaviria;Heunggongvirae;Uroviricota;Caudoviricetes;;
SRR2912786_109601	436	No terminal repeats	NA	2	11	0.9408	NA	1	1.5151	Viruses;Duplodnaviria;Heunggongvirae;Uroviricota;Caudoviricetes;;
SRR2912786_146396	825	No terminal repeats	NA	1	11	0.9407	NA	1	1.7183	Viruses;Duplodnaviria;Heunggongvirae;Uroviricota;Caudoviricetes;;
SRR2912786_254959	289	No terminal repeats	NA	1	11	0.9405	NA	1	1.7183	Viruses;Duplodnaviria;Heunggongvirae;Uroviricota;Caudoviricetes;;
SRR2912786_64719	1052	No terminal repeats	NA	3	11	0.9405	NA	1	3.0403	Viruses;Duplodnaviria;Heunggongvirae;Uroviricota;Caudoviricetes;;
SRR2912786_32652	1254	No terminal repeats	NA	4	11	0.9404	NA	1	5.1237	Viruses;Duplodnaviria;Heunggongvirae;Uroviricota;Caudoviricetes;;
SRR2912786_49093	1462	No terminal repeats	NA	2	11	0.9403	NA	1	2.8205	Viruses;Duplodnaviria;Heunggongvirae;Uroviricota;Caudoviricetes;;
SRR2912786_265780	467	No terminal repeats	NA	1	11	0.9397	NA	1	1.4429	Viruses;Duplodnaviria;Heunggongvirae;Uroviricota;Caudoviricetes;;
SRR2912786_1087	51788	No terminal repeats	NA	80	11	0.9397	NA	14	46.2400	Viruses;Duplodnaviria;Heunggongvirae;Uroviricota;Caudoviricetes;;
SRR2912786_205346	566	No terminal repeats	NA	1	11	0.9397	NA	1	1.7183	Viruses;Duplodnaviria;Heunggongvirae;Uroviricota;Caudoviricetes;;
SRR2912786_132378	215	No terminal repeats	NA	1	11	0.9395	NA	1	1.7183	Viruses;Duplodnaviria;Heunggongvirae;Uroviricota;Caudoviricetes;;
SRR2912786_196987	514	No terminal repeats	NA	1	11	0.9394	NA	1	1.7183	Viruses;Duplodnaviria;Heunggongvirae;Uroviricota;Caudoviricetes;;
SRR2912786_209552	201	No terminal repeats	NA	1	11	0.9392	NA	1	1.7183	Viruses;Duplodnaviria;Heunggongvirae;Uroviricota;Caudoviricetes;;
SRR2912786_97748	167	No terminal repeats	NA	1	11	0.9390	NA	1	1.7183	Viruses;Duplodnaviria;Heunggongvirae;Uroviricota;Caudoviricetes;;
SRR2912786_21256	2507	No terminal repeats	NA	4	11	0.9387	NA	0	2.9663	Viruses;Duplodnaviria;Heunggongvirae;Uroviricota;Caudoviricetes;;
SRR2912786_139461	215	No terminal repeats	NA	1	11	0.9386	NA	1	1.4667	Viruses;Duplodnaviria;Heunggongvirae;Uroviricota;Caudoviricetes;;
SRR2912786_326|provirus_6416_20088	13673	Provirus	6416-20088	22	11	0.9383	NA	10	20.5653	Viruses;Duplodnaviria;Heunggongvirae;Uroviricota;Caudoviricetes;;
SRR2912786_205634	262	No terminal repeats	NA	1	11	0.9382	NA	1	1.7183	Viruses;Duplodnaviria;Heunggongvirae;Uroviricota;Caudoviricetes;;
SRR2912786_129715	194	No terminal repeats	NA	1	11	0.9379	NA	1	1.7183	Unclassified
SRR2912786_29848	1119	No terminal repeats	NA	2	11	0.9378	NA	1	3.4366	Viruses;Duplodnaviria;Heunggongvirae;Uroviricota;Caudoviricetes;;
SRR2912786_2362	5678	No terminal repeats	NA	5	11	0.9376	NA	2	2.9442	Viruses;Duplodnaviria;Heunggongvirae;Uroviricota;Caudoviricetes;;
SRR2912786_31681	270	No terminal repeats	NA	1	11	0.9376	NA	1	1.7183	Viruses;Duplodnaviria;Heunggongvirae;Uroviricota;Caudoviricetes;;
SRR2912786_231367	332	No terminal repeats	NA	1	11	0.9375	NA	1	1.7183	Viruses;Duplodnaviria;Heunggongvirae;Uroviricota;Caudoviricetes;;
SRR2912786_176743	157	No terminal repeats	NA	1	11	0.9373	NA	1	1.7183	Viruses;Duplodnaviria;Heunggongvirae;Uroviricota;Caudoviricetes;;
SRR2912786_207982	292	No terminal repeats	NA	1	11	0.9372	NA	1	1.7183	Viruses;Duplodnaviria;Heunggongvirae;Uroviricota;Caudoviricetes;;
SRR2912786_183766	276	No terminal repeats	NA	1	11	0.9372	NA	1	1.7183	Viruses;Duplodnaviria;Heunggongvirae;Uroviricota;Caudoviricetes;;
SRR2912786_144946	651	No terminal repeats	NA	2	11	0.9372	NA	2	3.4366	Viruses;Duplodnaviria;Heunggongvirae;Uroviricota;Caudoviricetes;;
SRR2912786_11161	678	No terminal repeats	NA	2	11	0.9371	NA	2	2.7848	Viruses;Duplodnaviria;Heunggongvirae;Uroviricota;Caudoviricetes;;
SRR2912786_161387	153	No terminal repeats	NA	1	11	0.9371	NA	1	1.7183	Viruses;Duplodnaviria;Heunggongvirae;Uroviricota;Caudoviricetes;;
SRR2912786_12652	3874	No terminal repeats	NA	7	11	0.9368	NA	0	7.5231	Viruses;Duplodnaviria;Heunggongvirae;Uroviricota;Caudoviricetes;;
SRR2912786_311094	228	No terminal repeats	NA	1	11	0.9367	NA	1	1.7183	Viruses;Duplodnaviria;Heunggongvirae;Uroviricota;Caudoviricetes;;
SRR2912786_195217	220	No terminal repeats	NA	2	11	0.9367	NA	1	3.4022	Viruses;Duplodnaviria;Heunggongvirae;Uroviricota;Caudoviricetes;;
SRR2912786_214816	228	No terminal repeats	NA	1	11	0.9366	NA	1	1.7183	Viruses;Duplodnaviria;Heunggongvirae;Uroviricota;Caudoviricetes;;
SRR2912786_66711	4039	No terminal repeats	NA	12	11	0.9366	NA	1	4.1756	Viruses;Duplodnaviria;Heunggongvirae;Uroviricota;Caudoviricetes;;
SRR2912786_93446	1012	No terminal repeats	NA	2	11	0.9365	NA	1	3.0931	Viruses;Duplodnaviria;Heunggongvirae;Uroviricota;Caudoviricetes;;
SRR2912786_170268	520	No terminal repeats	NA	1	11	0.9364	NA	1	1.5055	Viruses;Duplodnaviria;Heunggongvirae;Uroviricota;Caudoviricetes;;
SRR2912786_284470	229	No terminal repeats	NA	1	11	0.9364	NA	1	1.7183	Viruses;Duplodnaviria;Heunggongvirae;Uroviricota;Caudoviricetes;;
SRR2912786_28689	243	No terminal repeats	NA	1	11	0.9363	NA	1	1.7183	Viruses;Duplodnaviria;Heunggongvirae;Uroviricota;Caudoviricetes;;
SRR2912786_208991	374	No terminal repeats	NA	1	11	0.9361	NA	1	1.7183	Viruses;Duplodnaviria;Heunggongvirae;Uroviricota;Caudoviricetes;;
SRR2912786_224180	249	No terminal repeats	NA	2	11	0.9360	NA	1	3.1188	Viruses;Duplodnaviria;Heunggongvirae;Uroviricota;Caudoviricetes;;
SRR2912786_314109	292	No terminal repeats	NA	1	11	0.9355	NA	1	1.4583	Viruses;Duplodnaviria;Heunggongvirae;Uroviricota;Caudoviricetes;;
SRR2912786_131165	632	No terminal repeats	NA	2	11	0.9355	NA	2	3.4366	Viruses;Duplodnaviria;Heunggongvirae;Uroviricota;Caudoviricetes;;
SRR2912786_145434	157	No terminal repeats	NA	1	11	0.9353	NA	1	1.4698	Viruses;Duplodnaviria;Heunggongvirae;Uroviricota;Caudoviricetes;;
SRR2912786_139947	449	No terminal repeats	NA	1	11	0.9353	NA	1	1.7183	Viruses;Duplodnaviria;Heunggongvirae;Uroviricota;Caudoviricetes;;
SRR2912786_271260	290	No terminal repeats	NA	1	11	0.9350	NA	1	1.7183	Viruses;Duplodnaviria;Heunggongvirae;Uroviricota;Caudoviricetes;;
SRR2912786_290960	220	No terminal repeats	NA	1	11	0.9349	NA	1	1.4188	Viruses;Monodnaviria;Loebvirae;Hofneiviricota;Faserviricetes;Tubulavirales;Inoviridae
SRR2912786_82777	270	No terminal repeats	NA	1	11	0.9346	NA	1	1.7183	Viruses;Duplodnaviria;Heunggongvirae;Uroviricota;Caudoviricetes;;
SRR2912786_197584	391	No terminal repeats	NA	2	11	0.9345	NA	1	1.7183	Viruses;Duplodnaviria;Heunggongvirae;Uroviricota;Caudoviricetes;;
SRR2912786_125854	202	No terminal repeats	NA	2	11	0.9344	NA	1	3.4366	Viruses;Duplodnaviria;Heunggongvirae;Uroviricota;Caudoviricetes;;
SRR2912786_75968	668	No terminal repeats	NA	2	11	0.9344	NA	1	3.4263	Viruses;Duplodnaviria;Heunggongvirae;Uroviricota;Caudoviricetes;;
SRR2912786_39966	1096	No terminal repeats	NA	3	11	0.9344	NA	1	2.8804	Viruses;Duplodnaviria;Heunggongvirae;Uroviricota;Caudoviricetes;;
SRR2912786_93601	513	No terminal repeats	NA	1	11	0.9343	NA	1	1.7183	Viruses;Duplodnaviria;Heunggongvirae;Uroviricota;Caudoviricetes;;
SRR2912786_55573	2741	No terminal repeats	NA	4	11	0.9343	NA	0	4.6953	Viruses;Duplodnaviria;Heunggongvirae;Uroviricota;Caudoviricetes;;
SRR2912786_75106	1543	No terminal repeats	NA	2	11	0.9342	NA	1	1.9210	Viruses;Duplodnaviria;Heunggongvirae;Uroviricota;Caudoviricetes;;
SRR2912786_151060	287	No terminal repeats	NA	1	11	0.9341	NA	1	1.5046	Viruses;Duplodnaviria;Heunggongvirae;Uroviricota;Caudoviricetes;;
SRR2912786_105770	619	No terminal repeats	NA	2	11	0.9341	NA	2	3.4366	Viruses;Duplodnaviria;Heunggongvirae;Uroviricota;Caudoviricetes;;
SRR2912786_179074	203	No terminal repeats	NA	1	11	0.9338	NA	1	1.7183	Viruses;Duplodnaviria;Heunggongvirae;Uroviricota;Caudoviricetes;;
SRR2912786_93156	380	No terminal repeats	NA	1	11	0.9337	NA	1	1.7183	Viruses;Duplodnaviria;Heunggongvirae;Uroviricota;Caudoviricetes;;
SRR2912786_67559	191	No terminal repeats	NA	1	11	0.9337	NA	1	1.7183	Viruses;Duplodnaviria;Heunggongvirae;Uroviricota;Caudoviricetes;;
SRR2912786_63025	1439	No terminal repeats	NA	2	11	0.9336	NA	1	3.4366	Viruses;Duplodnaviria;Heunggongvirae;Uroviricota;Caudoviricetes;;
SRR2912786_286418	425	No terminal repeats	NA	1	11	0.9335	NA	1	1.7183	Viruses;Duplodnaviria;Heunggongvirae;Uroviricota;Caudoviricetes;;
SRR2912786_228715	327	No terminal repeats	NA	1	11	0.9334	NA	1	1.7183	Viruses;Duplodnaviria;Heunggongvirae;Uroviricota;Caudoviricetes;;
SRR2912786_197931	316	No terminal repeats	NA	1	11	0.9329	NA	1	1.4692	Viruses;Duplodnaviria;Heunggongvirae;Uroviricota;Caudoviricetes;;
SRR2912786_157517	813	No terminal repeats	NA	2	11	0.9327	NA	2	3.1184	Viruses;Duplodnaviria;Heunggongvirae;Uroviricota;Caudoviricetes;;
SRR2912786_96727	943	No terminal repeats	NA	2	11	0.9327	NA	2	2.9743	Viruses;Duplodnaviria;Heunggongvirae;Uroviricota;Caudoviricetes;;
SRR2912786_166680	669	No terminal repeats	NA	2	11	0.9326	NA	1	1.7183	Viruses;Duplodnaviria;Heunggongvirae;Uroviricota;Caudoviricetes;;
SRR2912786_269350	423	No terminal repeats	NA	1	11	0.9324	NA	1	1.7183	Viruses;Duplodnaviria;Heunggongvirae;Uroviricota;Caudoviricetes;;
SRR2912786_191914	215	No terminal repeats	NA	2	11	0.9323	NA	1	1.7183	Viruses;Duplodnaviria;Heunggongvirae;Uroviricota;Caudoviricetes;;
SRR2912786_62546	517	No terminal repeats	NA	1	11	0.9322	NA	1	1.7183	Viruses;Duplodnaviria;Heunggongvirae;Uroviricota;Caudoviricetes;;
SRR2912786_152156	390	No terminal repeats	NA	1	11	0.9320	NA	1	1.7183	Unclassified
SRR2912786_2804	15163	No terminal repeats	NA	21	11	0.9319	NA	0	5.8661	Viruses;Duplodnaviria;Heunggongvirae;Uroviricota;Caudoviricetes;;
SRR2912786_227469	535	No terminal repeats	NA	1	11	0.9319	NA	1	1.7183	Viruses;Duplodnaviria;Heunggongvirae;Uroviricota;Caudoviricetes;;
SRR2912786_33632	819	No terminal repeats	NA	2	11	0.9311	NA	1	3.4366	Viruses;Duplodnaviria;Heunggongvirae;Uroviricota;Caudoviricetes;;
SRR2912786_109804	414	No terminal repeats	NA	1	11	0.9310	NA	1	1.7183	Viruses;Duplodnaviria;Heunggongvirae;Uroviricota;Caudoviricetes;;
SRR2912786_270394	120	No terminal repeats	NA	1	11	0.9307	NA	1	1.4287	Viruses;Duplodnaviria;Heunggongvirae;Uroviricota;Caudoviricetes;;
SRR2912786_15623	639	No terminal repeats	NA	1	11	0.9307	NA	1	0.9967	Viruses;Monodnaviria;Loebvirae;Hofneiviricota;Faserviricetes;Tubulavirales;Inoviridae
SRR2912786_311381	158	No terminal repeats	NA	1	11	0.9305	NA	1	1.7183	Viruses;Duplodnaviria;Heunggongvirae;Uroviricota;Caudoviricetes;;
SRR2912786_157226	157	No terminal repeats	NA	1	15	0.9304	NA	1	1.7183	Viruses;Duplodnaviria;Heunggongvirae;Uroviricota;Caudoviricetes;;
SRR2912786_117092	254	No terminal repeats	NA	1	11	0.9304	NA	1	1.7183	Viruses;Duplodnaviria;Heunggongvirae;Uroviricota;Caudoviricetes;;
SRR2912786_69959	396	No terminal repeats	NA	2	11	0.9301	NA	1	3.0223	Viruses;Duplodnaviria;Heunggongvirae;Uroviricota;Caudoviricetes;;
SRR2912786_29153	1120	No terminal repeats	NA	2	11	0.9300	NA	1	2.4585	Viruses;Duplodnaviria;Heunggongvirae;Uroviricota;Caudoviricetes;;
SRR2912786_57197	281	No terminal repeats	NA	1	11	0.9300	NA	1	1.7183	Viruses;Duplodnaviria;Heunggongvirae;Uroviricota;Caudoviricetes;;
SRR2912786_275964	197	No terminal repeats	NA	1	11	0.9299	NA	1	1.7183	Viruses;Duplodnaviria;Heunggongvirae;Uroviricota;Caudoviricetes;;
SRR2912786_45129	1604	No terminal repeats	NA	4	11	0.9294	NA	1	3.3464	Viruses;Duplodnaviria;Heunggongvirae;Uroviricota;Caudoviricetes;;
SRR2912786_178095	225	No terminal repeats	NA	1	11	0.9293	NA	1	1.7183	Viruses;Duplodnaviria;Heunggongvirae;Uroviricota;Caudoviricetes;;
SRR2912786_340323	167	No terminal repeats	NA	1	11	0.9292	NA	1	1.7183	Viruses;Duplodnaviria;Heunggongvirae;Uroviricota;Caudoviricetes;;
SRR2912786_157151	240	No terminal repeats	NA	1	11	0.9290	NA	1	1.7183	Viruses;Duplodnaviria;Heunggongvirae;Uroviricota;Caudoviricetes;;
SRR2912786_207517	492	No terminal repeats	NA	2	11	0.9287	NA	1	1.7183	Viruses;Duplodnaviria;Heunggongvirae;Uroviricota;Caudoviricetes;;
SRR2912786_7838	199	No terminal repeats	NA	1	11	0.9286	NA	1	1.7183	Viruses;Duplodnaviria;Heunggongvirae;Uroviricota;Caudoviricetes;;
SRR2912786_12690	740	No terminal repeats	NA	1	11	0.9286	NA	1	1.7183	Viruses;Duplodnaviria;Heunggongvirae;Uroviricota;Caudoviricetes;;
SRR2912786_14128	6371	No terminal repeats	NA	8	11	0.9285	NA	3	9.7842	Viruses;Duplodnaviria;Heunggongvirae;Uroviricota;Caudoviricetes;;
SRR2912786_63905	1314	No terminal repeats	NA	2	11	0.9284	NA	2	3.4366	Viruses;Duplodnaviria;Heunggongvirae;Uroviricota;Caudoviricetes;;
SRR2912786_132972	166	No terminal repeats	NA	1	11	0.9283	NA	1	1.7183	Viruses;Duplodnaviria;Heunggongvirae;Uroviricota;Caudoviricetes;;
SRR2912786_256607	161	No terminal repeats	NA	1	11	0.9280	NA	1	1.3422	Viruses;Duplodnaviria;Heunggongvirae;Uroviricota;Caudoviricetes;;
SRR2912786_155130	277	No terminal repeats	NA	1	11	0.9279	NA	1	1.7183	Viruses;Duplodnaviria;Heunggongvirae;Uroviricota;Caudoviricetes;;
SRR2912786_45954	1629	No terminal repeats	NA	2	11	0.9275	NA	1	3.4112	Viruses;Duplodnaviria;Heunggongvirae;Uroviricota;Caudoviricetes;;
SRR2912786_151455	983	No terminal repeats	NA	1	11	0.9275	NA	1	1.2336	Viruses;Duplodnaviria;Heunggongvirae;Uroviricota;Caudoviricetes;;
SRR2912786_287527	267	No terminal repeats	NA	1	11	0.9273	NA	1	1.7183	Viruses;Duplodnaviria;Heunggongvirae;Uroviricota;Caudoviricetes;;
SRR2912786_125060	278	No terminal repeats	NA	1	11	0.9270	NA	1	1.7183	Viruses;Duplodnaviria;Heunggongvirae;Uroviricota;Caudoviricetes;;
SRR2912786_22454	397	No terminal repeats	NA	2	11	0.9269	NA	1	1.7183	Viruses;Duplodnaviria;Heunggongvirae;Uroviricota;Caudoviricetes;;
SRR2912786_108595	565	No terminal repeats	NA	2	11	0.9267	NA	1	2.3087	Viruses;Duplodnaviria;Heunggongvirae;Uroviricota;Caudoviricetes;;
SRR2912786_241322	298	No terminal repeats	NA	1	11	0.9267	NA	1	1.7183	Viruses;Duplodnaviria;Heunggongvirae;Uroviricota;Caudoviricetes;;
SRR2912786_110589	513	No terminal repeats	NA	1	11	0.9265	NA	1	1.7183	Viruses;Duplodnaviria;Heunggongvirae;Uroviricota;Caudoviricetes;;
SRR2912786_57432	3604	No terminal repeats	NA	4	11	0.9264	NA	1	2.8813	Viruses;Duplodnaviria;Heunggongvirae;Uroviricota;Caudoviricetes;;
SRR2912786_12980	8473	No terminal repeats	NA	11	11	0.9263	NA	2	4.4951	Viruses;Duplodnaviria;Heunggongvirae;Uroviricota;Caudoviricetes;;
SRR2912786_195548	432	No terminal repeats	NA	1	11	0.9262	NA	1	1.7183	Viruses;Duplodnaviria;Heunggongvirae;Uroviricota;Caudoviricetes;;
SRR2912786_55979	109	No terminal repeats	NA	1	11	0.9258	NA	1	1.7183	Viruses;Duplodnaviria;Heunggongvirae;Uroviricota;Caudoviricetes;;
SRR2912786_191277	117	No terminal repeats	NA	1	11	0.9258	NA	1	1.7183	Viruses;Duplodnaviria;Heunggongvirae;Uroviricota;Caudoviricetes;;
SRR2912786_281701	252	No terminal repeats	NA	1	11	0.9253	NA	1	1.3293	Viruses;Duplodnaviria;Heunggongvirae;Uroviricota;Caudoviricetes;;
SRR2912786_116490	670	No terminal repeats	NA	1	11	0.9253	NA	1	1.0514	Viruses;Duplodnaviria;Heunggongvirae;Uroviricota;Caudoviricetes;;
SRR2912786_269667	157	No terminal repeats	NA	1	11	0.9252	NA	1	1.7183	Viruses;Duplodnaviria;Heunggongvirae;Uroviricota;Caudoviricetes;;
SRR2912786_64420	1456	No terminal repeats	NA	4	11	0.9249	NA	1	3.0491	Viruses;Duplodnaviria;Heunggongvirae;Uroviricota;Caudoviricetes;;
SRR2912786_317772	252	No terminal repeats	NA	1	11	0.9249	NA	1	1.7183	Viruses;Duplodnaviria;Heunggongvirae;Uroviricota;Caudoviricetes;;
SRR2912786_127236	423	No terminal repeats	NA	1	11	0.9246	NA	1	1.7183	Viruses;Duplodnaviria;Heunggongvirae;Uroviricota;Caudoviricetes;;
SRR2912786_140457	414	No terminal repeats	NA	2	11	0.9246	NA	1	1.4598	Viruses;Duplodnaviria;Heunggongvirae;Uroviricota;Caudoviricetes;;
SRR2912786_149593	317	No terminal repeats	NA	1	11	0.9244	NA	1	1.7183	Viruses;Duplodnaviria;Heunggongvirae;Uroviricota;Caudoviricetes;;
SRR2912786_201001	173	No terminal repeats	NA	1	11	0.9242	NA	1	1.7183	Viruses;Duplodnaviria;Heunggongvirae;Uroviricota;Caudoviricetes;;
SRR2912786_175956	1253	No terminal repeats	NA	4	11	0.9239	NA	1	4.9202	Viruses;Duplodnaviria;Heunggongvirae;Uroviricota;Caudoviricetes;;
SRR2912786_21418	3528	No terminal repeats	NA	2	11	0.9239	NA	0	3.4366	Viruses;Duplodnaviria;Heunggongvirae;Uroviricota;Caudoviricetes;;
SRR2912786_111127	517	No terminal repeats	NA	2	11	0.9239	NA	1	1.7183	Viruses;Duplodnaviria;Heunggongvirae;Uroviricota;Caudoviricetes;;
SRR2912786_171346	223	No terminal repeats	NA	1	11	0.9237	NA	1	1.7183	Viruses;Duplodnaviria;Heunggongvirae;Uroviricota;Caudoviricetes;;
SRR2912786_84997	743	No terminal repeats	NA	2	11	0.9231	NA	2	3.4366	Viruses;Duplodnaviria;Heunggongvirae;Uroviricota;Caudoviricetes;;
SRR2912786_162878	542	No terminal repeats	NA	2	11	0.9228	NA	1	1.4488	Viruses;Duplodnaviria;Heunggongvirae;Uroviricota;Caudoviricetes;;
SRR2912786_120437	250	No terminal repeats	NA	2	11	0.9227	NA	1	1.7099	Viruses;Duplodnaviria;Heunggongvirae;Uroviricota;Caudoviricetes;;
SRR2912786_183429	331	No terminal repeats	NA	2	11	0.9227	NA	1	3.4366	Viruses;Duplodnaviria;Heunggongvirae;Uroviricota;Caudoviricetes;;
SRR2912786_191677	365	No terminal repeats	NA	2	11	0.9225	NA	1	1.1867	Viruses;Duplodnaviria;Heunggongvirae;Uroviricota;Caudoviricetes;;
SRR2912786_149577	382	No terminal repeats	NA	1	11	0.9225	NA	1	1.3786	Viruses;Duplodnaviria;Heunggongvirae;Uroviricota;Caudoviricetes;;
SRR2912786_138362	437	No terminal repeats	NA	1	11	0.9224	NA	1	1.7183	Viruses;Duplodnaviria;Heunggongvirae;Uroviricota;Caudoviricetes;;
SRR2912786_57031	1795	No terminal repeats	NA	3	11	0.9224	NA	1	1.7183	Viruses;Duplodnaviria;Heunggongvirae;Uroviricota;Caudoviricetes;;
SRR2912786_26904	1137	No terminal repeats	NA	2	11	0.9223	NA	1	3.1473	Viruses;Duplodnaviria;Heunggongvirae;Uroviricota;Caudoviricetes;;
SRR2912786_142353	650	No terminal repeats	NA	1	11	0.9222	NA	1	1.7183	Viruses;Duplodnaviria;Heunggongvirae;Uroviricota;Caudoviricetes;;
SRR2912786_212078	208	No terminal repeats	NA	1	11	0.9220	NA	1	1.7183	Viruses;Duplodnaviria;Heunggongvirae;Uroviricota;Caudoviricetes;;
SRR2912786_134211	226	No terminal repeats	NA	1	11	0.9218	NA	1	1.7183	Viruses;Duplodnaviria;Heunggongvirae;Uroviricota;Caudoviricetes;;
SRR2912786_66125	1757	No terminal repeats	NA	5	11	0.9218	NA	1	6.1058	Viruses;Duplodnaviria;Heunggongvirae;Uroviricota;Caudoviricetes;;
SRR2912786_213173	814	No terminal repeats	NA	2	11	0.9217	NA	1	1.2511	Viruses;Duplodnaviria;Heunggongvirae;Uroviricota;Caudoviricetes;;
SRR2912786_54055	200	No terminal repeats	NA	1	11	0.9216	NA	1	1.7183	Viruses;Duplodnaviria;Heunggongvirae;Uroviricota;Caudoviricetes;;
SRR2912786_208186	306	No terminal repeats	NA	1	11	0.9212	NA	1	1.3014	Viruses;Duplodnaviria;Heunggongvirae;Uroviricota;Caudoviricetes;;
SRR2912786_37143	999	No terminal repeats	NA	2	11	0.9212	NA	2	3.3152	Viruses;Duplodnaviria;Heunggongvirae;Uroviricota;Caudoviricetes;;
SRR2912786_228551	360	No terminal repeats	NA	1	11	0.9211	NA	1	1.4188	Viruses;Monodnaviria;Loebvirae;Hofneiviricota;Faserviricetes;Tubulavirales;Inoviridae
SRR2912786_11625	2563	No terminal repeats	NA	2	11	0.9209	NA	0	1.7166	Viruses;Duplodnaviria;Heunggongvirae;Uroviricota;Caudoviricetes;;
SRR2912786_93869	1682	No terminal repeats	NA	2	11	0.9208	NA	2	3.2204	Viruses;Duplodnaviria;Heunggongvirae;Uroviricota;Caudoviricetes;;
SRR2912786_146483	246	No terminal repeats	NA	2	11	0.9207	NA	1	1.7183	Viruses;Duplodnaviria;Heunggongvirae;Uroviricota;Caudoviricetes;;
SRR2912786_178259	1545	No terminal repeats	NA	2	11	0.9205	NA	1	1.7183	Viruses;Duplodnaviria;Heunggongvirae;Uroviricota;Caudoviricetes;;
SRR2912786_299551	245	No terminal repeats	NA	1	11	0.9201	NA	1	1.6517	Viruses;Duplodnaviria;Heunggongvirae;Uroviricota;Caudoviricetes;;
SRR2912786_283727	150	No terminal repeats	NA	1	11	0.9198	NA	1	1.4287	Viruses;Duplodnaviria;Heunggongvirae;Uroviricota;Caudoviricetes;;
SRR2912786_51539	203	No terminal repeats	NA	1	11	0.9194	NA	1	1.7162	Viruses;Duplodnaviria;Heunggongvirae;Uroviricota;Caudoviricetes;;
SRR2912786_88776	1091	No terminal repeats	NA	3	11	0.9194	NA	1	3.9411	Viruses;Duplodnaviria;Heunggongvirae;Uroviricota;Caudoviricetes;;
SRR2912786_225131	423	No terminal repeats	NA	2	11	0.9192	NA	1	1.7183	Viruses;Duplodnaviria;Heunggongvirae;Uroviricota;Caudoviricetes;;
SRR2912786_2614	291	No terminal repeats	NA	1	11	0.9191	NA	1	1.7183	Viruses;Duplodnaviria;Heunggongvirae;Uroviricota;Caudoviricetes;;
SRR2912786_270145	254	No terminal repeats	NA	1	11	0.9183	NA	1	1.7183	Viruses;Duplodnaviria;Heunggongvirae;Uroviricota;Caudoviricetes;;
SRR2912786_84947	2082	No terminal repeats	NA	4	11	0.9183	NA	2	4.3189	Viruses;Duplodnaviria;Heunggongvirae;Uroviricota;Caudoviricetes;;
SRR2912786_13187	3280	No terminal repeats	NA	3	11	0.9183	NA	0	4.7050	Viruses;Duplodnaviria;Heunggongvirae;Uroviricota;Caudoviricetes;;
SRR2912786_66604	1358	No terminal repeats	NA	1	11	0.9180	NA	1	1.7183	Viruses;Duplodnaviria;Heunggongvirae;Uroviricota;Caudoviricetes;;
SRR2912786_120|provirus_4276_23380	19105	Provirus	4276-23380	33	11	0.9180	NA	0	8.5875	Viruses;Duplodnaviria;Heunggongvirae;Uroviricota;Caudoviricetes;;
SRR2912786_77063	681	No terminal repeats	NA	2	11	0.9179	NA	1	3.4300	Viruses;Duplodnaviria;Heunggongvirae;Uroviricota;Caudoviricetes;;
SRR2912786_169503	354	No terminal repeats	NA	2	11	0.9176	NA	1	1.7183	Viruses;Duplodnaviria;Heunggongvirae;Uroviricota;Caudoviricetes;;
SRR2912786_299459	235	No terminal repeats	NA	1	11	0.9175	NA	1	1.1773	Viruses;Duplodnaviria;Heunggongvirae;Uroviricota;Caudoviricetes;;
SRR2912786_158436	841	No terminal repeats	NA	1	11	0.9172	NA	1	1.7183	Viruses;Duplodnaviria;Heunggongvirae;Uroviricota;Caudoviricetes;;
SRR2912786_952	2804	No terminal repeats	NA	4	11	0.9172	NA	1	3.4122	Viruses;Duplodnaviria;Heunggongvirae;Uroviricota;Caudoviricetes;;
SRR2912786_114449	396	No terminal repeats	NA	1	11	0.9171	NA	1	1.6517	Viruses;Duplodnaviria;Heunggongvirae;Uroviricota;Caudoviricetes;;
SRR2912786_306423	200	No terminal repeats	NA	1	11	0.9169	NA	1	1.4188	Viruses;Monodnaviria;Loebvirae;Hofneiviricota;Faserviricetes;Tubulavirales;Inoviridae
SRR2912786_22385	296	No terminal repeats	NA	1	11	0.9168	NA	1	1.7183	Viruses;Duplodnaviria;Heunggongvirae;Uroviricota;Caudoviricetes;;
SRR2912786_235424	381	No terminal repeats	NA	1	11	0.9167	NA	1	1.5859	Viruses;Duplodnaviria;Heunggongvirae;Uroviricota;Caudoviricetes;;
SRR2912786_204586	262	No terminal repeats	NA	1	11	0.9166	NA	1	1.7183	Viruses;Duplodnaviria;Heunggongvirae;Uroviricota;Caudoviricetes;;
SRR2912786_37544	2977	No terminal repeats	NA	6	11	0.9165	NA	1	3.3670	Viruses;Duplodnaviria;Heunggongvirae;Uroviricota;Caudoviricetes;;
SRR2912786_193569	370	No terminal repeats	NA	1	11	0.9159	NA	1	1.7183	Viruses;Duplodnaviria;Heunggongvirae;Uroviricota;Caudoviricetes;;
SRR2912786_55575	914	No terminal repeats	NA	1	11	0.9157	NA	1	1.2306	Viruses;Duplodnaviria;Heunggongvirae;Uroviricota;Caudoviricetes;;
SRR2912786_39304	452	No terminal repeats	NA	2	11	0.9152	NA	1	2.7895	Viruses;Duplodnaviria;Heunggongvirae;Uroviricota;Caudoviricetes;;
SRR2912786_181402	386	No terminal repeats	NA	2	11	0.9151	NA	1	2.9711	Viruses;Duplodnaviria;Heunggongvirae;Uroviricota;Caudoviricetes;;
SRR2912786_29928	3002	No terminal repeats	NA	7	11	0.9151	NA	1	7.9353	Viruses;Duplodnaviria;Heunggongvirae;Uroviricota;Caudoviricetes;;
SRR2912786_92357	540	No terminal repeats	NA	1	11	0.9147	NA	1	1.7183	Viruses;Duplodnaviria;Heunggongvirae;Uroviricota;Caudoviricetes;;
SRR2912786_12831	258	No terminal repeats	NA	2	11	0.9145	NA	1	1.7183	Viruses;Duplodnaviria;Heunggongvirae;Uroviricota;Caudoviricetes;;
SRR2912786_1247	1312	No terminal repeats	NA	3	11	0.9139	NA	1	3.4366	Viruses;Duplodnaviria;Heunggongvirae;Uroviricota;Caudoviricetes;;
SRR2912786_40594	1443	No terminal repeats	NA	1	11	0.9133	NA	1	1.5009	Viruses;Duplodnaviria;Heunggongvirae;Uroviricota;Caudoviricetes;;
SRR2912786_244646	172	No terminal repeats	NA	1	11	0.9133	NA	1	1.4188	Viruses;Monodnaviria;Loebvirae;Hofneiviricota;Faserviricetes;Tubulavirales;Inoviridae
SRR2912786_115034	420	No terminal repeats	NA	1	11	0.9132	NA	1	1.7183	Viruses;Duplodnaviria;Heunggongvirae;Uroviricota;Caudoviricetes;;
SRR2912786_124272	224	No terminal repeats	NA	1	11	0.9131	NA	1	1.7183	Viruses;Duplodnaviria;Heunggongvirae;Uroviricota;Caudoviricetes;;
SRR2912786_278674	186	No terminal repeats	NA	1	11	0.9128	NA	1	1.7183	Viruses;Duplodnaviria;Heunggongvirae;Uroviricota;Caudoviricetes;;
SRR2912786_9510	5048	No terminal repeats	NA	6	11	0.9127	NA	1	3.6350	Viruses;Duplodnaviria;Heunggongvirae;Uroviricota;Caudoviricetes;;
SRR2912786_59685	301	No terminal repeats	NA	1	11	0.9124	NA	1	1.4409	Viruses;Duplodnaviria;Heunggongvirae;Uroviricota;Caudoviricetes;;
SRR2912786_156966	210	No terminal repeats	NA	2	11	0.9124	NA	1	1.7183	Viruses;Duplodnaviria;Heunggongvirae;Uroviricota;Caudoviricetes;;
SRR2912786_72213	270	No terminal repeats	NA	1	11	0.9124	NA	1	1.7183	Viruses;Duplodnaviria;Heunggongvirae;Uroviricota;Caudoviricetes;;
SRR2912786_242983	533	No terminal repeats	NA	1	11	0.9124	NA	1	1.7183	Viruses;Duplodnaviria;Heunggongvirae;Uroviricota;Caudoviricetes;;
SRR2912786_93819	236	No terminal repeats	NA	1	11	0.9123	NA	1	1.4524	Viruses;Duplodnaviria;Heunggongvirae;Uroviricota;Caudoviricetes;;
SRR2912786_5254	14396	No terminal repeats	NA	7	11	0.9123	NA	0	3.1819	Viruses;Duplodnaviria;Heunggongvirae;Uroviricota;Caudoviricetes;;
SRR2912786_162884	372	No terminal repeats	NA	1	11	0.9122	NA	1	1.7183	Viruses;Duplodnaviria;Heunggongvirae;Uroviricota;Caudoviricetes;;
SRR2912786_256902	406	No terminal repeats	NA	2	11	0.9119	NA	1	2.9561	Viruses;Duplodnaviria;Heunggongvirae;Uroviricota;Caudoviricetes;;
SRR2912786_129047	568	No terminal repeats	NA	1	11	0.9118	NA	1	1.7183	Viruses;Duplodnaviria;Heunggongvirae;Uroviricota;Caudoviricetes;;
SRR2912786_219903	1175	No terminal repeats	NA	3	11	0.9112	NA	1	5.1548	Viruses;Duplodnaviria;Heunggongvirae;Uroviricota;Caudoviricetes;;
SRR2912786_87777	406	No terminal repeats	NA	1	11	0.9111	NA	1	1.5087	Viruses;Duplodnaviria;Heunggongvirae;Uroviricota;Caudoviricetes;;
SRR2912786_30870	754	No terminal repeats	NA	2	11	0.9109	NA	1	3.2688	Viruses;Duplodnaviria;Heunggongvirae;Uroviricota;Caudoviricetes;;
SRR2912786_298971	237	No terminal repeats	NA	1	11	0.9109	NA	1	1.7183	Viruses;Duplodnaviria;Heunggongvirae;Uroviricota;Caudoviricetes;;
SRR2912786_270833	402	No terminal repeats	NA	2	11	0.9103	NA	1	3.3596	Viruses;Duplodnaviria;Heunggongvirae;Uroviricota;Caudoviricetes;;
SRR2912786_83972	610	No terminal repeats	NA	2	11	0.9099	NA	2	3.4366	Viruses;Duplodnaviria;Heunggongvirae;Uroviricota;Caudoviricetes;;
SRR2912786_12773	6899	No terminal repeats	NA	7	11	0.9096	NA	2	3.4406	Viruses;Duplodnaviria;Heunggongvirae;Uroviricota;Caudoviricetes;;
SRR2912786_240792	538	No terminal repeats	NA	1	11	0.9094	NA	1	1.7183	Viruses;Duplodnaviria;Heunggongvirae;Uroviricota;Caudoviricetes;;
SRR2912786_208492	390	No terminal repeats	NA	1	11	0.9094	NA	1	1.7183	Viruses;Duplodnaviria;Heunggongvirae;Uroviricota;Caudoviricetes;;
SRR2912786_323089	196	No terminal repeats	NA	1	11	0.9092	NA	1	1.7183	Viruses;Duplodnaviria;Heunggongvirae;Uroviricota;Caudoviricetes;;
SRR2912786_245542	299	No terminal repeats	NA	1	11	0.9092	NA	1	1.4287	Viruses;Duplodnaviria;Heunggongvirae;Uroviricota;Caudoviricetes;;
SRR2912786_160930	702	No terminal repeats	NA	2	11	0.9090	NA	1	1.5306	Viruses;Duplodnaviria;Heunggongvirae;Uroviricota;Caudoviricetes;;
SRR2912786_69116	561	No terminal repeats	NA	1	11	0.9088	NA	1	1.5859	Viruses;Duplodnaviria;Heunggongvirae;Uroviricota;Caudoviricetes;;
SRR2912786_151968	662	No terminal repeats	NA	2	11	0.9085	NA	1	3.4366	Viruses;Duplodnaviria;Heunggongvirae;Uroviricota;Caudoviricetes;;
SRR2912786_319737	250	No terminal repeats	NA	1	11	0.9083	NA	1	1.1209	Viruses;Duplodnaviria;Heunggongvirae;Uroviricota;Caudoviricetes;;
SRR2912786_2489	4651	No terminal repeats	NA	10	11	0.9081	NA	0	6.1112	Viruses;Duplodnaviria;Heunggongvirae;Uroviricota;Caudoviricetes;;
SRR2912786_56342	745	No terminal repeats	NA	1	11	0.9079	NA	1	1.7183	Viruses;Duplodnaviria;Heunggongvirae;Uroviricota;Caudoviricetes;;
SRR2912786_195799	293	No terminal repeats	NA	1	11	0.9076	NA	1	1.3665	Viruses;Duplodnaviria;Heunggongvirae;Uroviricota;Caudoviricetes;;
SRR2912786_245472	186	No terminal repeats	NA	1	11	0.9074	NA	1	1.4528	Viruses;Duplodnaviria;Heunggongvirae;Uroviricota;Caudoviricetes;;
SRR2912786_14689	10340	No terminal repeats	NA	7	11	0.9073	NA	0	2.8115	Viruses;Duplodnaviria;Heunggongvirae;Uroviricota;Caudoviricetes;;
SRR2912786_65875	336	No terminal repeats	NA	1	11	0.9073	NA	1	1.7183	Viruses;Duplodnaviria;Heunggongvirae;Uroviricota;Caudoviricetes;;
SRR2912786_2183	1079	No terminal repeats	NA	1	11	0.9073	NA	1	1.2306	Viruses;Duplodnaviria;Heunggongvirae;Uroviricota;Caudoviricetes;;
SRR2912786_113007	154	No terminal repeats	NA	1	11	0.9073	NA	1	1.4001	Viruses;Duplodnaviria;Heunggongvirae;Uroviricota;Caudoviricetes;;
SRR2912786_97869	194	No terminal repeats	NA	1	11	0.9071	NA	1	1.7162	Viruses;Duplodnaviria;Heunggongvirae;Uroviricota;Caudoviricetes;;
SRR2912786_18346	491	No terminal repeats	NA	1	11	0.9069	NA	1	1.2936	Viruses;Duplodnaviria;Heunggongvirae;Uroviricota;Caudoviricetes;;
SRR2912786_55967	717	No terminal repeats	NA	2	11	0.9069	NA	1	1.7183	Viruses;Duplodnaviria;Heunggongvirae;Uroviricota;Caudoviricetes;;
SRR2912786_122059	310	No terminal repeats	NA	2	11	0.9066	NA	1	1.7183	Viruses;Duplodnaviria;Heunggongvirae;Uroviricota;Caudoviricetes;;
SRR2912786_153567	621	No terminal repeats	NA	2	11	0.9063	NA	1	1.7174	Viruses;Duplodnaviria;Heunggongvirae;Uroviricota;Caudoviricetes;;
SRR2912786_171326	318	No terminal repeats	NA	1	11	0.9057	NA	1	1.7162	Viruses;Duplodnaviria;Heunggongvirae;Uroviricota;Caudoviricetes;;
SRR2912786_73532	659	No terminal repeats	NA	1	11	0.9057	NA	1	1.2306	Viruses;Duplodnaviria;Heunggongvirae;Uroviricota;Caudoviricetes;;
SRR2912786_241671	255	No terminal repeats	NA	2	11	0.9056	NA	1	2.1509	Viruses;Duplodnaviria;Heunggongvirae;Uroviricota;Caudoviricetes;;
SRR2912786_246133	163	No terminal repeats	NA	1	11	0.9056	NA	1	1.3284	Viruses;Duplodnaviria;Heunggongvirae;Uroviricota;Caudoviricetes;;
SRR2912786_130870	300	No terminal repeats	NA	1	11	0.9054	NA	1	1.7183	Viruses;Duplodnaviria;Heunggongvirae;Uroviricota;Caudoviricetes;;
SRR2912786_30326	375	No terminal repeats	NA	1	11	0.9050	NA	1	1.4894	Viruses;Duplodnaviria;Heunggongvirae;Uroviricota;Caudoviricetes;;
SRR2912786_251044	217	No terminal repeats	NA	1	11	0.9046	NA	1	1.3617	Viruses;Duplodnaviria;Heunggongvirae;Uroviricota;Caudoviricetes;;
SRR2912786_227005	267	No terminal repeats	NA	1	11	0.9046	NA	1	1.7183	Viruses;Duplodnaviria;Heunggongvirae;Uroviricota;Caudoviricetes;;
SRR2912786_113033	485	No terminal repeats	NA	2	11	0.9044	NA	1	3.4366	Viruses;Duplodnaviria;Heunggongvirae;Uroviricota;Caudoviricetes;;
SRR2912786_225297	154	No terminal repeats	NA	1	11	0.9044	NA	1	1.4001	Viruses;Duplodnaviria;Heunggongvirae;Uroviricota;Caudoviricetes;;
SRR2912786_164921	586	No terminal repeats	NA	1	11	0.9044	NA	1	1.2306	Viruses;Duplodnaviria;Heunggongvirae;Uroviricota;Caudoviricetes;;
SRR2912786_6210	1405	No terminal repeats	NA	2	11	0.9038	NA	2	2.6025	Viruses;Duplodnaviria;Heunggongvirae;Uroviricota;Caudoviricetes;;
SRR2912786_138679	625	No terminal repeats	NA	1	11	0.9037	NA	1	1.3391	Viruses;Duplodnaviria;Heunggongvirae;Uroviricota;Caudoviricetes;;
SRR2912786_91412	845	No terminal repeats	NA	1	11	0.9037	NA	1	1.7183	Viruses;Duplodnaviria;Heunggongvirae;Uroviricota;Caudoviricetes;;
SRR2912786_27760	7512	No terminal repeats	NA	6	11	0.9034	NA	0	0.9112	Viruses;Duplodnaviria;Heunggongvirae;Uroviricota;Caudoviricetes;;
SRR2912786_229326	179	No terminal repeats	NA	1	11	0.9034	NA	1	1.1394	Viruses;Duplodnaviria;Heunggongvirae;Uroviricota;Caudoviricetes;;
SRR2912786_276530	279	No terminal repeats	NA	1	11	0.9027	NA	1	1.7160	Viruses;Duplodnaviria;Heunggongvirae;Uroviricota;Caudoviricetes;;
SRR2912786_33408	1247	No terminal repeats	NA	2	11	0.9024	NA	1	1.7183	Viruses;Duplodnaviria;Heunggongvirae;Uroviricota;Caudoviricetes;;
SRR2912786_16747	699	No terminal repeats	NA	1	11	0.9023	NA	1	1.1229	Viruses;Duplodnaviria;Heunggongvirae;Uroviricota;Caudoviricetes;;
SRR2912786_243304	215	No terminal repeats	NA	1	11	0.9021	NA	1	1.7183	Viruses;Duplodnaviria;Heunggongvirae;Uroviricota;Caudoviricetes;;
SRR2912786_11719	6632	No terminal repeats	NA	5	11	0.9017	NA	0	1.7001	Viruses;Duplodnaviria;Heunggongvirae;Uroviricota;Caudoviricetes;;
SRR2912786_44891	314	No terminal repeats	NA	1	11	0.9017	NA	1	1.7183	Viruses;Duplodnaviria;Heunggongvirae;Uroviricota;Caudoviricetes;;
SRR2912786_23017	286	No terminal repeats	NA	2	11	0.9012	NA	1	1.7162	Viruses;Duplodnaviria;Heunggongvirae;Uroviricota;Caudoviricetes;;
SRR2912786_20253	1084	No terminal repeats	NA	3	11	0.9009	NA	1	1.7183	Viruses;Duplodnaviria;Heunggongvirae;Uroviricota;Caudoviricetes;;
SRR2912786_160326	655	No terminal repeats	NA	1	11	0.9005	NA	1	1.7183	Viruses;Duplodnaviria;Heunggongvirae;Uroviricota;Caudoviricetes;;
SRR2912786_5584	7624	No terminal repeats	NA	17	11	0.9004	NA	1	12.2539	Viruses;Duplodnaviria;Heunggongvirae;Uroviricota;Caudoviricetes;;
SRR2912786_150035	156	No terminal repeats	NA	1	11	0.9004	NA	1	1.2865	Viruses;Duplodnaviria;Heunggongvirae;Uroviricota;Caudoviricetes;;
SRR2912786_5321	1834	No terminal repeats	NA	2	11	0.9003	NA	1	1.7183	Viruses;Duplodnaviria;Heunggongvirae;Uroviricota;Caudoviricetes;;
SRR2912786_230222	305	No terminal repeats	NA	2	11	0.9003	NA	1	1.7183	Viruses;Duplodnaviria;Heunggongvirae;Uroviricota;Caudoviricetes;;
SRR2912786_300526	287	No terminal repeats	NA	1	11	0.8999	NA	1	1.4005	Viruses;Duplodnaviria;Heunggongvirae;Uroviricota;Caudoviricetes;;
SRR2912786_58515	270	No terminal repeats	NA	1	11	0.8996	NA	1	1.3549	Viruses;Duplodnaviria;Heunggongvirae;Uroviricota;Caudoviricetes;;
SRR2912786_31187	833	No terminal repeats	NA	1	11	0.8996	NA	1	1.2306	Viruses;Duplodnaviria;Heunggongvirae;Uroviricota;Caudoviricetes;;
SRR2912786_7751	957	No terminal repeats	NA	2	11	0.8994	NA	1	3.1319	Viruses;Duplodnaviria;Heunggongvirae;Uroviricota;Caudoviricetes;;
SRR2912786_71292	151	No terminal repeats	NA	1	11	0.8974	NA	1	1.4001	Viruses;Duplodnaviria;Heunggongvirae;Uroviricota;Caudoviricetes;;
SRR2912786_128016	175	No terminal repeats	NA	2	11	0.8973	NA	1	1.7183	Viruses;Duplodnaviria;Heunggongvirae;Uroviricota;Caudoviricetes;;
SRR2912786_42094	962	No terminal repeats	NA	1	11	0.8973	NA	1	1.7124	Viruses;Duplodnaviria;Heunggongvirae;Uroviricota;Caudoviricetes;;
SRR2912786_112040	186	No terminal repeats	NA	2	11	0.8966	NA	1	1.4564	Viruses;Duplodnaviria;Heunggongvirae;Uroviricota;Caudoviricetes;;
SRR2912786_109345	442	No terminal repeats	NA	2	11	0.8963	NA	2	3.4215	Viruses;Duplodnaviria;Heunggongvirae;Uroviricota;Caudoviricetes;;
SRR2912786_208750	139	No terminal repeats	NA	1	11	0.8962	NA	1	1.4001	Viruses;Duplodnaviria;Heunggongvirae;Uroviricota;Caudoviricetes;;
SRR2912786_8471	5815	No terminal repeats	NA	5	11	0.8962	NA	2	2.9442	Viruses;Duplodnaviria;Heunggongvirae;Uroviricota;Caudoviricetes;;
SRR2912786_311193	173	No terminal repeats	NA	1	11	0.8959	NA	1	1.4287	Viruses;Duplodnaviria;Heunggongvirae;Uroviricota;Caudoviricetes;;
SRR2912786_157852	555	No terminal repeats	NA	2	11	0.8958	NA	1	1.7183	Viruses;Duplodnaviria;Heunggongvirae;Uroviricota;Caudoviricetes;;
SRR2912786_147200	347	No terminal repeats	NA	2	11	0.8951	NA	1	1.3698	Viruses;Duplodnaviria;Heunggongvirae;Uroviricota;Caudoviricetes;;
SRR2912786_259622	259	No terminal repeats	NA	1	11	0.8951	NA	1	1.3549	Viruses;Duplodnaviria;Heunggongvirae;Uroviricota;Caudoviricetes;;
SRR2912786_127567	448	No terminal repeats	NA	1	11	0.8949	NA	1	1.4365	Viruses;Duplodnaviria;Heunggongvirae;Uroviricota;Caudoviricetes;;
SRR2912786_258711	489	No terminal repeats	NA	1	11	0.8949	NA	1	1.7160	Viruses;Duplodnaviria;Heunggongvirae;Uroviricota;Caudoviricetes;;
SRR2912786_81871	176	No terminal repeats	NA	1	11	0.8946	NA	1	1.3815	Viruses;Duplodnaviria;Heunggongvirae;Uroviricota;Caudoviricetes;;
SRR2912786_203163	272	No terminal repeats	NA	1	11	0.8939	NA	1	1.3410	Viruses;Duplodnaviria;Heunggongvirae;Uroviricota;Caudoviricetes;;
SRR2912786_141843	180	No terminal repeats	NA	1	11	0.8939	NA	1	1.6517	Viruses;Duplodnaviria;Heunggongvirae;Uroviricota;Caudoviricetes;;
SRR2912786_99829	683	No terminal repeats	NA	1	11	0.8938	NA	1	1.0262	Viruses;Duplodnaviria;Heunggongvirae;Uroviricota;Caudoviricetes;;
SRR2912786_178397	340	No terminal repeats	NA	1	11	0.8926	NA	1	1.7183	Viruses;Duplodnaviria;Heunggongvirae;Uroviricota;Caudoviricetes;;
SRR2912786_76408	416	No terminal repeats	NA	1	11	0.8920	NA	1	1.2991	Viruses;Duplodnaviria;Heunggongvirae;Uroviricota;Caudoviricetes;;
SRR2912786_22217	1005	No terminal repeats	NA	1	11	0.8919	NA	1	1.7183	Viruses;Duplodnaviria;Heunggongvirae;Uroviricota;Caudoviricetes;;
SRR2912786_115559	853	No terminal repeats	NA	1	11	0.8918	NA	1	1.0918	Viruses;Duplodnaviria;Heunggongvirae;Uroviricota;Caudoviricetes;;
SRR2912786_206068	559	No terminal repeats	NA	1	11	0.8912	NA	1	1.1904	Viruses;Duplodnaviria;Heunggongvirae;Uroviricota;Caudoviricetes;;
SRR2912786_93852	742	No terminal repeats	NA	2	11	0.8910	NA	1	1.7183	Viruses;Duplodnaviria;Heunggongvirae;Uroviricota;Caudoviricetes;;
SRR2912786_10212	9772	No terminal repeats	NA	9	11	0.8903	NA	2	3.9009	Viruses;Duplodnaviria;Heunggongvirae;Uroviricota;Caudoviricetes;;
SRR2912786_93425	1366	No terminal repeats	NA	3	11	0.8898	NA	1	3.0553	Viruses;Duplodnaviria;Heunggongvirae;Uroviricota;Caudoviricetes;;
SRR2912786_3627|provirus_18703_32825	14123	Provirus	18703-32825	21	11	0.8897	NA	8	14.6229	Viruses;Duplodnaviria;Heunggongvirae;Uroviricota;Caudoviricetes;;
SRR2912786_286909	240	No terminal repeats	NA	1	11	0.8897	NA	1	1.7183	Viruses;Duplodnaviria;Heunggongvirae;Uroviricota;Caudoviricetes;;
SRR2912786_79131	842	No terminal repeats	NA	3	11	0.8893	NA	1	2.9237	Viruses;Duplodnaviria;Heunggongvirae;Uroviricota;Caudoviricetes;;
SRR2912786_47798	171	No terminal repeats	NA	1	11	0.8891	NA	1	1.3665	Viruses;Duplodnaviria;Heunggongvirae;Uroviricota;Caudoviricetes;;
SRR2912786_285843	214	No terminal repeats	NA	1	11	0.8890	NA	1	1.3410	Viruses;Duplodnaviria;Heunggongvirae;Uroviricota;Caudoviricetes;;
SRR2912786_91844	403	No terminal repeats	NA	2	11	0.8889	NA	1	1.7183	Viruses;Duplodnaviria;Heunggongvirae;Uroviricota;Caudoviricetes;;
SRR2912786_48876	194	No terminal repeats	NA	1	11	0.8887	NA	1	1.2997	Viruses;Duplodnaviria;Heunggongvirae;Uroviricota;Caudoviricetes;;
SRR2912786_15251	14138	No terminal repeats	NA	14	11	0.8885	NA	0	4.9422	Viruses;Duplodnaviria;Heunggongvirae;Uroviricota;Caudoviricetes;;
SRR2912786_94484	182	No terminal repeats	NA	1	11	0.8885	NA	1	1.7162	Viruses;Duplodnaviria;Heunggongvirae;Uroviricota;Caudoviricetes;;
SRR2912786_38071	768	No terminal repeats	NA	2	11	0.8879	NA	2	3.4366	Viruses;Duplodnaviria;Heunggongvirae;Uroviricota;Caudoviricetes;;
SRR2912786_178891	564	No terminal repeats	NA	1	11	0.8875	NA	1	1.7183	Viruses;Duplodnaviria;Heunggongvirae;Uroviricota;Caudoviricetes;;
SRR2912786_243477	266	No terminal repeats	NA	1	11	0.8873	NA	1	1.7183	Viruses;Duplodnaviria;Heunggongvirae;Uroviricota;Caudoviricetes;;
SRR2912786_255335	381	No terminal repeats	NA	1	11	0.8864	NA	1	1.3345	Viruses;Duplodnaviria;Heunggongvirae;Uroviricota;Caudoviricetes;;
SRR2912786_33230	3138	No terminal repeats	NA	4	11	0.8861	NA	0	5.1548	Unclassified
SRR2912786_162189	803	No terminal repeats	NA	1	11	0.8859	NA	1	1.2891	Viruses;Duplodnaviria;Heunggongvirae;Uroviricota;Caudoviricetes;;
SRR2912786_289403	406	No terminal repeats	NA	2	11	0.8858	NA	2	2.9844	Viruses;Duplodnaviria;Heunggongvirae;Uroviricota;Caudoviricetes;;
SRR2912786_146314	306	No terminal repeats	NA	2	11	0.8856	NA	1	1.4350	Viruses;Duplodnaviria;Heunggongvirae;Uroviricota;Caudoviricetes;;
SRR2912786_170750	274	No terminal repeats	NA	1	11	0.8856	NA	1	1.7183	Viruses;Duplodnaviria;Heunggongvirae;Uroviricota;Caudoviricetes;;
SRR2912786_287052	175	No terminal repeats	NA	1	15	0.8852	NA	1	1.4287	Viruses;Duplodnaviria;Heunggongvirae;Uroviricota;Caudoviricetes;;
SRR2912786_213334	413	No terminal repeats	NA	1	11	0.8842	NA	1	1.4449	Viruses;Duplodnaviria;Heunggongvirae;Uroviricota;Caudoviricetes;;
SRR2912786_104373	1300	No terminal repeats	NA	2	11	0.8832	NA	1	1.7183	Viruses;Duplodnaviria;Heunggongvirae;Uroviricota;Caudoviricetes;;
SRR2912786_125183	1312	No terminal repeats	NA	4	11	0.8831	NA	1	1.7183	Viruses;Duplodnaviria;Heunggongvirae;Uroviricota;Caudoviricetes;;
SRR2912786_10935	3876	No terminal repeats	NA	4	11	0.8830	NA	1	2.5753	Viruses;Duplodnaviria;Heunggongvirae;Uroviricota;Caudoviricetes;;
SRR2912786_187761	326	No terminal repeats	NA	1	11	0.8830	NA	1	1.3976	Viruses;Duplodnaviria;Heunggongvirae;Uroviricota;Caudoviricetes;;
SRR2912786_204945	983	No terminal repeats	NA	3	11	0.8829	NA	1	3.4366	Viruses;Duplodnaviria;Heunggongvirae;Uroviricota;Caudoviricetes;;
SRR2912786_211315	310	No terminal repeats	NA	1	11	0.8828	NA	1	0.9308	Viruses;Duplodnaviria;Heunggongvirae;Uroviricota;Caudoviricetes;;
SRR2912786_316707	265	No terminal repeats	NA	1	11	0.8828	NA	1	1.2865	Viruses;Duplodnaviria;Heunggongvirae;Uroviricota;Caudoviricetes;;
SRR2912786_81462	417	No terminal repeats	NA	1	11	0.8822	NA	1	1.4853	Viruses;Duplodnaviria;Heunggongvirae;Uroviricota;Caudoviricetes;;
SRR2912786_115008	594	No terminal repeats	NA	1	11	0.8818	NA	1	1.7183	Viruses;Duplodnaviria;Heunggongvirae;Uroviricota;Caudoviricetes;;
SRR2912786_39092	440	No terminal repeats	NA	1	11	0.8817	NA	1	1.7117	Viruses;Duplodnaviria;Heunggongvirae;Uroviricota;Caudoviricetes;;
SRR2912786_139675	251	No terminal repeats	NA	2	11	0.8815	NA	1	1.7183	Viruses;Duplodnaviria;Heunggongvirae;Uroviricota;Caudoviricetes;;
SRR2912786_263230	336	No terminal repeats	NA	1	11	0.8815	NA	1	1.7183	Viruses;Duplodnaviria;Heunggongvirae;Uroviricota;Caudoviricetes;;
SRR2912786_120804	175	No terminal repeats	NA	2	11	0.8812	NA	1	1.5357	Viruses;Duplodnaviria;Heunggongvirae;Uroviricota;Caudoviricetes;;
SRR2912786_201678	476	No terminal repeats	NA	1	11	0.8809	NA	1	1.7183	Viruses;Duplodnaviria;Heunggongvirae;Uroviricota;Caudoviricetes;;
SRR2912786_38332	945	No terminal repeats	NA	1	11	0.8802	NA	1	1.7183	Viruses;Duplodnaviria;Heunggongvirae;Uroviricota;Caudoviricetes;;
SRR2912786_228322	451	No terminal repeats	NA	1	11	0.8796	NA	1	1.7183	Viruses;Duplodnaviria;Heunggongvirae;Uroviricota;Caudoviricetes;;
SRR2912786_190673	420	No terminal repeats	NA	2	11	0.8783	NA	1	1.6576	Viruses;Duplodnaviria;Heunggongvirae;Uroviricota;Caudoviricetes;;
SRR2912786_207923	222	No terminal repeats	NA	1	11	0.8782	NA	1	1.3528	Viruses;Duplodnaviria;Heunggongvirae;Uroviricota;Caudoviricetes;;
SRR2912786_260022	218	No terminal repeats	NA	1	11	0.8781	NA	1	1.1125	Viruses;Duplodnaviria;Heunggongvirae;Uroviricota;Caudoviricetes;;
SRR2912786_148574	884	No terminal repeats	NA	2	11	0.8781	NA	1	1.7183	Viruses;Duplodnaviria;Heunggongvirae;Uroviricota;Caudoviricetes;;
SRR2912786_126636	363	No terminal repeats	NA	2	11	0.8777	NA	1	1.7183	Viruses;Duplodnaviria;Heunggongvirae;Uroviricota;Caudoviricetes;;
SRR2912786_309962	152	No terminal repeats	NA	1	11	0.8775	NA	1	1.1825	Viruses;Duplodnaviria;Heunggongvirae;Uroviricota;Caudoviricetes;;
SRR2912786_180977	1124	No terminal repeats	NA	4	11	0.8762	NA	1	5.1548	Viruses;Duplodnaviria;Heunggongvirae;Uroviricota;Caudoviricetes;;
SRR2912786_156019	325	No terminal repeats	NA	1	11	0.8761	NA	1	1.3345	Viruses;Duplodnaviria;Heunggongvirae;Uroviricota;Caudoviricetes;;
SRR2912786_209268	190	No terminal repeats	NA	1	11	0.8754	NA	1	1.2494	Viruses;Duplodnaviria;Heunggongvirae;Uroviricota;Caudoviricetes;;
SRR2912786_299469	345	No terminal repeats	NA	2	11	0.8752	NA	1	3.4366	Viruses;Duplodnaviria;Heunggongvirae;Uroviricota;Caudoviricetes;;
SRR2912786_3842	199	No terminal repeats	NA	1	15	0.8751	NA	1	1.7172	Viruses;Duplodnaviria;Heunggongvirae;Uroviricota;Caudoviricetes;;
SRR2912786_2226	4952	No terminal repeats	NA	10	11	0.8749	NA	0	1.6010	Viruses;Duplodnaviria;Heunggongvirae;Uroviricota;Caudoviricetes;;
SRR2912786_126495	577	No terminal repeats	NA	1	11	0.8746	NA	1	1.3549	Viruses;Duplodnaviria;Heunggongvirae;Uroviricota;Caudoviricetes;;
SRR2912786_8091	3542	No terminal repeats	NA	2	11	0.8743	NA	0	1.7183	Viruses;Duplodnaviria;Heunggongvirae;Uroviricota;Caudoviricetes;;
SRR2912786_35415	357	No terminal repeats	NA	1	11	0.8739	NA	1	1.2792	Viruses;Duplodnaviria;Heunggongvirae;Uroviricota;Caudoviricetes;;
SRR2912786_269446	433	No terminal repeats	NA	1	11	0.8739	NA	1	1.7183	Viruses;Duplodnaviria;Heunggongvirae;Uroviricota;Caudoviricetes;;
SRR2912786_158002	484	No terminal repeats	NA	2	11	0.8736	NA	1	1.7183	Viruses;Duplodnaviria;Heunggongvirae;Uroviricota;Caudoviricetes;;
SRR2912786_58877	904	No terminal repeats	NA	3	11	0.8735	NA	1	1.7183	Viruses;Duplodnaviria;Heunggongvirae;Uroviricota;Caudoviricetes;;
SRR2912786_82012	366	No terminal repeats	NA	1	11	0.8733	NA	1	1.4563	Viruses;Duplodnaviria;Heunggongvirae;Uroviricota;Caudoviricetes;;
SRR2912786_41898	573	No terminal repeats	NA	1	11	0.8733	NA	1	1.7183	Viruses;Duplodnaviria;Heunggongvirae;Uroviricota;Caudoviricetes;;
SRR2912786_73677	472	No terminal repeats	NA	1	11	0.8731	NA	1	1.4564	Viruses;Duplodnaviria;Heunggongvirae;Uroviricota;Caudoviricetes;;
SRR2912786_64786	410	No terminal repeats	NA	1	11	0.8727	NA	1	1.7183	Viruses;Duplodnaviria;Heunggongvirae;Uroviricota;Caudoviricetes;;
SRR2912786_193666	233	No terminal repeats	NA	1	11	0.8718	NA	1	1.4944	Viruses;Duplodnaviria;Heunggongvirae;Uroviricota;Caudoviricetes;;
SRR2912786_141974	1024	No terminal repeats	NA	1	11	0.8717	NA	1	1.0580	Viruses;Duplodnaviria;Heunggongvirae;Uroviricota;Caudoviricetes;;
SRR2912786_2822	1065	No terminal repeats	NA	1	11	0.8714	NA	1	1.2306	Viruses;Duplodnaviria;Heunggongvirae;Uroviricota;Caudoviricetes;;
SRR2912786_173834	430	No terminal repeats	NA	1	11	0.8714	NA	1	1.3345	Viruses;Duplodnaviria;Heunggongvirae;Uroviricota;Caudoviricetes;;
SRR2912786_126325	226	No terminal repeats	NA	1	11	0.8712	NA	1	1.7183	Viruses;Duplodnaviria;Heunggongvirae;Uroviricota;Caudoviricetes;;
SRR2912786_151245	891	No terminal repeats	NA	3	11	0.8700	NA	1	4.6832	Viruses;Duplodnaviria;Heunggongvirae;Uroviricota;Caudoviricetes;;
SRR2912786_145225	196	No terminal repeats	NA	1	11	0.8698	NA	1	1.7183	Viruses;Duplodnaviria;Heunggongvirae;Uroviricota;Caudoviricetes;;
SRR2912786_234050	460	No terminal repeats	NA	2	11	0.8695	NA	1	1.3938	Viruses;Duplodnaviria;Heunggongvirae;Uroviricota;Caudoviricetes;;
SRR2912786_218387	158	No terminal repeats	NA	1	11	0.8688	NA	1	1.1077	Viruses;Duplodnaviria;Heunggongvirae;Uroviricota;Caudoviricetes;;
SRR2912786_147378	155	No terminal repeats	NA	1	11	0.8685	NA	1	1.7162	Viruses;Duplodnaviria;Heunggongvirae;Uroviricota;Caudoviricetes;;
SRR2912786_30033	748	No terminal repeats	NA	2	11	0.8683	NA	1	1.7183	Viruses;Duplodnaviria;Heunggongvirae;Uroviricota;Caudoviricetes;;
SRR2912786_164396	219	No terminal repeats	NA	1	11	0.8679	NA	1	1.7183	Viruses;Duplodnaviria;Heunggongvirae;Uroviricota;Caudoviricetes;;
SRR2912786_80784	305	No terminal repeats	NA	1	11	0.8679	NA	1	1.7183	Viruses;Duplodnaviria;Heunggongvirae;Uroviricota;Caudoviricetes;;
SRR2912786_67891	357	No terminal repeats	NA	1	11	0.8678	NA	1	1.4449	Viruses;Duplodnaviria;Heunggongvirae;Uroviricota;Caudoviricetes;;
SRR2912786_299946	174	No terminal repeats	NA	1	11	0.8672	NA	1	1.6517	Viruses;Duplodnaviria;Heunggongvirae;Uroviricota;Caudoviricetes;;
SRR2912786_222232	216	No terminal repeats	NA	1	11	0.8671	NA	1	1.4005	Viruses;Duplodnaviria;Heunggongvirae;Uroviricota;Caudoviricetes;;
SRR2912786_104964	2888	No terminal repeats	NA	5	11	0.8662	NA	0	5.8188	Viruses;Duplodnaviria;Heunggongvirae;Uroviricota;Caudoviricetes;;
SRR2912786_16221	2813	No terminal repeats	NA	5	11	0.8657	NA	0	1.7183	Viruses;Duplodnaviria;Heunggongvirae;Uroviricota;Caudoviricetes;;
SRR2912786_76929	507	No terminal repeats	NA	1	11	0.8656	NA	1	1.7174	Viruses;Duplodnaviria;Heunggongvirae;Uroviricota;Caudoviricetes;;
SRR2912786_292353	323	No terminal repeats	NA	1	11	0.8655	NA	1	1.7183	Viruses;Duplodnaviria;Heunggongvirae;Uroviricota;Caudoviricetes;;
SRR2912786_168037	1026	No terminal repeats	NA	3	11	0.8652	NA	1	1.7122	Viruses;Duplodnaviria;Heunggongvirae;Uroviricota;Caudoviricetes;;
SRR2912786_317211	326	No terminal repeats	NA	2	11	0.8651	NA	1	1.7183	Viruses;Duplodnaviria;Heunggongvirae;Uroviricota;Caudoviricetes;;
SRR2912786_87985	945	No terminal repeats	NA	2	11	0.8650	NA	1	1.7183	Viruses;Duplodnaviria;Heunggongvirae;Uroviricota;Caudoviricetes;;
SRR2912786_122312	262	No terminal repeats	NA	2	11	0.8648	NA	1	1.7183	Viruses;Duplodnaviria;Heunggongvirae;Uroviricota;Caudoviricetes;;
SRR2912786_183308	187	No terminal repeats	NA	2	11	0.8646	NA	1	1.7183	Viruses;Duplodnaviria;Heunggongvirae;Uroviricota;Caudoviricetes;;
SRR2912786_25476	1322	No terminal repeats	NA	3	11	0.8645	NA	2	4.7009	Viruses;Duplodnaviria;Heunggongvirae;Uroviricota;Caudoviricetes;;
SRR2912786_230056	348	No terminal repeats	NA	1	11	0.8643	NA	1	1.4563	Viruses;Duplodnaviria;Heunggongvirae;Uroviricota;Caudoviricetes;;
SRR2912786_183000	406	No terminal repeats	NA	2	11	0.8642	NA	1	1.4001	Viruses;Duplodnaviria;Heunggongvirae;Uroviricota;Caudoviricetes;;
SRR2912786_1667	11065	No terminal repeats	NA	15	11	0.8642	NA	0	5.0198	Viruses;Duplodnaviria;Heunggongvirae;Uroviricota;Caudoviricetes;;
SRR2912786_214994	704	No terminal repeats	NA	1	11	0.8636	NA	1	1.2361	Unclassified
SRR2912786_122984	288	No terminal repeats	NA	1	11	0.8632	NA	1	1.7183	Viruses;Duplodnaviria;Heunggongvirae;Uroviricota;Caudoviricetes;;
SRR2912786_189155	315	No terminal repeats	NA	2	11	0.8627	NA	1	1.4188	Viruses;Monodnaviria;Loebvirae;Hofneiviricota;Faserviricetes;Tubulavirales;Inoviridae
SRR2912786_137656	347	No terminal repeats	NA	1	11	0.8625	NA	1	1.2876	Viruses;Duplodnaviria;Heunggongvirae;Uroviricota;Caudoviricetes;;
SRR2912786_3518	15930	No terminal repeats	NA	9	11	0.8620	NA	0	1.7001	Viruses;Duplodnaviria;Heunggongvirae;Uroviricota;Caudoviricetes;;
SRR2912786_276083	183	No terminal repeats	NA	1	11	0.8612	NA	1	1.7161	Viruses;Duplodnaviria;Heunggongvirae;Uroviricota;Caudoviricetes;;
SRR2912786_261968	201	No terminal repeats	NA	1	11	0.8612	NA	1	1.4287	Viruses;Duplodnaviria;Heunggongvirae;Uroviricota;Caudoviricetes;;
SRR2912786_44755	498	No terminal repeats	NA	1	11	0.8610	NA	1	1.7167	Viruses;Duplodnaviria;Heunggongvirae;Uroviricota;Caudoviricetes;;
SRR2912786_112437	645	No terminal repeats	NA	2	11	0.8610	NA	1	1.2569	Viruses;Duplodnaviria;Heunggongvirae;Uroviricota;Caudoviricetes;;
SRR2912786_215194	449	No terminal repeats	NA	2	11	0.8609	NA	1	1.7183	Viruses;Duplodnaviria;Heunggongvirae;Uroviricota;Caudoviricetes;;
SRR2912786_62711	736	No terminal repeats	NA	2	11	0.8609	NA	1	1.5141	Viruses;Duplodnaviria;Heunggongvirae;Uroviricota;Caudoviricetes;;
SRR2912786_51368	673	No terminal repeats	NA	1	11	0.8602	NA	1	1.4365	Viruses;Duplodnaviria;Heunggongvirae;Uroviricota;Caudoviricetes;;
SRR2912786_106066	552	No terminal repeats	NA	1	11	0.8591	NA	1	1.7183	Viruses;Duplodnaviria;Heunggongvirae;Uroviricota;Caudoviricetes;;
SRR2912786_193134	340	No terminal repeats	NA	2	11	0.8589	NA	1	1.2729	Viruses;Duplodnaviria;Heunggongvirae;Uroviricota;Caudoviricetes;;
SRR2912786_330079	243	No terminal repeats	NA	1	11	0.8577	NA	1	1.7183	Viruses;Duplodnaviria;Heunggongvirae;Uroviricota;Caudoviricetes;;
SRR2912786_217070	217	No terminal repeats	NA	1	11	0.8572	NA	1	1.4419	Viruses;Duplodnaviria;Heunggongvirae;Uroviricota;Caudoviricetes;;
SRR2912786_5717	2517	No terminal repeats	NA	2	11	0.8564	NA	0	1.5375	Viruses;Duplodnaviria;Heunggongvirae;Uroviricota;Caudoviricetes;;
SRR2912786_220556	336	No terminal repeats	NA	2	11	0.8563	NA	1	1.3468	Viruses;Duplodnaviria;Heunggongvirae;Uroviricota;Caudoviricetes;;
SRR2912786_288117	373	No terminal repeats	NA	1	11	0.8551	NA	1	1.4287	Viruses;Duplodnaviria;Heunggongvirae;Uroviricota;Caudoviricetes;;
SRR2912786_313662	221	No terminal repeats	NA	1	11	0.8547	NA	1	1.0168	Viruses;Duplodnaviria;Heunggongvirae;Uroviricota;Caudoviricetes;;
SRR2912786_235211	344	No terminal repeats	NA	1	11	0.8541	NA	1	1.4344	Viruses;Duplodnaviria;Heunggongvirae;Uroviricota;Caudoviricetes;;
SRR2912786_226165	219	No terminal repeats	NA	1	11	0.8529	NA	1	1.2494	Viruses;Duplodnaviria;Heunggongvirae;Uroviricota;Caudoviricetes;;
SRR2912786_70242	616	No terminal repeats	NA	1	11	0.8528	NA	1	1.7183	Viruses;Duplodnaviria;Heunggongvirae;Uroviricota;Caudoviricetes;;
SRR2912786_232412	335	No terminal repeats	NA	1	11	0.8521	NA	1	1.7183	Viruses;Duplodnaviria;Heunggongvirae;Uroviricota;Caudoviricetes;;
SRR2912786_221551	645	No terminal repeats	NA	1	11	0.8519	NA	1	1.7183	Viruses;Duplodnaviria;Heunggongvirae;Uroviricota;Caudoviricetes;;
SRR2912786_150630	1121	No terminal repeats	NA	2	11	0.8519	NA	1	1.7183	Viruses;Duplodnaviria;Heunggongvirae;Uroviricota;Caudoviricetes;;
SRR2912786_61889	480	No terminal repeats	NA	2	11	0.8518	NA	1	1.3284	Viruses;Duplodnaviria;Heunggongvirae;Uroviricota;Caudoviricetes;;
SRR2912786_49094	3249	No terminal repeats	NA	3	11	0.8513	NA	0	1.5084	Viruses;Duplodnaviria;Heunggongvirae;Uroviricota;Caudoviricetes;;Autographiviridae
SRR2912786_260331	176	No terminal repeats	NA	1	11	0.8498	NA	1	1.7162	Viruses;Duplodnaviria;Heunggongvirae;Uroviricota;Caudoviricetes;;
SRR2912786_94358	801	No terminal repeats	NA	2	11	0.8494	NA	1	1.4211	Viruses;Duplodnaviria;Heunggongvirae;Uroviricota;Caudoviricetes;;
SRR2912786_290179	329	No terminal repeats	NA	1	11	0.8494	NA	1	1.4242	Viruses;Duplodnaviria;Heunggongvirae;Uroviricota;Caudoviricetes;;
SRR2912786_284335	159	No terminal repeats	NA	1	11	0.8493	NA	1	1.0918	Viruses;Duplodnaviria;Heunggongvirae;Uroviricota;Caudoviricetes;;
SRR2912786_242566	178	No terminal repeats	NA	2	11	0.8493	NA	1	0.9927	Viruses;Duplodnaviria;Heunggongvirae;Uroviricota;Caudoviricetes;;
SRR2912786_81834	3323	No terminal repeats	NA	4	11	0.8485	NA	1	2.5967	Viruses;Monodnaviria;Shotokuvirae;Cressdnaviricota;Arfiviricetes;Cirlivirales;Circoviridae
SRR2912786_4816	7461	DTR	NA	11	11	0.8477	NA	1	2.6674	Viruses;Duplodnaviria;Heunggongvirae;Uroviricota;Caudoviricetes;;
SRR2912786_9685	944	No terminal repeats	NA	2	11	0.8472	NA	1	1.7183	Viruses;Duplodnaviria;Heunggongvirae;Uroviricota;Caudoviricetes;;
SRR2912786_189614	286	No terminal repeats	NA	1	11	0.8464	NA	1	1.0717	Viruses;Duplodnaviria;Heunggongvirae;Uroviricota;Caudoviricetes;;
SRR2912786_168366	377	No terminal repeats	NA	1	11	0.8455	NA	1	1.2643	Viruses;Duplodnaviria;Heunggongvirae;Uroviricota;Caudoviricetes;;
SRR2912786_131676	246	No terminal repeats	NA	1	11	0.8443	NA	1	1.4749	Viruses;Duplodnaviria;Heunggongvirae;Uroviricota;Caudoviricetes;;
SRR2912786_220758	169	No terminal repeats	NA	1	11	0.8439	NA	1	1.3906	Viruses;Duplodnaviria;Heunggongvirae;Uroviricota;Caudoviricetes;;
SRR2912786_22121	12064	No terminal repeats	NA	5	11	0.8436	NA	0	0.6060	Viruses;Duplodnaviria;Heunggongvirae;Uroviricota;Caudoviricetes;;
SRR2912786_39770	428	No terminal repeats	NA	1	11	0.8435	NA	1	1.2306	Viruses;Duplodnaviria;Heunggongvirae;Uroviricota;Caudoviricetes;;
SRR2912786_193485	432	No terminal repeats	NA	1	11	0.8433	NA	1	1.4627	Viruses;Duplodnaviria;Heunggongvirae;Uroviricota;Caudoviricetes;;Ackermannviridae
SRR2912786_1	2624	No terminal repeats	NA	2	11	0.8431	NA	0	1.7183	Viruses;Duplodnaviria;Heunggongvirae;Uroviricota;Caudoviricetes;;
SRR2912786_115581	309	No terminal repeats	NA	1	11	0.8427	NA	1	1.2936	Viruses;Duplodnaviria;Heunggongvirae;Uroviricota;Caudoviricetes;;
SRR2912786_2541	2624	No terminal repeats	NA	3	11	0.8427	NA	0	1.5155	Viruses;Duplodnaviria;Heunggongvirae;Uroviricota;Caudoviricetes;;
SRR2912786_62415	1854	No terminal repeats	NA	4	11	0.8427	NA	2	3.0293	Viruses;Duplodnaviria;Heunggongvirae;Uroviricota;Caudoviricetes;;
SRR2912786_56034	466	No terminal repeats	NA	1	11	0.8425	NA	1	1.2557	Viruses;Duplodnaviria;Heunggongvirae;Uroviricota;Caudoviricetes;;
SRR2912786_77118	624	No terminal repeats	NA	2	11	0.8422	NA	1	1.7183	Viruses;Duplodnaviria;Heunggongvirae;Uroviricota;Caudoviricetes;;
SRR2912786_42923	401	No terminal repeats	NA	1	11	0.8421	NA	1	1.4425	Viruses;Duplodnaviria;Heunggongvirae;Uroviricota;Caudoviricetes;;
SRR2912786_72018	235	No terminal repeats	NA	2	11	0.8406	NA	1	1.6650	Viruses;Duplodnaviria;Heunggongvirae;Uroviricota;Caudoviricetes;;
SRR2912786_194448	277	No terminal repeats	NA	2	11	0.8406	NA	1	1.3950	Viruses;Duplodnaviria;Heunggongvirae;Uroviricota;Caudoviricetes;;
SRR2912786_93498	313	No terminal repeats	NA	1	11	0.8405	NA	1	1.2856	Viruses;Duplodnaviria;Heunggongvirae;Uroviricota;Caudoviricetes;;
SRR2912786_216742	972	No terminal repeats	NA	2	11	0.8405	NA	1	1.7183	Viruses;Duplodnaviria;Heunggongvirae;Uroviricota;Caudoviricetes;;
SRR2912786_12372	22580	No terminal repeats	NA	20	11	0.8401	NA	0	2.2571	Viruses;Duplodnaviria;Heunggongvirae;Uroviricota;Caudoviricetes;;
SRR2912786_208226	235	No terminal repeats	NA	1	11	0.8398	NA	1	1.7183	Viruses;Duplodnaviria;Heunggongvirae;Uroviricota;Caudoviricetes;;
SRR2912786_103220	370	No terminal repeats	NA	1	11	0.8398	NA	1	1.3345	Viruses;Duplodnaviria;Heunggongvirae;Uroviricota;Caudoviricetes;;
SRR2912786_186475	202	No terminal repeats	NA	1	11	0.8394	NA	1	1.7118	Viruses;Duplodnaviria;Heunggongvirae;Uroviricota;Caudoviricetes;;
SRR2912786_61823	1913	No terminal repeats	NA	2	11	0.8393	NA	1	2.9118	Viruses;Duplodnaviria;Heunggongvirae;Uroviricota;Caudoviricetes;;
SRR2912786_21536	655	No terminal repeats	NA	3	11	0.8385	NA	1	1.7183	Viruses;Duplodnaviria;Heunggongvirae;Uroviricota;Caudoviricetes;;
SRR2912786_49936	225	No terminal repeats	NA	1	11	0.8381	NA	1	1.1334	Viruses;Duplodnaviria;Heunggongvirae;Uroviricota;Caudoviricetes;;
SRR2912786_81527	617	No terminal repeats	NA	2	11	0.8379	NA	1	3.3758	Viruses;Duplodnaviria;Heunggongvirae;Uroviricota;Caudoviricetes;;
SRR2912786_290911	342	No terminal repeats	NA	2	11	0.8377	NA	2	2.5914	Viruses;Duplodnaviria;Heunggongvirae;Uroviricota;Caudoviricetes;;
SRR2912786_142812	949	No terminal repeats	NA	2	11	0.8377	NA	1	1.7183	Viruses;Duplodnaviria;Heunggongvirae;Uroviricota;Caudoviricetes;;
SRR2912786_12813	5472	No terminal repeats	NA	7	11	0.8373	NA	0	0.9888	Viruses;Duplodnaviria;Heunggongvirae;Uroviricota;Caudoviricetes;;
SRR2912786_88103	979	No terminal repeats	NA	1	11	0.8373	NA	1	1.2306	Viruses;Duplodnaviria;Heunggongvirae;Uroviricota;Caudoviricetes;;
SRR2912786_191701	227	No terminal repeats	NA	1	11	0.8370	NA	1	1.2002	Viruses;Duplodnaviria;Heunggongvirae;Uroviricota;Caudoviricetes;;
SRR2912786_117435	1515	No terminal repeats	NA	2	11	0.8367	NA	2	2.9752	Viruses;Duplodnaviria;Heunggongvirae;Uroviricota;Caudoviricetes;;
SRR2912786_87437	155	No terminal repeats	NA	1	11	0.8366	NA	1	1.3272	Viruses;Duplodnaviria;Heunggongvirae;Uroviricota;Caudoviricetes;;
SRR2912786_10791	4274	No terminal repeats	NA	10	11	0.8363	NA	1	1.7183	Viruses;Duplodnaviria;Heunggongvirae;Uroviricota;Caudoviricetes;;
SRR2912786_236307	173	No terminal repeats	NA	1	11	0.8360	NA	1	1.4287	Viruses;Duplodnaviria;Heunggongvirae;Uroviricota;Caudoviricetes;;
SRR2912786_221467	210	No terminal repeats	NA	1	11	0.8356	NA	1	1.0751	Viruses;Duplodnaviria;Heunggongvirae;Uroviricota;Caudoviricetes;;
SRR2912786_163541	554	No terminal repeats	NA	2	11	0.8356	NA	1	1.7183	Viruses;Duplodnaviria;Heunggongvirae;Uroviricota;Caudoviricetes;;
SRR2912786_116475	513	No terminal repeats	NA	1	11	0.8356	NA	1	1.2618	Viruses;Duplodnaviria;Heunggongvirae;Uroviricota;Caudoviricetes;;
SRR2912786_95398	1362	No terminal repeats	NA	2	11	0.8352	NA	2	3.2141	Viruses;Duplodnaviria;Heunggongvirae;Uroviricota;Caudoviricetes;;
SRR2912786_121569	836	No terminal repeats	NA	1	11	0.8351	NA	1	1.5173	Viruses;Duplodnaviria;Heunggongvirae;Uroviricota;Caudoviricetes;;
SRR2912786_95604	686	No terminal repeats	NA	2	11	0.8345	NA	1	1.2111	Viruses;Duplodnaviria;Heunggongvirae;Uroviricota;Caudoviricetes;;
SRR2912786_52644	206	No terminal repeats	NA	1	11	0.8341	NA	1	1.3284	Viruses;Duplodnaviria;Heunggongvirae;Uroviricota;Caudoviricetes;;
SRR2912786_12396	4296	No terminal repeats	NA	6	11	0.8328	NA	0	2.5908	Viruses;Duplodnaviria;Heunggongvirae;Uroviricota;Caudoviricetes;;
SRR2912786_138304	765	No terminal repeats	NA	2	11	0.8324	NA	1	1.7101	Viruses;Duplodnaviria;Heunggongvirae;Uroviricota;Caudoviricetes;;
SRR2912786_732	5674	No terminal repeats	NA	12	11	0.8320	NA	1	3.0822	Viruses;Duplodnaviria;Heunggongvirae;Uroviricota;Caudoviricetes;;
SRR2912786_47510	358	No terminal repeats	NA	2	11	0.8320	NA	1	1.7183	Viruses;Duplodnaviria;Heunggongvirae;Uroviricota;Caudoviricetes;;
SRR2912786_113636	790	No terminal repeats	NA	2	11	0.8315	NA	1	1.2605	Viruses;Duplodnaviria;Heunggongvirae;Uroviricota;Caudoviricetes;;
SRR2912786_129056	368	No terminal repeats	NA	2	11	0.8314	NA	1	1.4242	Viruses;Duplodnaviria;Heunggongvirae;Uroviricota;Caudoviricetes;;
SRR2912786_197431	158	No terminal repeats	NA	1	11	0.8308	NA	1	1.2352	Viruses;Duplodnaviria;Heunggongvirae;Uroviricota;Caudoviricetes;;
SRR2912786_35855	976	No terminal repeats	NA	1	11	0.8307	NA	1	1.2306	Viruses;Duplodnaviria;Heunggongvirae;Uroviricota;Caudoviricetes;;
SRR2912786_46786	465	No terminal repeats	NA	2	11	0.8300	NA	1	1.4634	Viruses;Duplodnaviria;Heunggongvirae;Uroviricota;Caudoviricetes;;
SRR2912786_75123	647	No terminal repeats	NA	2	11	0.8296	NA	1	1.5876	Viruses;Duplodnaviria;Heunggongvirae;Uroviricota;Caudoviricetes;;
SRR2912786_23226	587	No terminal repeats	NA	3	11	0.8293	NA	1	3.2933	Viruses;Duplodnaviria;Heunggongvirae;Uroviricota;Caudoviricetes;;
SRR2912786_11401	305	No terminal repeats	NA	1	11	0.8284	NA	1	1.0800	Viruses;Duplodnaviria;Heunggongvirae;Uroviricota;Caudoviricetes;;
SRR2912786_210765	130	No terminal repeats	NA	1	11	0.8275	NA	1	0.7382	Viruses;Duplodnaviria;Heunggongvirae;Uroviricota;Caudoviricetes;;
SRR2912786_26268	199	No terminal repeats	NA	1	11	0.8273	NA	1	1.7172	Viruses;Duplodnaviria;Heunggongvirae;Uroviricota;Caudoviricetes;;
SRR2912786_130630	561	No terminal repeats	NA	2	11	0.8272	NA	1	1.6962	Viruses;Duplodnaviria;Heunggongvirae;Uroviricota;Caudoviricetes;;
SRR2912786_24039	5084	No terminal repeats	NA	9	11	0.8269	NA	0	1.7183	Viruses;Duplodnaviria;Heunggongvirae;Uroviricota;Caudoviricetes;;Ackermannviridae
SRR2912786_220609	412	No terminal repeats	NA	1	11	0.8266	NA	1	1.7183	Viruses;Duplodnaviria;Heunggongvirae;Uroviricota;Caudoviricetes;;
SRR2912786_715	2659	No terminal repeats	NA	4	11	0.8253	NA	0	3.0068	Viruses;Duplodnaviria;Heunggongvirae;Uroviricota;Caudoviricetes;;
SRR2912786_132067	711	No terminal repeats	NA	1	11	0.8250	NA	1	1.7183	Viruses;Duplodnaviria;Heunggongvirae;Uroviricota;Caudoviricetes;;
SRR2912786_93559	355	No terminal repeats	NA	2	11	0.8239	NA	1	1.4182	Viruses;Duplodnaviria;Heunggongvirae;Uroviricota;Caudoviricetes;;
SRR2912786_20568	2839	No terminal repeats	NA	5	11	0.8232	NA	0	0.7740	Viruses;Duplodnaviria;Heunggongvirae;Uroviricota;Caudoviricetes;;
SRR2912786_114000	591	No terminal repeats	NA	1	11	0.8227	NA	1	1.1825	Viruses;Duplodnaviria;Heunggongvirae;Uroviricota;Caudoviricetes;;
SRR2912786_64624	371	No terminal repeats	NA	1	11	0.8226	NA	1	1.4344	Viruses;Duplodnaviria;Heunggongvirae;Uroviricota;Caudoviricetes;;
SRR2912786_271116	161	No terminal repeats	NA	1	11	0.8224	NA	1	1.7162	Viruses;Duplodnaviria;Heunggongvirae;Uroviricota;Caudoviricetes;;
SRR2912786_22075	1460	No terminal repeats	NA	2	11	0.8218	NA	1	1.7183	Viruses;Duplodnaviria;Heunggongvirae;Uroviricota;Caudoviricetes;;
SRR2912786_24636	166	No terminal repeats	NA	1	11	0.8211	NA	1	1.4350	Viruses;Duplodnaviria;Heunggongvirae;Uroviricota;Caudoviricetes;;
SRR2912786_56171	261	No terminal repeats	NA	1	11	0.8210	NA	1	1.6344	Viruses;Duplodnaviria;Heunggongvirae;Uroviricota;Caudoviricetes;;
SRR2912786_218446	469	No terminal repeats	NA	2	11	0.8181	NA	1	1.3499	Viruses;Duplodnaviria;Heunggongvirae;Uroviricota;Caudoviricetes;;
SRR2912786_118065	413	No terminal repeats	NA	1	11	0.8178	NA	1	1.6293	Viruses;Duplodnaviria;Heunggongvirae;Uroviricota;Caudoviricetes;;
SRR2912786_140311	503	No terminal repeats	NA	2	11	0.8160	NA	1	1.3895	Viruses;Duplodnaviria;Heunggongvirae;Uroviricota;Caudoviricetes;;
SRR2912786_176753	993	No terminal repeats	NA	3	11	0.8160	NA	1	1.3040	Viruses;Duplodnaviria;Heunggongvirae;Uroviricota;Caudoviricetes;;
SRR2912786_166944	342	No terminal repeats	NA	2	11	0.8157	NA	1	1.7183	Viruses;Duplodnaviria;Heunggongvirae;Uroviricota;Caudoviricetes;;
SRR2912786_105542	428	No terminal repeats	NA	2	11	0.8151	NA	1	1.7183	Viruses;Duplodnaviria;Heunggongvirae;Uroviricota;Caudoviricetes;;
SRR2912786_135168	299	No terminal repeats	NA	1	11	0.8149	NA	1	1.3284	Viruses;Duplodnaviria;Heunggongvirae;Uroviricota;Caudoviricetes;;
SRR2912786_25986	2744	No terminal repeats	NA	5	11	0.8142	NA	0	3.5714	Viruses;Duplodnaviria;Heunggongvirae;Uroviricota;Caudoviricetes;;
SRR2912786_47196	314	No terminal repeats	NA	1	11	0.8130	NA	1	1.5065	Viruses;Duplodnaviria;Heunggongvirae;Uroviricota;Caudoviricetes;;
SRR2912786_141371	402	No terminal repeats	NA	1	11	0.8117	NA	1	1.4660	Viruses;Duplodnaviria;Heunggongvirae;Uroviricota;Caudoviricetes;;
SRR2912786_100714	302	No terminal repeats	NA	1	11	0.8116	NA	1	0.9308	Viruses;Duplodnaviria;Heunggongvirae;Uroviricota;Caudoviricetes;;
SRR2912786_23752	536	No terminal repeats	NA	2	11	0.8106	NA	1	1.7183	Viruses;Duplodnaviria;Heunggongvirae;Uroviricota;Caudoviricetes;;
SRR2912786_21359	506	No terminal repeats	NA	2	11	0.8099	NA	1	1.7183	Viruses;Duplodnaviria;Heunggongvirae;Uroviricota;Caudoviricetes;;
SRR2912786_104917	681	No terminal repeats	NA	1	11	0.8097	NA	1	1.0918	Viruses;Duplodnaviria;Heunggongvirae;Uroviricota;Caudoviricetes;;
SRR2912786_187203	181	No terminal repeats	NA	1	11	0.8092	NA	1	0.7290	Viruses;Duplodnaviria;Heunggongvirae;Uroviricota;Caudoviricetes;;
SRR2912786_43045	1313	No terminal repeats	NA	1	11	0.8089	NA	1	1.1940	Viruses;Duplodnaviria;Heunggongvirae;Uroviricota;Caudoviricetes;;
SRR2912786_171330	987	No terminal repeats	NA	1	11	0.8089	NA	1	1.7183	Viruses;Duplodnaviria;Heunggongvirae;Uroviricota;Caudoviricetes;;
SRR2912786_7929	8127	No terminal repeats	NA	7	11	0.8082	NA	0	1.9483	Viruses;Duplodnaviria;Heunggongvirae;Uroviricota;Caudoviricetes;;
SRR2912786_135266	820	No terminal repeats	NA	2	11	0.8080	NA	1	1.7183	Viruses;Duplodnaviria;Heunggongvirae;Uroviricota;Caudoviricetes;;
SRR2912786_271352	232	No terminal repeats	NA	1	11	0.8075	NA	1	1.2610	Viruses;Duplodnaviria;Heunggongvirae;Uroviricota;Caudoviricetes;;
SRR2912786_73646	2919	No terminal repeats	NA	3	11	0.8073	NA	0	1.1806	Unclassified
SRR2912786_15786	3848	No terminal repeats	NA	5	11	0.8071	NA	1	2.7661	Viruses;Duplodnaviria;Heunggongvirae;Uroviricota;Caudoviricetes;;
SRR2912786_16175	2528	No terminal repeats	NA	1	11	0.8057	NA	0	1.7183	Viruses;Duplodnaviria;Heunggongvirae;Uroviricota;Caudoviricetes;;
SRR2912786_64693	448	No terminal repeats	NA	2	11	0.8056	NA	1	0.7290	Viruses;Duplodnaviria;Heunggongvirae;Uroviricota;Caudoviricetes;;
SRR2912786_158281	403	No terminal repeats	NA	1	11	0.8054	NA	1	1.7183	Viruses;Duplodnaviria;Heunggongvirae;Uroviricota;Caudoviricetes;;
SRR2912786_136728	338	No terminal repeats	NA	1	11	0.8047	NA	1	1.7169	Viruses;Duplodnaviria;Heunggongvirae;Uroviricota;Caudoviricetes;;
SRR2912786_208965	608	No terminal repeats	NA	1	11	0.8036	NA	1	1.7174	Viruses;Duplodnaviria;Heunggongvirae;Uroviricota;Caudoviricetes;;
SRR2912786_150679	343	No terminal repeats	NA	2	11	0.8027	NA	1	1.2131	Viruses;Duplodnaviria;Heunggongvirae;Uroviricota;Caudoviricetes;;
SRR2912786_141498	300	No terminal repeats	NA	2	11	0.8024	NA	1	1.5969	Unclassified
SRR2912786_77561	307	No terminal repeats	NA	1	11	0.8024	NA	1	1.7122	Viruses;Duplodnaviria;Heunggongvirae;Uroviricota;Caudoviricetes;;
SRR2912786_261364	296	No terminal repeats	NA	1	11	0.8017	NA	1	1.4883	Viruses;Duplodnaviria;Heunggongvirae;Uroviricota;Caudoviricetes;;
SRR2912786_260186	231	No terminal repeats	NA	1	11	0.8013	NA	1	1.3324	Viruses;Duplodnaviria;Heunggongvirae;Uroviricota;Caudoviricetes;;
SRR2912786_149919	166	No terminal repeats	NA	1	11	0.8011	NA	1	1.6734	Viruses;Duplodnaviria;Heunggongvirae;Uroviricota;Caudoviricetes;;
SRR2912786_119368	621	No terminal repeats	NA	2	11	0.8005	NA	1	1.7183	Viruses;Duplodnaviria;Heunggongvirae;Uroviricota;Caudoviricetes;;
SRR2912786_7400	820	No terminal repeats	NA	2	11	0.8001	NA	1	1.7170	Viruses;Duplodnaviria;Heunggongvirae;Uroviricota;Caudoviricetes;;
SRR2912786_74965	314	No terminal repeats	NA	1	11	0.7999	NA	1	1.6928	Viruses;Duplodnaviria;Heunggongvirae;Uroviricota;Caudoviricetes;;
SRR2912786_261332	280	No terminal repeats	NA	1	11	0.7997	NA	1	1.7183	Viruses;Duplodnaviria;Heunggongvirae;Uroviricota;Caudoviricetes;;
SRR2912786_1245	4867	No terminal repeats	NA	11	11	0.7996	NA	1	2.3216	Viruses;Duplodnaviria;Heunggongvirae;Uroviricota;Caudoviricetes;;
SRR2912786_56344	1758	No terminal repeats	NA	2	11	0.7996	NA	1	1.7183	Viruses;Duplodnaviria;Heunggongvirae;Uroviricota;Caudoviricetes;;
SRR2912786_289635	157	No terminal repeats	NA	1	11	0.7996	NA	1	1.6576	Viruses;Duplodnaviria;Heunggongvirae;Uroviricota;Caudoviricetes;;
SRR2912786_87085	277	No terminal repeats	NA	1	11	0.7993	NA	1	1.1209	Viruses;Duplodnaviria;Heunggongvirae;Uroviricota;Caudoviricetes;;
SRR2912786_149867	403	No terminal repeats	NA	1	11	0.7980	NA	1	0.9939	Viruses;Duplodnaviria;Heunggongvirae;Uroviricota;Caudoviricetes;;
SRR2912786_52321	4405	No terminal repeats	NA	7	11	0.7978	NA	0	1.1307	Viruses;Duplodnaviria;Heunggongvirae;Uroviricota;Caudoviricetes;;
SRR2912786_51208	4651	No terminal repeats	NA	1	11	0.7977	NA	0	0.0000	Unclassified
SRR2912786_55512	690	No terminal repeats	NA	2	11	0.7969	NA	1	1.7183	Viruses;Duplodnaviria;Heunggongvirae;Uroviricota;Caudoviricetes;;
SRR2912786_21584	1659	No terminal repeats	NA	3	11	0.7965	NA	1	2.8561	Viruses;Duplodnaviria;Heunggongvirae;Uroviricota;Caudoviricetes;;
SRR2912786_141812	176	No terminal repeats	NA	1	11	0.7952	NA	1	0.9776	Viruses;Duplodnaviria;Heunggongvirae;Uroviricota;Caudoviricetes;;
SRR2912786_135357	734	No terminal repeats	NA	2	11	0.7949	NA	1	1.0514	Viruses;Duplodnaviria;Heunggongvirae;Uroviricota;Caudoviricetes;;
SRR2912786_155087	1560	No terminal repeats	NA	2	11	0.7948	NA	2	3.4341	Viruses;Duplodnaviria;Heunggongvirae;Uroviricota;Caudoviricetes;;
SRR2912786_126972	693	No terminal repeats	NA	2	11	0.7946	NA	1	1.3387	Viruses;Duplodnaviria;Heunggongvirae;Uroviricota;Caudoviricetes;;
SRR2912786_10583	354	No terminal repeats	NA	1	11	0.7946	NA	1	1.1240	Viruses;Duplodnaviria;Heunggongvirae;Uroviricota;Caudoviricetes;;
SRR2912786_173214	801	No terminal repeats	NA	1	11	0.7942	NA	1	0.9506	Viruses;Duplodnaviria;Heunggongvirae;Uroviricota;Caudoviricetes;;
SRR2912786_52612	3298	No terminal repeats	NA	10	11	0.7941	NA	0	0.0000	Unclassified
SRR2912786_260084	203	No terminal repeats	NA	1	11	0.7937	NA	1	0.7382	Viruses;Duplodnaviria;Heunggongvirae;Uroviricota;Caudoviricetes;;
SRR2912786_200115	281	No terminal repeats	NA	1	11	0.7937	NA	1	1.3100	Viruses;Duplodnaviria;Heunggongvirae;Uroviricota;Caudoviricetes;;
SRR2912786_55952	479	No terminal repeats	NA	1	11	0.7932	NA	1	0.9967	Viruses;Monodnaviria;Loebvirae;Hofneiviricota;Faserviricetes;Tubulavirales;Inoviridae
SRR2912786_221952	249	No terminal repeats	NA	1	11	0.7931	NA	1	1.6734	Viruses;Duplodnaviria;Heunggongvirae;Uroviricota;Caudoviricetes;;
SRR2912786_3616	4776	No terminal repeats	NA	4	11	0.7929	NA	1	1.5132	Viruses;Duplodnaviria;Heunggongvirae;Uroviricota;Caudoviricetes;;
SRR2912786_875	13194	No terminal repeats	NA	8	11	0.7925	NA	0	1.7183	Viruses;Duplodnaviria;Heunggongvirae;Uroviricota;Caudoviricetes;;
SRR2912786_135593	491	No terminal repeats	NA	2	11	0.7924	NA	1	1.7183	Viruses;Duplodnaviria;Heunggongvirae;Uroviricota;Caudoviricetes;;
SRR2912786_3175	8670	No terminal repeats	NA	8	11	0.7918	NA	0	1.6125	Unclassified
SRR2912786_17161	155	No terminal repeats	NA	1	11	0.7916	NA	1	1.4179	Viruses;Duplodnaviria;Heunggongvirae;Uroviricota;Caudoviricetes;;
SRR2912786_30292	237	No terminal repeats	NA	1	11	0.7909	NA	1	1.7104	Viruses;Duplodnaviria;Heunggongvirae;Uroviricota;Caudoviricetes;;
SRR2912786_225272	496	No terminal repeats	NA	1	11	0.7900	NA	1	1.7183	Viruses;Duplodnaviria;Heunggongvirae;Uroviricota;Caudoviricetes;;
SRR2912786_142543	433	No terminal repeats	NA	1	11	0.7884	NA	1	1.5362	Viruses;Duplodnaviria;Heunggongvirae;Uroviricota;Caudoviricetes;;
SRR2912786_4634	1276	No terminal repeats	NA	3	11	0.7881	NA	2	3.4366	Viruses;Duplodnaviria;Heunggongvirae;Uroviricota;Caudoviricetes;;
SRR2912786_4582	3434	No terminal repeats	NA	8	11	0.7874	NA	0	1.7183	Viruses;Duplodnaviria;Heunggongvirae;Uroviricota;Caudoviricetes;;
SRR2912786_87728	239	No terminal repeats	NA	1	11	0.7864	NA	1	1.2856	Viruses;Duplodnaviria;Heunggongvirae;Uroviricota;Caudoviricetes;;
SRR2912786_26455	2179	No terminal repeats	NA	4	11	0.7860	NA	2	2.9127	Viruses;Duplodnaviria;Heunggongvirae;Uroviricota;Caudoviricetes;;
SRR2912786_21041	4905	No terminal repeats	NA	8	11	0.7855	NA	2	4.2654	Viruses;Duplodnaviria;Heunggongvirae;Uroviricota;Caudoviricetes;;
SRR2912786_132072	436	No terminal repeats	NA	1	11	0.7848	NA	1	1.7167	Viruses;Duplodnaviria;Heunggongvirae;Uroviricota;Caudoviricetes;;
SRR2912786_64297	3690	No terminal repeats	NA	4	11	0.7845	NA	0	3.0494	Viruses;Duplodnaviria;Heunggongvirae;Uroviricota;Caudoviricetes;;
SRR2912786_15707	2701	No terminal repeats	NA	4	11	0.7843	NA	0	2.8271	Viruses;Duplodnaviria;Heunggongvirae;Uroviricota;Caudoviricetes;;
SRR2912786_35262	2573	No terminal repeats	NA	2	11	0.7814	NA	0	0.6333	Viruses;Duplodnaviria;Heunggongvirae;Uroviricota;Caudoviricetes;;
SRR2912786_236684	445	No terminal repeats	NA	1	11	0.7811	NA	1	1.6245	Viruses;Duplodnaviria;Heunggongvirae;Uroviricota;Caudoviricetes;;
SRR2912786_251820	189	No terminal repeats	NA	1	11	0.7806	NA	1	1.6734	Viruses;Duplodnaviria;Heunggongvirae;Uroviricota;Caudoviricetes;;
SRR2912786_223634	349	No terminal repeats	NA	1	11	0.7801	NA	1	1.2997	Viruses;Duplodnaviria;Heunggongvirae;Uroviricota;Caudoviricetes;;
SRR2912786_83339	580	No terminal repeats	NA	2	11	0.7799	NA	1	3.3589	Viruses;Duplodnaviria;Heunggongvirae;Uroviricota;Caudoviricetes;;
SRR2912786_117243	392	No terminal repeats	NA	1	11	0.7791	NA	1	1.6236	Viruses;Duplodnaviria;Heunggongvirae;Uroviricota;Caudoviricetes;;
SRR2912786_196455	446	No terminal repeats	NA	1	11	0.7790	NA	1	1.2629	Viruses;Duplodnaviria;Heunggongvirae;Uroviricota;Caudoviricetes;;
SRR2912786_166526	279	No terminal repeats	NA	1	11	0.7789	NA	1	1.5373	Viruses;Duplodnaviria;Heunggongvirae;Uroviricota;Caudoviricetes;;
SRR2912786_26905	3167	No terminal repeats	NA	3	11	0.7788	NA	2	2.8762	Viruses;Duplodnaviria;Heunggongvirae;Uroviricota;Caudoviricetes;;
SRR2912786_149991	329	No terminal repeats	NA	1	11	0.7774	NA	1	1.7118	Viruses;Duplodnaviria;Heunggongvirae;Uroviricota;Caudoviricetes;;
SRR2912786_306560	154	No terminal repeats	NA	1	11	0.7772	NA	1	0.6950	Viruses;Duplodnaviria;Heunggongvirae;Uroviricota;Caudoviricetes;;
SRR2912786_1428	13033	No terminal repeats	NA	15	11	0.7762	NA	0	6.8731	Unclassified
SRR2912786_129971	269	No terminal repeats	NA	1	11	0.7761	NA	1	1.5534	Viruses;Duplodnaviria;Heunggongvirae;Uroviricota;Caudoviricetes;;
SRR2912786_207723	487	No terminal repeats	NA	2	11	0.7760	NA	1	1.7126	Viruses;Duplodnaviria;Heunggongvirae;Uroviricota;Caudoviricetes;;
SRR2912786_102061	313	No terminal repeats	NA	1	11	0.7760	NA	1	1.2609	Viruses;Duplodnaviria;Heunggongvirae;Uroviricota;Caudoviricetes;;
SRR2912786_33226	204	No terminal repeats	NA	1	11	0.7758	NA	1	1.4287	Viruses;Duplodnaviria;Heunggongvirae;Uroviricota;Caudoviricetes;;
SRR2912786_112849	614	No terminal repeats	NA	1	11	0.7754	NA	1	1.7162	Viruses;Duplodnaviria;Heunggongvirae;Uroviricota;Caudoviricetes;;
SRR2912786_32001	8463	No terminal repeats	NA	9	11	0.7743	NA	0	1.6125	Unclassified
SRR2912786_10460	634	No terminal repeats	NA	1	11	0.7742	NA	1	1.6407	Viruses;Duplodnaviria;Heunggongvirae;Uroviricota;Caudoviricetes;;
SRR2912786_149119	898	No terminal repeats	NA	1	11	0.7739	NA	1	1.2306	Viruses;Duplodnaviria;Heunggongvirae;Uroviricota;Caudoviricetes;;
SRR2912786_190453	612	No terminal repeats	NA	1	11	0.7734	NA	1	1.2306	Viruses;Duplodnaviria;Heunggongvirae;Uroviricota;Caudoviricetes;;
SRR2912786_200641	324	No terminal repeats	NA	2	11	0.7733	NA	1	1.6206	Viruses;Duplodnaviria;Heunggongvirae;Uroviricota;Caudoviricetes;;
SRR2912786_50523	469	No terminal repeats	NA	1	11	0.7732	NA	1	1.5594	Viruses;Duplodnaviria;Heunggongvirae;Uroviricota;Caudoviricetes;;
SRR2912786_6342	4597	No terminal repeats	NA	8	11	0.7730	NA	0	1.3377	Viruses;Duplodnaviria;Heunggongvirae;Uroviricota;Caudoviricetes;;
SRR2912786_124684	218	No terminal repeats	NA	1	11	0.7727	NA	1	1.4242	Viruses;Duplodnaviria;Heunggongvirae;Uroviricota;Caudoviricetes;;
SRR2912786_158321	1124	No terminal repeats	NA	2	11	0.7724	NA	1	1.5032	Viruses;Duplodnaviria;Heunggongvirae;Uroviricota;Caudoviricetes;;
SRR2912786_201699	492	No terminal repeats	NA	1	11	0.7717	NA	1	1.6615	Viruses;Duplodnaviria;Heunggongvirae;Uroviricota;Caudoviricetes;;
SRR2912786_15208	2835	No terminal repeats	NA	5	11	0.7715	NA	1	3.2498	Viruses;Duplodnaviria;Heunggongvirae;Uroviricota;Caudoviricetes;;
SRR2912786_15108	6961	No terminal repeats	NA	6	11	0.7712	NA	0	3.2842	Viruses;Duplodnaviria;Heunggongvirae;Uroviricota;Caudoviricetes;;
SRR2912786_19173	2944	No terminal repeats	NA	3	11	0.7690	NA	0	1.7183	Viruses;Duplodnaviria;Heunggongvirae;Uroviricota;Caudoviricetes;;
SRR2912786_14328	6916	No terminal repeats	NA	11	11	0.7676	NA	0	0.5557	Unclassified
SRR2912786_11306	5685	No terminal repeats	NA	1	11	0.7661	NA	0	0.0000	Unclassified
SRR2912786_24815	1625	No terminal repeats	NA	1	11	0.7653	NA	1	1.3458	Viruses;Duplodnaviria;Heunggongvirae;Uroviricota;Caudoviricetes;;
SRR2912786_197407	199	No terminal repeats	NA	1	11	0.7641	NA	1	1.5534	Viruses;Duplodnaviria;Heunggongvirae;Uroviricota;Caudoviricetes;;
SRR2912786_11755	3157	No terminal repeats	NA	2	11	0.7634	NA	0	1.7183	Viruses;Duplodnaviria;Heunggongvirae;Uroviricota;Caudoviricetes;;
SRR2912786_31391	2543	No terminal repeats	NA	2	11	0.7631	NA	0	1.7183	Viruses;Duplodnaviria;Heunggongvirae;Uroviricota;Caudoviricetes;;
SRR2912786_73810	415	No terminal repeats	NA	2	11	0.7629	NA	1	3.3589	Viruses;Duplodnaviria;Heunggongvirae;Uroviricota;Caudoviricetes;;
SRR2912786_234414	279	No terminal repeats	NA	1	15	0.7609	NA	1	1.6157	Viruses;Duplodnaviria;Heunggongvirae;Uroviricota;Caudoviricetes;;
SRR2912786_8084	5479	No terminal repeats	NA	6	11	0.7604	NA	0	1.2119	Viruses;Duplodnaviria;Heunggongvirae;Uroviricota;Caudoviricetes;;
SRR2912786_326329	167	No terminal repeats	NA	1	11	0.7597	NA	1	1.4001	Viruses;Duplodnaviria;Heunggongvirae;Uroviricota;Caudoviricetes;;
SRR2912786_156857	545	No terminal repeats	NA	2	11	0.7597	NA	1	1.3278	Viruses;Duplodnaviria;Heunggongvirae;Uroviricota;Caudoviricetes;;
SRR2912786_17709	921	No terminal repeats	NA	1	11	0.7591	NA	1	1.7183	Viruses;Duplodnaviria;Heunggongvirae;Uroviricota;Caudoviricetes;;
SRR2912786_73731	350	No terminal repeats	NA	1	11	0.7574	NA	1	1.3998	Viruses;Duplodnaviria;Heunggongvirae;Uroviricota;Caudoviricetes;;
SRR2912786_167476	164	No terminal repeats	NA	1	11	0.7566	NA	1	1.6576	Viruses;Duplodnaviria;Heunggongvirae;Uroviricota;Caudoviricetes;;
SRR2912786_66916	4165	No terminal repeats	NA	6	11	0.7561	NA	0	1.2099	Unclassified
SRR2912786_236265	173	No terminal repeats	NA	1	11	0.7531	NA	1	1.4287	Viruses;Duplodnaviria;Heunggongvirae;Uroviricota;Caudoviricetes;;
SRR2912786_26441	1221	No terminal repeats	NA	2	11	0.7530	NA	1	1.7183	Viruses;Duplodnaviria;Heunggongvirae;Uroviricota;Caudoviricetes;;
SRR2912786_286473	161	No terminal repeats	NA	1	11	0.7529	NA	1	1.0829	Viruses;Duplodnaviria;Heunggongvirae;Uroviricota;Caudoviricetes;;
SRR2912786_148536	446	No terminal repeats	NA	1	11	0.7529	NA	1	1.6407	Viruses;Duplodnaviria;Heunggongvirae;Uroviricota;Caudoviricetes;;
SRR2912786_301261	415	No terminal repeats	NA	1	11	0.7518	NA	1	1.6293	Viruses;Duplodnaviria;Heunggongvirae;Uroviricota;Caudoviricetes;;
SRR2912786_167834	314	No terminal repeats	NA	1	11	0.7500	NA	1	1.3070	Viruses;Duplodnaviria;Heunggongvirae;Uroviricota;Caudoviricetes;;
SRR2912786_302214	472	No terminal repeats	NA	1	11	0.7491	NA	1	1.3207	Viruses;Duplodnaviria;Heunggongvirae;Uroviricota;Caudoviricetes;;
SRR2912786_211964	524	No terminal repeats	NA	1	11	0.7486	NA	1	1.3755	Viruses;Duplodnaviria;Heunggongvirae;Uroviricota;Caudoviricetes;;
SRR2912786_4735	18809	No terminal repeats	NA	25	11	0.7479	NA	0	2.0824	Viruses;Duplodnaviria;Heunggongvirae;Uroviricota;Caudoviricetes;;
SRR2912786_197678	292	No terminal repeats	NA	1	11	0.7476	NA	1	1.2996	Viruses;Duplodnaviria;Heunggongvirae;Uroviricota;Caudoviricetes;;
SRR2912786_83655	483	No terminal repeats	NA	1	11	0.7471	NA	1	1.4627	Viruses;Duplodnaviria;Heunggongvirae;Uroviricota;Caudoviricetes;;Ackermannviridae
SRR2912786_53244	3565	No terminal repeats	NA	4	11	0.7469	NA	0	0.0000	Unclassified
SRR2912786_69575	2467	No terminal repeats	NA	3	11	0.7461	NA	1	1.7105	Viruses;Duplodnaviria;Heunggongvirae;Uroviricota;Caudoviricetes;;
SRR2912786_10312	11815	No terminal repeats	NA	17	11	0.7460	NA	0	0.0000	Unclassified
SRR2912786_115277	276	No terminal repeats	NA	1	11	0.7460	NA	1	1.3976	Viruses;Duplodnaviria;Heunggongvirae;Uroviricota;Caudoviricetes;;
SRR2912786_170826	218	No terminal repeats	NA	1	11	0.7454	NA	1	1.6407	Viruses;Duplodnaviria;Heunggongvirae;Uroviricota;Caudoviricetes;;
SRR2912786_15264	1420	No terminal repeats	NA	4	11	0.7450	NA	1	1.4359	Viruses;Duplodnaviria;Heunggongvirae;Uroviricota;Caudoviricetes;;
SRR2912786_60288	3279	No terminal repeats	NA	4	11	0.7448	NA	0	0.0000	Unclassified
SRR2912786_40298	1357	No terminal repeats	NA	1	11	0.7446	NA	1	1.0918	Viruses;Duplodnaviria;Heunggongvirae;Uroviricota;Caudoviricetes;;
SRR2912786_53409	240	No terminal repeats	NA	1	11	0.7445	NA	1	1.3422	Viruses;Duplodnaviria;Heunggongvirae;Uroviricota;Caudoviricetes;;
SRR2912786_6774	2905	No terminal repeats	NA	3	11	0.7443	NA	0	0.9984	Viruses;Duplodnaviria;Heunggongvirae;Uroviricota;Caudoviricetes;;
SRR2912786_29059	1499	No terminal repeats	NA	2	11	0.7440	NA	1	1.7183	Viruses;Duplodnaviria;Heunggongvirae;Uroviricota;Caudoviricetes;;
SRR2912786_149846	789	No terminal repeats	NA	1	11	0.7440	NA	1	1.2298	Viruses;Duplodnaviria;Heunggongvirae;Uroviricota;Caudoviricetes;;
SRR2912786_304286	170	No terminal repeats	NA	1	11	0.7438	NA	1	1.4626	Viruses;Duplodnaviria;Heunggongvirae;Uroviricota;Caudoviricetes;;
SRR2912786_42255	518	No terminal repeats	NA	1	11	0.7427	NA	1	1.7136	Viruses;Duplodnaviria;Heunggongvirae;Uroviricota;Caudoviricetes;;
SRR2912786_120644	450	No terminal repeats	NA	1	11	0.7427	NA	1	1.3160	Viruses;Duplodnaviria;Heunggongvirae;Uroviricota;Caudoviricetes;;
SRR2912786_35785	1222	No terminal repeats	NA	1	11	0.7426	NA	1	1.7170	Viruses;Duplodnaviria;Heunggongvirae;Uroviricota;Caudoviricetes;;
SRR2912786_14428	974	No terminal repeats	NA	3	11	0.7419	NA	1	1.3042	Viruses;Duplodnaviria;Heunggongvirae;Uroviricota;Caudoviricetes;;
SRR2912786_25364	1606	No terminal repeats	NA	2	11	0.7418	NA	1	1.7183	Viruses;Duplodnaviria;Heunggongvirae;Uroviricota;Caudoviricetes;;
SRR2912786_171938	159	No terminal repeats	NA	1	11	0.7399	NA	1	1.4001	Viruses;Duplodnaviria;Heunggongvirae;Uroviricota;Caudoviricetes;;
SRR2912786_52629	2516	No terminal repeats	NA	3	11	0.7397	NA	0	1.0603	Viruses;Duplodnaviria;Heunggongvirae;Uroviricota;Caudoviricetes;;
SRR2912786_118335	812	No terminal repeats	NA	1	11	0.7396	NA	1	1.2306	Viruses;Duplodnaviria;Heunggongvirae;Uroviricota;Caudoviricetes;;
SRR2912786_3002	5845	No terminal repeats	NA	4	11	0.7392	NA	0	1.7183	Viruses;Duplodnaviria;Heunggongvirae;Uroviricota;Caudoviricetes;;
SRR2912786_19867	5717	No terminal repeats	NA	9	11	0.7390	NA	0	1.7183	Viruses;Duplodnaviria;Heunggongvirae;Uroviricota;Caudoviricetes;;
SRR2912786_145337	208	No terminal repeats	NA	1	11	0.7380	NA	1	1.4094	Viruses;Duplodnaviria;Heunggongvirae;Uroviricota;Caudoviricetes;;
SRR2912786_24433	4359	No terminal repeats	NA	6	11	0.7378	NA	0	1.7183	Viruses;Duplodnaviria;Heunggongvirae;Uroviricota;Caudoviricetes;;
SRR2912786_237231	804	No terminal repeats	NA	2	11	0.7371	NA	2	2.9844	Viruses;Duplodnaviria;Heunggongvirae;Uroviricota;Caudoviricetes;;
SRR2912786_25496	3021	No terminal repeats	NA	1	11	0.7367	NA	0	0.0000	Unclassified
SRR2912786_182672	237	No terminal repeats	NA	1	11	0.7360	NA	1	1.3595	Viruses;Duplodnaviria;Heunggongvirae;Uroviricota;Caudoviricetes;;
SRR2912786_137126	186	No terminal repeats	NA	1	11	0.7351	NA	1	1.7097	Viruses;Duplodnaviria;Heunggongvirae;Uroviricota;Caudoviricetes;;
SRR2912786_12178	4384	No terminal repeats	NA	11	11	0.7351	NA	0	0.0000	Unclassified
SRR2912786_127505	962	No terminal repeats	NA	1	11	0.7348	NA	1	1.2096	Viruses;Duplodnaviria;Heunggongvirae;Uroviricota;Caudoviricetes;;
SRR2912786_254038	745	No terminal repeats	NA	3	11	0.7339	NA	1	1.7183	Viruses;Duplodnaviria;Heunggongvirae;Uroviricota;Caudoviricetes;;
SRR2912786_48732	523	No terminal repeats	NA	1	11	0.7333	NA	1	1.7060	Viruses;Duplodnaviria;Heunggongvirae;Uroviricota;Caudoviricetes;;
SRR2912786_132843	202	No terminal repeats	NA	1	11	0.7326	NA	1	1.5421	Viruses;Duplodnaviria;Heunggongvirae;Uroviricota;Caudoviricetes;;
SRR2912786_193504	190	No terminal repeats	NA	1	11	0.7323	NA	1	1.3950	Viruses;Duplodnaviria;Heunggongvirae;Uroviricota;Caudoviricetes;;
SRR2912786_236862	347	No terminal repeats	NA	2	11	0.7322	NA	1	0.7382	Viruses;Duplodnaviria;Heunggongvirae;Uroviricota;Caudoviricetes;;
SRR2912786_47178	2548	No terminal repeats	NA	3	11	0.7321	NA	1	1.7136	Viruses;Duplodnaviria;Heunggongvirae;Uroviricota;Caudoviricetes;;
SRR2912786_18656	3872	No terminal repeats	NA	4	11	0.7319	NA	0	1.0578	Viruses;Duplodnaviria;Heunggongvirae;Uroviricota;Caudoviricetes;;
SRR2912786_206751	171	No terminal repeats	NA	1	11	0.7317	NA	1	1.1579	Viruses;Duplodnaviria;Heunggongvirae;Uroviricota;Caudoviricetes;;
SRR2912786_143649	776	No terminal repeats	NA	2	11	0.7316	NA	1	3.0023	Viruses;Duplodnaviria;Heunggongvirae;Uroviricota;Caudoviricetes;;
SRR2912786_109569	336	No terminal repeats	NA	1	11	0.7316	NA	1	1.0136	Viruses;Duplodnaviria;Heunggongvirae;Uroviricota;Caudoviricetes;;
SRR2912786_59028	6875	No terminal repeats	NA	8	11	0.7309	NA	0	1.7183	Viruses;Duplodnaviria;Heunggongvirae;Uroviricota;Caudoviricetes;;
SRR2912786_44871	3934	No terminal repeats	NA	4	11	0.7301	NA	0	0.0000	Unclassified
SRR2912786_12408	4059	No terminal repeats	NA	5	11	0.7294	NA	0	1.7183	Viruses;Duplodnaviria;Heunggongvirae;Uroviricota;Caudoviricetes;;
SRR2912786_299003	292	No terminal repeats	NA	1	11	0.7265	NA	1	1.1579	Viruses;Duplodnaviria;Heunggongvirae;Uroviricota;Caudoviricetes;;
SRR2912786_85066	4629	No terminal repeats	NA	10	11	0.7261	NA	0	1.3648	Viruses;Duplodnaviria;Heunggongvirae;Uroviricota;Caudoviricetes;;Casjensviridae
SRR2912786_18352	7213	No terminal repeats	NA	10	11	0.7257	NA	0	3.0189	Viruses;Duplodnaviria;Heunggongvirae;Uroviricota;Caudoviricetes;;
SRR2912786_24	12646	No terminal repeats	NA	12	11	0.7256	NA	0	3.4366	Viruses;Duplodnaviria;Heunggongvirae;Uroviricota;Caudoviricetes;;
SRR2912786_213134	295	No terminal repeats	NA	1	11	0.7252	NA	1	1.4429	Viruses;Duplodnaviria;Heunggongvirae;Uroviricota;Caudoviricetes;;
SRR2912786_320897	219	No terminal repeats	NA	1	11	0.7249	NA	1	0.7290	Viruses;Duplodnaviria;Heunggongvirae;Uroviricota;Caudoviricetes;;
SRR2912786_161833	300	No terminal repeats	NA	1	11	0.7247	NA	1	1.4365	Viruses;Duplodnaviria;Heunggongvirae;Uroviricota;Caudoviricetes;;
SRR2912786_65153	886	No terminal repeats	NA	3	11	0.7247	NA	1	1.3626	Viruses;Duplodnaviria;Heunggongvirae;Uroviricota;Caudoviricetes;;
SRR2912786_252915	286	No terminal repeats	NA	1	11	0.7233	NA	1	1.5687	Viruses;Duplodnaviria;Heunggongvirae;Uroviricota;Caudoviricetes;;
SRR2912786_166102	673	No terminal repeats	NA	2	11	0.7232	NA	1	1.7183	Viruses;Duplodnaviria;Heunggongvirae;Uroviricota;Caudoviricetes;;
SRR2912786_281574	138	No terminal repeats	NA	1	11	0.7215	NA	1	1.6414	Viruses;Duplodnaviria;Heunggongvirae;Uroviricota;Caudoviricetes;;
SRR2912786_10481	3145	No terminal repeats	NA	3	11	0.7213	NA	1	1.7562	Viruses;Duplodnaviria;Heunggongvirae;Uroviricota;Caudoviricetes;;
SRR2912786_12627	7275	No terminal repeats	NA	6	11	0.7210	NA	0	1.5555	Viruses;Duplodnaviria;Heunggongvirae;Uroviricota;Caudoviricetes;;
SRR2912786_60872	2810	No terminal repeats	NA	5	11	0.7203	NA	0	1.1934	Viruses;Duplodnaviria;Heunggongvirae;Uroviricota;Caudoviricetes;;
SRR2912786_39340	984	No terminal repeats	NA	1	11	0.7198	NA	1	1.7136	Viruses;Duplodnaviria;Heunggongvirae;Uroviricota;Caudoviricetes;;
SRR2912786_29215	526	No terminal repeats	NA	1	11	0.7184	NA	1	1.3114	Viruses;Duplodnaviria;Heunggongvirae;Uroviricota;Caudoviricetes;;
SRR2912786_31777	4044	No terminal repeats	NA	1	11	0.7180	NA	0	0.0000	Unclassified
SRR2912786_158922	1068	No terminal repeats	NA	1	11	0.7177	NA	1	1.1244	Viruses;Duplodnaviria;Heunggongvirae;Uroviricota;Caudoviricetes;;
SRR2912786_75502	2834	No terminal repeats	NA	5	11	0.7176	NA	0	2.2750	Viruses;Duplodnaviria;Heunggongvirae;Uroviricota;Caudoviricetes;;
SRR2912786_22769	2837	No terminal repeats	NA	4	11	0.7167	NA	0	1.7183	Viruses;Duplodnaviria;Heunggongvirae;Uroviricota;Caudoviricetes;;
SRR2912786_268807	310	No terminal repeats	NA	1	11	0.7167	NA	1	1.4277	Viruses;Duplodnaviria;Heunggongvirae;Uroviricota;Caudoviricetes;;
SRR2912786_197053	388	No terminal repeats	NA	1	11	0.7158	NA	1	1.6281	Viruses;Duplodnaviria;Heunggongvirae;Uroviricota;Caudoviricetes;;
SRR2912786_49804	1219	No terminal repeats	NA	1	11	0.7152	NA	1	1.2053	Viruses;Duplodnaviria;Heunggongvirae;Uroviricota;Caudoviricetes;;
SRR2912786_45990	1577	No terminal repeats	NA	4	11	0.7152	NA	1	2.2620	Viruses;Duplodnaviria;Heunggongvirae;Uroviricota;Caudoviricetes;;
SRR2912786_58630	1904	No terminal repeats	NA	3	11	0.7142	NA	1	1.7183	Viruses;Duplodnaviria;Heunggongvirae;Uroviricota;Caudoviricetes;;
SRR2912786_3467	3858	No terminal repeats	NA	2	11	0.7128	NA	0	0.0000	Unclassified
SRR2912786_23133	3441	No terminal repeats	NA	2	11	0.7119	NA	0	0.0000	Unclassified
SRR2912786_12445	3869	No terminal repeats	NA	5	11	0.7119	NA	0	0.7318	Viruses;Duplodnaviria;Heunggongvirae;Uroviricota;Caudoviricetes;;
SRR2912786_110200	1702	No terminal repeats	NA	1	11	0.7115	NA	1	1.7114	Viruses;Duplodnaviria;Heunggongvirae;Uroviricota;Caudoviricetes;;
SRR2912786_111089	340	No terminal repeats	NA	1	11	0.7102	NA	1	1.1579	Viruses;Duplodnaviria;Heunggongvirae;Uroviricota;Caudoviricetes;;
SRR2912786_6989	506	No terminal repeats	NA	1	11	0.7095	NA	1	1.1668	Viruses;Duplodnaviria;Heunggongvirae;Uroviricota;Caudoviricetes;;
SRR2912786_70489	2827	No terminal repeats	NA	4	11	0.7095	NA	0	0.0000	Unclassified
SRR2912786_35953	2618	No terminal repeats	NA	3	11	0.7087	NA	0	0.0000	Unclassified
SRR2912786_1341	4256	No terminal repeats	NA	3	11	0.7082	NA	0	0.0000	Unclassified
SRR2912786_1120	163	No terminal repeats	NA	1	11	0.7071	NA	1	1.1579	Viruses;Duplodnaviria;Heunggongvirae;Uroviricota;Caudoviricetes;;
SRR2912786_325204	98	No terminal repeats	NA	1	11	0.7070	NA	1	1.6414	Viruses;Duplodnaviria;Heunggongvirae;Uroviricota;Caudoviricetes;;
SRR2912786_154904	286	No terminal repeats	NA	1	11	0.7062	NA	1	1.4005	Viruses;Duplodnaviria;Heunggongvirae;Uroviricota;Caudoviricetes;;
SRR2912786_31095	3219	No terminal repeats	NA	6	11	0.7051	NA	0	1.5155	Viruses;Duplodnaviria;Heunggongvirae;Uroviricota;Caudoviricetes;;
SRR2912786_173610	323	No terminal repeats	NA	1	11	0.7049	NA	1	1.3595	Viruses;Duplodnaviria;Heunggongvirae;Uroviricota;Caudoviricetes;;
SRR2912786_18677	2432	No terminal repeats	NA	6	11	0.7046	NA	2	4.7122	Viruses;Duplodnaviria;Heunggongvirae;Uroviricota;Caudoviricetes;;
SRR2912786_209305	414	No terminal repeats	NA	1	11	0.7044	NA	1	1.1876	Viruses;Duplodnaviria;Heunggongvirae;Uroviricota;Caudoviricetes;;
SRR2912786_23464	877	No terminal repeats	NA	2	11	0.7035	NA	1	1.5362	Viruses;Duplodnaviria;Heunggongvirae;Uroviricota;Caudoviricetes;;
SRR2912786_8834	10761	DTR	NA	9	11	0.7032	NA	0	3.8402	Viruses;Duplodnaviria;Heunggongvirae;Uroviricota;Caudoviricetes;;Kyanoviridae
SRR2912786_275094	285	No terminal repeats	NA	1	11	0.7032	NA	1	1.5065	Viruses;Duplodnaviria;Heunggongvirae;Uroviricota;Caudoviricetes;;
SRR2912786_43170	4653	No terminal repeats	NA	4	11	0.7017	NA	0	0.0000	Unclassified
SRR2912786_54451	513	No terminal repeats	NA	1	11	0.7007	NA	1	1.3829	Viruses;Duplodnaviria;Heunggongvirae;Uroviricota;Caudoviricetes;;
SRR2912786_10316	736	No terminal repeats	NA	2	11	0.7005	NA	1	1.2077	Viruses;Duplodnaviria;Heunggongvirae;Uroviricota;Caudoviricetes;;
