contig_id	contig_length	provirus	proviral_length	gene_count	viral_genes	host_genes	checkv_quality	miuvig_quality	completeness	completeness_method	contamination	kmer_freq	warnings
ERR2726443_17	51982	No	NA	41	4	2	Medium-quality	Genome-fragment	79.43	AAI-based (high-confidence)	0.0	1.0	
ERR2726443_160	7305	No	NA	7	0	1	Not-determined	Genome-fragment	NA	NA	0.0	1.0	no viral genes detected
ERR2726443_164	4129	No	NA	4	1	0	Low-quality	Genome-fragment	3.7	AAI-based (high-confidence)	0.0	1.0	
ERR2726443_277	23954	No	NA	27	11	0	Medium-quality	Genome-fragment	50.06	AAI-based (medium-confidence)	0.0	1.0	
ERR2726443_451	2235	No	NA	7	2	0	Low-quality	Genome-fragment	6.24	AAI-based (high-confidence)	0.0	1.0	
ERR2726443_566	4700	Yes	2980	6	1	2	Low-quality	Genome-fragment	0.82	HMM-based (lower-bound)	36.6	1.0	
ERR2726443_580	6055	No	NA	10	4	0	Low-quality	Genome-fragment	14.11	AAI-based (medium-confidence)	0.0	1.0	
ERR2726443_729	3395	No	NA	7	0	0	Low-quality	Genome-fragment	5.65	AAI-based (high-confidence)	0.0	1.0	no viral genes detected
ERR2726443_838	2571	No	NA	3	0	0	Low-quality	Genome-fragment	2.96	AAI-based (high-confidence)	0.0	1.0	no viral genes detected
ERR2726443_979	11280	No	NA	13	1	2	Low-quality	Genome-fragment	13.9	HMM-based (lower-bound)	0.0	1.0	
ERR2726443_1014	1260	No	NA	2	0	1	Not-determined	Genome-fragment	NA	NA	0.0	1.0	no viral genes detected
ERR2726443_1095	26651	No	NA	20	0	13	Not-determined	Genome-fragment	NA	NA	0.0	1.0	no viral genes detected
ERR2726443_1153	3530	No	NA	1	0	1	Low-quality	Genome-fragment	2.07	AAI-based (medium-confidence)	0.0	1.0	no viral genes detected
ERR2726443_1316	1856	No	NA	5	0	0	Low-quality	Genome-fragment	4.36	AAI-based (medium-confidence)	0.0	1.0	no viral genes detected
ERR2726443_1444	1555	Yes	868	4	1	1	Low-quality	Genome-fragment	2.22	AAI-based (medium-confidence)	44.18	1.0	
ERR2726443_1610	2291	No	NA	4	1	0	Low-quality	Genome-fragment	2.65	HMM-based (lower-bound)	0.0	1.0	
ERR2726443_1822	10454	No	NA	17	1	2	Low-quality	Genome-fragment	24.42	AAI-based (high-confidence)	0.0	1.0	
ERR2726443_1835	17888	No	NA	15	1	4	Low-quality	Genome-fragment	11.22	HMM-based (lower-bound)	0.0	1.0	
ERR2726443_1836	5784	No	NA	5	0	2	Not-determined	Genome-fragment	NA	NA	0.0	1.0	no viral genes detected
ERR2726443_1979	3010	No	NA	1	0	1	Not-determined	Genome-fragment	NA	NA	0.0	1.0	no viral genes detected
ERR2726443_2083	3138	No	NA	5	0	1	Not-determined	Genome-fragment	NA	NA	0.0	1.0	no viral genes detected
ERR2726443_2253	20630	No	NA	33	0	3	Not-determined	Genome-fragment	NA	NA	0.0	1.0	no viral genes detected
ERR2726443_2292	1694	No	NA	4	1	0	Low-quality	Genome-fragment	4.73	AAI-based (high-confidence)	0.0	1.0	
ERR2726443_2351	2568	No	NA	2	0	1	Low-quality	Genome-fragment	1.67	AAI-based (medium-confidence)	0.0	1.0	no viral genes detected
ERR2726443_2410	3111	No	NA	1	0	0	Not-determined	Genome-fragment	NA	NA	0.0	1.0	no viral genes detected
ERR2726443_2446	5052	No	NA	2	0	1	Not-determined	Genome-fragment	NA	NA	0.0	1.0	no viral genes detected
ERR2726443_2468	3001	No	NA	2	0	1	Not-determined	Genome-fragment	NA	NA	0.0	1.0	no viral genes detected
ERR2726443_2520	5754	No	NA	7	3	0	Low-quality	Genome-fragment	17.6	AAI-based (high-confidence)	0.0	1.0	
ERR2726443_2548	25386	No	NA	40	8	1	Low-quality	Genome-fragment	43.74	AAI-based (high-confidence)	0.0	1.0	
ERR2726443_2749	756	No	NA	2	1	0	Low-quality	Genome-fragment	1.96	AAI-based (high-confidence)	0.0	1.0	
ERR2726443_2756	6316	No	NA	5	0	1	Low-quality	Genome-fragment	6.34	AAI-based (medium-confidence)	0.0	1.0	no viral genes detected
ERR2726443_2940	2874	No	NA	4	0	0	Low-quality	Genome-fragment	2.9	AAI-based (medium-confidence)	0.0	1.0	no viral genes detected
ERR2726443_3055	261	No	NA	1	0	0	Low-quality	Genome-fragment	0.92	AAI-based (high-confidence)	0.0	1.0	no viral genes detected
ERR2726443_3110	15524	No	NA	16	0	5	Not-determined	Genome-fragment	NA	NA	0.0	1.0	no viral genes detected
ERR2726443_3112	7763	Yes	6270	5	1	1	Low-quality	Genome-fragment	11.55	AAI-based (medium-confidence)	19.23	1.0	
ERR2726443_3126	503	No	NA	2	0	0	Low-quality	Genome-fragment	1.07	AAI-based (high-confidence)	0.0	1.0	no viral genes detected
ERR2726443_3135	3804	No	NA	8	0	0	Low-quality	Genome-fragment	22.2	AAI-based (medium-confidence)	0.0	1.0	no viral genes detected
ERR2726443_3162	38518	No	NA	54	19	0	Medium-quality	Genome-fragment	81.98	AAI-based (high-confidence)	0.0	1.0	
ERR2726443_3215	23634	No	NA	28	16	0	Low-quality	Genome-fragment	38.11	AAI-based (high-confidence)	0.0	1.0	
ERR2726443_3223	2089	No	NA	4	2	0	Low-quality	Genome-fragment	4.51	AAI-based (high-confidence)	0.0	1.0	
ERR2726443_3325	11880	No	NA	16	3	0	Low-quality	Genome-fragment	19.88	AAI-based (high-confidence)	0.0	1.0	
ERR2726443_3421	3552	No	NA	6	0	2	Low-quality	Genome-fragment	2.12	AAI-based (medium-confidence)	0.0	1.0	no viral genes detected
ERR2726443_3431	28794	No	NA	33	5	0	Low-quality	Genome-fragment	49.71	AAI-based (high-confidence)	0.0	1.0	
ERR2726443_3449	1848	No	NA	2	1	0	Low-quality	Genome-fragment	3.47	AAI-based (high-confidence)	0.0	1.0	
ERR2726443_3533	2616	No	NA	3	0	0	Low-quality	Genome-fragment	4.17	AAI-based (medium-confidence)	0.0	1.0	no viral genes detected
ERR2726443_3603	5631	No	NA	7	0	3	Not-determined	Genome-fragment	NA	NA	0.0	1.0	no viral genes detected
ERR2726443_3767	27939	No	NA	33	16	0	Medium-quality	Genome-fragment	53.1	AAI-based (high-confidence)	0.0	1.0	
ERR2726443_4001	3912	No	NA	5	0	1	Not-determined	Genome-fragment	NA	NA	0.0	1.0	no viral genes detected
ERR2726443_4012	3985	No	NA	5	2	0	Low-quality	Genome-fragment	7.45	AAI-based (high-confidence)	0.0	1.0	
ERR2726443_4361	12864	No	NA	10	2	0	Low-quality	Genome-fragment	26.2	AAI-based (medium-confidence)	0.0	1.0	
ERR2726443_4419	7639	No	NA	13	0	0	High-quality	High-quality	97.38	AAI-based (medium-confidence)	0.0	1.0	no viral genes detected
ERR2726443_4459	4570	No	NA	4	0	2	Low-quality	Genome-fragment	4.27	AAI-based (medium-confidence)	0.0	1.0	no viral genes detected
ERR2726443_4650	5211	No	NA	5	3	0	Low-quality	Genome-fragment	11.22	AAI-based (high-confidence)	0.0	1.0	
ERR2726443_4692	33847	No	NA	35	2	7	Low-quality	Genome-fragment	31.18	AAI-based (medium-confidence)	0.0	1.0	
ERR2726443_4720	3826	No	NA	3	1	0	Low-quality	Genome-fragment	2.13	HMM-based (lower-bound)	0.0	1.0	
ERR2726443_4827	1908	Yes	1102	5	2	1	Low-quality	Genome-fragment	2.88	AAI-based (medium-confidence)	42.24	1.0	
ERR2726443_4840	46179	No	NA	69	31	0	High-quality	High-quality	100.0	AAI-based (high-confidence)	0.0	1.0	
ERR2726443_4864	2592	No	NA	1	0	0	Low-quality	Genome-fragment	2.47	AAI-based (medium-confidence)	0.0	1.0	no viral genes detected
ERR2726443_4865	1757	No	NA	4	0	0	Not-determined	Genome-fragment	NA	NA	0.0	1.0	no viral genes detected
ERR2726443_4866	2359	No	NA	5	0	0	Not-determined	Genome-fragment	NA	NA	0.0	1.0	no viral genes detected
ERR2726443_4868	1869	No	NA	4	1	0	Low-quality	Genome-fragment	4.49	AAI-based (high-confidence)	0.0	1.0	
ERR2726443_5004	9094	No	NA	8	4	0	Low-quality	Genome-fragment	38.31	AAI-based (medium-confidence)	0.0	1.0	
ERR2726443_5083	1797	No	NA	2	0	0	Low-quality	Genome-fragment	4.35	AAI-based (high-confidence)	0.0	1.0	no viral genes detected
ERR2726443_5596	27653	No	NA	29	5	2	Low-quality	Genome-fragment	45.1	AAI-based (high-confidence)	0.0	1.0	
ERR2726443_5657	808	No	NA	1	1	0	Low-quality	Genome-fragment	0.91	HMM-based (lower-bound)	0.0	1.0	
ERR2726443_5703	5103	No	NA	9	0	0	Not-determined	Genome-fragment	NA	NA	0.0	1.0	no viral genes detected
ERR2726443_5844	2468	No	NA	4	0	0	Low-quality	Genome-fragment	5.82	AAI-based (high-confidence)	0.0	1.0	no viral genes detected
ERR2726443_5892	14021	No	NA	17	10	0	Low-quality	Genome-fragment	39.17	AAI-based (medium-confidence)	0.0	1.0	
ERR2726443_6093	30174	No	NA	42	0	5	Not-determined	Genome-fragment	NA	NA	0.0	1.0	no viral genes detected
ERR2726443_6189	4828	No	NA	9	1	0	Medium-quality	Genome-fragment	83.78	AAI-based (high-confidence)	0.0	1.0	
ERR2726443_6241	6891	No	NA	17	3	0	Low-quality	Genome-fragment	19.5	AAI-based (high-confidence)	0.0	1.0	
ERR2726443_6582	2981	No	NA	4	0	1	Low-quality	Genome-fragment	4.2	AAI-based (high-confidence)	0.0	1.0	no viral genes detected
ERR2726443_6712	7431	No	NA	5	0	1	Not-determined	Genome-fragment	NA	NA	0.0	1.0	no viral genes detected
ERR2726443_6717	7292	No	NA	16	0	0	Low-quality	Genome-fragment	13.77	AAI-based (high-confidence)	0.0	1.0	no viral genes detected
ERR2726443_6730	2689	No	NA	6	3	0	Low-quality	Genome-fragment	5.73	AAI-based (medium-confidence)	0.0	1.0	
ERR2726443_6836	13073	No	NA	16	0	5	Not-determined	Genome-fragment	NA	NA	0.0	1.0	no viral genes detected
ERR2726443_7007	12206	No	NA	11	0	1	Not-determined	Genome-fragment	NA	NA	0.0	1.0	no viral genes detected
ERR2726443_7082	3969	No	NA	6	0	2	Not-determined	Genome-fragment	NA	NA	0.0	1.0	no viral genes detected
ERR2726443_7299	4743	No	NA	2	0	0	Not-determined	Genome-fragment	NA	NA	0.0	1.0	no viral genes detected
ERR2726443_7355	7711	No	NA	10	3	0	Low-quality	Genome-fragment	12.84	AAI-based (high-confidence)	0.0	1.0	
ERR2726443_7523	10714	No	NA	22	2	0	Low-quality	Genome-fragment	17.8	AAI-based (high-confidence)	0.0	1.0	
ERR2726443_7646	3342	No	NA	7	0	1	Low-quality	Genome-fragment	4.8	AAI-based (high-confidence)	0.0	1.0	no viral genes detected
ERR2726443_7817	3556	No	NA	2	0	0	Not-determined	Genome-fragment	NA	NA	0.0	1.0	no viral genes detected
ERR2726443_7910	3021	No	NA	6	1	0	Low-quality	Genome-fragment	5.75	AAI-based (high-confidence)	0.0	1.0	
ERR2726443_8077	3239	No	NA	4	0	1	Low-quality	Genome-fragment	2.2	AAI-based (medium-confidence)	0.0	1.0	no viral genes detected
ERR2726443_8127	746	No	NA	2	1	0	Low-quality	Genome-fragment	0.74	AAI-based (high-confidence)	0.0	1.0	
ERR2726443_8142	4972	No	NA	8	1	0	Low-quality	Genome-fragment	8.65	HMM-based (lower-bound)	0.0	1.0	
ERR2726443_8384	20968	No	NA	29	11	0	Medium-quality	Genome-fragment	52.23	AAI-based (medium-confidence)	0.0	1.0	
ERR2726443_8397	18368	Yes	15697	28	2	3	Low-quality	Genome-fragment	16.3	HMM-based (lower-bound)	14.54	1.0	
ERR2726443_8401	554	No	NA	2	1	0	Low-quality	Genome-fragment	1.15	AAI-based (high-confidence)	0.0	1.0	
ERR2726443_8551	6403	No	NA	17	1	0	Low-quality	Genome-fragment	7.23	AAI-based (medium-confidence)	0.0	1.0	
ERR2726443_8572	1490	No	NA	4	0	0	Not-determined	Genome-fragment	NA	NA	0.0	1.0	no viral genes detected
ERR2726443_8734	322	No	NA	1	1	0	Low-quality	Genome-fragment	1.06	AAI-based (high-confidence)	0.0	1.0	
ERR2726443_8832	1091	No	NA	2	0	0	Low-quality	Genome-fragment	1.09	AAI-based (high-confidence)	0.0	1.0	no viral genes detected
ERR2726443_8840	2424	No	NA	3	2	0	Low-quality	Genome-fragment	4.77	AAI-based (medium-confidence)	0.0	1.0	
ERR2726443_8923	599	No	NA	1	0	0	Not-determined	Genome-fragment	NA	NA	0.0	1.0	no viral genes detected
ERR2726443_8938	13263	No	NA	15	1	1	Low-quality	Genome-fragment	22.33	AAI-based (high-confidence)	0.0	1.0	
ERR2726443_8953	3960	No	NA	2	0	1	Not-determined	Genome-fragment	NA	NA	0.0	1.0	no viral genes detected
ERR2726443_9037	11778	No	NA	10	0	2	Not-determined	Genome-fragment	NA	NA	0.0	1.0	no viral genes detected
ERR2726443_9148	42841	No	NA	67	15	0	Medium-quality	Genome-fragment	78.79	AAI-based (high-confidence)	0.0	1.0	
ERR2726443_9267	1285	No	NA	3	2	0	Low-quality	Genome-fragment	4.34	AAI-based (high-confidence)	0.0	1.0	
ERR2726443_9304	4056	Yes	2940	7	2	1	Low-quality	Genome-fragment	4.92	AAI-based (high-confidence)	27.51	1.0	
ERR2726443_9581	5562	Yes	4047	10	2	2	Low-quality	Genome-fragment	8.66	AAI-based (medium-confidence)	27.24	1.0	
ERR2726443_9733	9962	No	NA	13	5	0	Low-quality	Genome-fragment	15.86	AAI-based (high-confidence)	0.0	1.0	
ERR2726443_9752	11945	No	NA	12	1	1	Low-quality	Genome-fragment	7.52	HMM-based (lower-bound)	0.0	1.0	
ERR2726443_9814	6553	No	NA	7	0	0	Not-determined	Genome-fragment	NA	NA	0.0	1.0	no viral genes detected
ERR2726443_9861	13628	No	NA	25	2	0	Low-quality	Genome-fragment	22.29	AAI-based (high-confidence)	0.0	1.0	
ERR2726443_9880	297	No	NA	1	1	0	Low-quality	Genome-fragment	0.49	HMM-based (lower-bound)	0.0	1.0	
ERR2726443_10019	7704	No	NA	7	0	6	Low-quality	Genome-fragment	6.85	AAI-based (medium-confidence)	0.0	1.0	no viral genes detected
ERR2726443_10053	8246	No	NA	12	8	0	Low-quality	Genome-fragment	15.02	HMM-based (lower-bound)	0.0	1.0	
ERR2726443_10075	1247	No	NA	3	1	0	Low-quality	Genome-fragment	3.6	AAI-based (high-confidence)	0.0	1.0	
ERR2726443_10083	2506	Yes	630	3	1	1	Low-quality	Genome-fragment	1.11	AAI-based (medium-confidence)	74.86	1.0	
ERR2726443_10093	8174	No	NA	12	10	0	Low-quality	Genome-fragment	17.45	AAI-based (high-confidence)	0.0	1.0	
ERR2726443_10277	38086	No	NA	40	5	2	Medium-quality	Genome-fragment	88.92	AAI-based (high-confidence)	0.0	1.0	
ERR2726443_10503	3025	No	NA	5	0	0	Low-quality	Genome-fragment	4.97	AAI-based (high-confidence)	0.0	1.0	no viral genes detected
ERR2726443_10524	3850	No	NA	7	0	0	Not-determined	Genome-fragment	NA	NA	0.0	1.0	no viral genes detected
ERR2726443_10566	3779	No	NA	7	0	0	Low-quality	Genome-fragment	6.92	AAI-based (high-confidence)	0.0	1.0	no viral genes detected
ERR2726443_10577	8729	No	NA	17	3	0	Low-quality	Genome-fragment	14.47	AAI-based (high-confidence)	0.0	1.0	
ERR2726443_10591	594	No	NA	3	0	0	Low-quality	Genome-fragment	0.69	AAI-based (high-confidence)	0.0	1.0	no viral genes detected
ERR2726443_10700	8257	No	NA	12	0	0	Not-determined	Genome-fragment	NA	NA	0.0	1.0	no viral genes detected
ERR2726443_10717	9915	No	NA	14	5	1	Low-quality	Genome-fragment	16.44	AAI-based (high-confidence)	0.0	1.0	
ERR2726443_10823	5569	No	NA	11	0	0	Not-determined	Genome-fragment	NA	NA	0.0	1.0	no viral genes detected
ERR2726443_10873	4898	No	NA	9	5	0	Low-quality	Genome-fragment	9.2	AAI-based (high-confidence)	0.0	1.0	
ERR2726443_11015	2653	No	NA	3	0	0	Not-determined	Genome-fragment	NA	NA	0.0	1.0	no viral genes detected
ERR2726443_11342	39013	No	NA	43	7	2	Complete	High-quality	100.0	DTR (high-confidence)	0.0	1.0	
ERR2726443_11535	1994	No	NA	4	0	0	Not-determined	Genome-fragment	NA	NA	0.0	1.0	no viral genes detected
ERR2726443_11562	5979	No	NA	6	0	0	Low-quality	Genome-fragment	4.15	AAI-based (high-confidence)	0.0	1.0	no viral genes detected
ERR2726443_11675	3497	No	NA	6	0	0	Not-determined	Genome-fragment	NA	NA	0.0	1.0	no viral genes detected
ERR2726443_11686	1100	No	NA	2	0	0	Low-quality	Genome-fragment	1.28	AAI-based (high-confidence)	0.0	1.0	no viral genes detected
ERR2726443_11709	5107	No	NA	11	2	0	Low-quality	Genome-fragment	4.57	AAI-based (high-confidence)	0.0	1.0	
ERR2726443_11758	3125	No	NA	5	0	0	Not-determined	Genome-fragment	NA	NA	0.0	1.0	no viral genes detected
ERR2726443_11769	787	No	NA	1	1	0	Low-quality	Genome-fragment	1.11	HMM-based (lower-bound)	0.0	1.0	
ERR2726443_12034	8522	No	NA	20	3	0	Low-quality	Genome-fragment	13.2	AAI-based (high-confidence)	0.0	1.0	
ERR2726443_12089	6749	No	NA	14	3	0	Low-quality	Genome-fragment	13.31	HMM-based (lower-bound)	0.0	1.0	
ERR2726443_12104	5199	No	NA	8	0	0	Not-determined	Genome-fragment	NA	NA	0.0	1.0	no viral genes detected
ERR2726443_12108	3724	No	NA	2	0	1	Not-determined	Genome-fragment	NA	NA	0.0	1.0	no viral genes detected
ERR2726443_12231	7678	No	NA	19	3	0	Low-quality	Genome-fragment	11.89	AAI-based (high-confidence)	0.0	1.0	
ERR2726443_12401	948	No	NA	2	0	0	Low-quality	Genome-fragment	0.96	AAI-based (high-confidence)	0.0	1.0	no viral genes detected
ERR2726443_12426	1309	No	NA	1	0	0	Low-quality	Genome-fragment	1.51	AAI-based (high-confidence)	0.0	1.0	no viral genes detected
ERR2726443_12456	14028	No	NA	21	1	0	Low-quality	Genome-fragment	7.61	HMM-based (lower-bound)	0.0	1.0	
ERR2726443_12495	1622	No	NA	3	2	0	Low-quality	Genome-fragment	2.95	AAI-based (high-confidence)	0.0	1.0	
ERR2726443_12532	2573	No	NA	3	0	1	Not-determined	Genome-fragment	NA	NA	0.0	1.0	no viral genes detected
ERR2726443_12599	478	No	NA	2	1	0	Low-quality	Genome-fragment	1.22	AAI-based (high-confidence)	0.0	1.0	
ERR2726443_12664	1681	No	NA	2	1	0	Low-quality	Genome-fragment	2.77	AAI-based (high-confidence)	0.0	1.0	
ERR2726443_12887	3486	No	NA	6	1	0	Low-quality	Genome-fragment	3.31	AAI-based (high-confidence)	0.0	1.0	
ERR2726443_12895	3952	No	NA	8	1	0	Low-quality	Genome-fragment	7.22	AAI-based (high-confidence)	0.0	1.0	
ERR2726443_13138	2933	No	NA	3	0	1	Low-quality	Genome-fragment	4.78	AAI-based (medium-confidence)	0.0	1.0	no viral genes detected
ERR2726443_13227	12300	No	NA	18	2	0	Low-quality	Genome-fragment	16.44	HMM-based (lower-bound)	0.0	1.0	low-confidence DTR
ERR2726443_13409	435	No	NA	2	1	0	Low-quality	Genome-fragment	0.84	AAI-based (high-confidence)	0.0	1.0	
ERR2726443_13541	4439	No	NA	9	1	0	Low-quality	Genome-fragment	13.75	AAI-based (high-confidence)	0.0	1.0	
ERR2726443_13653	2620	No	NA	4	0	3	Not-determined	Genome-fragment	NA	NA	0.0	1.0	no viral genes detected
ERR2726443_13783	987	No	NA	1	0	1	Not-determined	Genome-fragment	NA	NA	0.0	1.0	no viral genes detected
ERR2726443_13890	17309	No	NA	29	0	1	Not-determined	Genome-fragment	NA	NA	0.0	1.0	no viral genes detected
ERR2726443_14037	3599	No	NA	4	4	0	Low-quality	Genome-fragment	8.82	AAI-based (high-confidence)	0.0	1.0	
ERR2726443_14059	251	No	NA	1	1	0	Low-quality	Genome-fragment	0.82	AAI-based (medium-confidence)	0.0	1.0	
ERR2726443_14122	1018	No	NA	2	0	0	Low-quality	Genome-fragment	2.84	AAI-based (high-confidence)	0.0	1.0	no viral genes detected
ERR2726443_14511	1943	No	NA	6	0	0	Low-quality	Genome-fragment	4.13	AAI-based (high-confidence)	0.0	1.0	no viral genes detected
ERR2726443_14596	41007	No	NA	39	8	1	High-quality	High-quality	95.74	AAI-based (high-confidence)	0.0	1.0	
ERR2726443_14636	695	No	NA	2	2	0	Low-quality	Genome-fragment	1.29	AAI-based (high-confidence)	0.0	1.0	
ERR2726443_14792	29526	No	NA	42	5	1	Low-quality	Genome-fragment	47.63	AAI-based (high-confidence)	0.0	1.0	
ERR2726443_14849	1233	No	NA	1	1	0	Low-quality	Genome-fragment	2.83	AAI-based (high-confidence)	0.0	1.0	
ERR2726443_14937	813	No	NA	3	1	0	Low-quality	Genome-fragment	1.01	HMM-based (lower-bound)	0.0	1.0	
ERR2726443_14983	2922	No	NA	5	0	0	Low-quality	Genome-fragment	5.45	AAI-based (medium-confidence)	0.0	1.0	no viral genes detected
ERR2726443_15021	10670	No	NA	16	4	0	Low-quality	Genome-fragment	17.78	AAI-based (high-confidence)	0.0	1.0	
ERR2726443_15036	6058	No	NA	9	0	0	Not-determined	Genome-fragment	NA	NA	0.0	1.0	no viral genes detected
ERR2726443_15123	5312	No	NA	4	0	3	Low-quality	Genome-fragment	1.61	AAI-based (medium-confidence)	0.0	1.0	no viral genes detected
ERR2726443_15132	3648	No	NA	3	0	0	Not-determined	Genome-fragment	NA	NA	0.0	1.0	no viral genes detected
ERR2726443_15430	12455	No	NA	19	0	1	Not-determined	Genome-fragment	NA	NA	0.0	1.0	no viral genes detected
ERR2726443_15506	11645	No	NA	9	0	3	Not-determined	Genome-fragment	NA	NA	0.0	1.0	no viral genes detected
ERR2726443_15768	981	No	NA	1	0	0	Not-determined	Genome-fragment	NA	NA	0.0	1.0	no viral genes detected
ERR2726443_15866	183	No	NA	1	0	0	Not-determined	Genome-fragment	NA	NA	0.0	1.0	no viral genes detected
ERR2726443_16033	3446	Yes	1581	6	1	1	Low-quality	Genome-fragment	1.81	AAI-based (medium-confidence)	54.12	1.0	
ERR2726443_16046	224	No	NA	1	1	0	Low-quality	Genome-fragment	0.39	HMM-based (lower-bound)	0.0	1.0	
ERR2726443_16296	6845	No	NA	9	4	0	Low-quality	Genome-fragment	14.55	AAI-based (high-confidence)	0.0	1.0	
ERR2726443_16315	9865	No	NA	8	0	8	Not-determined	Genome-fragment	NA	NA	0.0	1.0	no viral genes detected
ERR2726443_16327	242	No	NA	2	0	0	Not-determined	Genome-fragment	NA	NA	0.0	1.0	no viral genes detected
ERR2726443_16338	1792	No	NA	3	1	0	Low-quality	Genome-fragment	3.81	AAI-based (high-confidence)	0.0	1.0	
ERR2726443_16467	5616	No	NA	7	0	1	Low-quality	Genome-fragment	8.56	AAI-based (medium-confidence)	0.0	1.0	no viral genes detected
ERR2726443_16646	1265	No	NA	3	1	0	Low-quality	Genome-fragment	3.15	HMM-based (lower-bound)	0.0	1.0	
ERR2726443_16648	5861	No	NA	10	4	0	Low-quality	Genome-fragment	11.91	AAI-based (high-confidence)	0.0	1.0	
ERR2726443_16660	179	No	NA	1	1	0	Low-quality	Genome-fragment	0.16	HMM-based (lower-bound)	0.0	1.0	
ERR2726443_16765	2760	No	NA	3	0	1	Not-determined	Genome-fragment	NA	NA	0.0	1.0	no viral genes detected
ERR2726443_16869	2704	No	NA	3	1	0	Low-quality	Genome-fragment	3.15	AAI-based (high-confidence)	0.0	1.0	
ERR2726443_16900	1345	No	NA	2	0	0	Not-determined	Genome-fragment	NA	NA	0.0	1.0	no viral genes detected
ERR2726443_16920	1663	No	NA	2	2	0	Low-quality	Genome-fragment	4.34	AAI-based (high-confidence)	0.0	1.0	
ERR2726443_17059	3376	No	NA	5	0	0	Not-determined	Genome-fragment	NA	NA	0.0	1.0	no viral genes detected
ERR2726443_17093	6767	No	NA	6	3	0	Low-quality	Genome-fragment	12.67	AAI-based (high-confidence)	0.0	1.0	
ERR2726443_17128	3001	No	NA	3	0	0	Not-determined	Genome-fragment	NA	NA	0.0	1.0	no viral genes detected
ERR2726443_17193	781	No	NA	1	0	0	Low-quality	Genome-fragment	2.18	AAI-based (high-confidence)	0.0	1.0	no viral genes detected
ERR2726443_17226	434	No	NA	1	0	0	Not-determined	Genome-fragment	NA	NA	0.0	1.0	no viral genes detected
ERR2726443_17296	4110	No	NA	5	0	5	Low-quality	Genome-fragment	7.47	AAI-based (medium-confidence)	0.0	1.0	no viral genes detected
ERR2726443_17363	3490	No	NA	5	0	0	Low-quality	Genome-fragment	7.28	AAI-based (high-confidence)	0.0	1.0	no viral genes detected
ERR2726443_17415	2859	No	NA	4	0	0	Low-quality	Genome-fragment	5.15	AAI-based (medium-confidence)	0.0	1.0	no viral genes detected
ERR2726443_17471	8474	No	NA	14	4	1	Low-quality	Genome-fragment	18.11	HMM-based (lower-bound)	0.0	1.0	
ERR2726443_17507	5095	Yes	3784	7	1	1	Low-quality	Genome-fragment	3.39	HMM-based (lower-bound)	25.73	1.0	
ERR2726443_17514	5465	No	NA	3	0	2	Not-determined	Genome-fragment	NA	NA	0.0	1.0	no viral genes detected
ERR2726443_17876	2681	No	NA	9	6	0	Low-quality	Genome-fragment	12.23	AAI-based (high-confidence)	0.0	1.0	
ERR2726443_18040	3519	No	NA	5	4	0	Low-quality	Genome-fragment	9.83	AAI-based (high-confidence)	0.0	1.0	
ERR2726443_18173	602	No	NA	3	0	0	Low-quality	Genome-fragment	0.7	AAI-based (high-confidence)	0.0	1.0	no viral genes detected
ERR2726443_18238	4127	No	NA	5	0	4	Not-determined	Genome-fragment	NA	NA	0.0	1.0	no viral genes detected
ERR2726443_18245	4826	No	NA	11	1	0	Low-quality	Genome-fragment	7.56	HMM-based (lower-bound)	0.0	1.0	
ERR2726443_18246	229	No	NA	1	0	0	Low-quality	Genome-fragment	0.35	AAI-based (high-confidence)	0.0	1.0	no viral genes detected
ERR2726443_18260	7605	No	NA	10	0	0	Not-determined	Genome-fragment	NA	NA	0.0	1.0	no viral genes detected
ERR2726443_18613	5565	No	NA	6	0	0	Low-quality	Genome-fragment	10.05	AAI-based (medium-confidence)	0.0	1.0	no viral genes detected
ERR2726443_18627	3795	No	NA	2	0	1	Not-determined	Genome-fragment	NA	NA	0.0	1.0	no viral genes detected
ERR2726443_18816	7626	No	NA	13	3	0	Low-quality	Genome-fragment	11.83	AAI-based (high-confidence)	0.0	1.0	
ERR2726443_18972	3415	No	NA	2	0	0	Low-quality	Genome-fragment	5.96	AAI-based (high-confidence)	0.0	1.0	no viral genes detected
ERR2726443_19136	6729	No	NA	7	0	0	Not-determined	Genome-fragment	NA	NA	0.0	1.0	no viral genes detected
ERR2726443_19166	3086	No	NA	5	0	0	Not-determined	Genome-fragment	NA	NA	0.0	1.0	no viral genes detected
ERR2726443_19261	2964	No	NA	6	0	0	Low-quality	Genome-fragment	5.55	AAI-based (high-confidence)	0.0	1.0	no viral genes detected
ERR2726443_19289	5841	No	NA	11	1	0	Low-quality	Genome-fragment	10.61	AAI-based (high-confidence)	0.0	1.0	
ERR2726443_19370	7524	No	NA	8	5	0	Low-quality	Genome-fragment	17.82	AAI-based (medium-confidence)	0.0	1.0	
ERR2726443_19493	3379	No	NA	6	1	0	Low-quality	Genome-fragment	3.9	HMM-based (lower-bound)	0.0	1.0	
ERR2726443_19527	5688	No	NA	7	3	0	Low-quality	Genome-fragment	14.67	AAI-based (high-confidence)	0.0	1.0	
ERR2726443_19530	4412	No	NA	5	5	0	Low-quality	Genome-fragment	11.82	AAI-based (high-confidence)	0.0	1.0	
ERR2726443_19549	4831	No	NA	7	5	0	Low-quality	Genome-fragment	10.22	AAI-based (high-confidence)	0.0	1.0	
ERR2726443_19588	3380	No	NA	2	2	0	Low-quality	Genome-fragment	6.71	AAI-based (high-confidence)	0.0	1.0	
ERR2726443_19653	5185	No	NA	5	0	0	Not-determined	Genome-fragment	NA	NA	0.0	1.0	no viral genes detected
ERR2726443_19890	1484	Yes	527	2	1	1	Low-quality	Genome-fragment	0.65	HMM-based (lower-bound)	64.49	1.0	
ERR2726443_20107	6725	No	NA	5	0	0	Not-determined	Genome-fragment	NA	NA	0.0	1.0	no viral genes detected
ERR2726443_20111	1196	No	NA	3	0	0	Low-quality	Genome-fragment	0.8	AAI-based (high-confidence)	0.0	1.0	no viral genes detected
ERR2726443_20564	3691	No	NA	5	0	0	Low-quality	Genome-fragment	6.97	AAI-based (medium-confidence)	0.0	1.0	no viral genes detected
ERR2726443_20934	3199	No	NA	2	0	0	Low-quality	Genome-fragment	8.94	AAI-based (high-confidence)	0.0	1.0	no viral genes detected
ERR2726443_21106	1012	No	NA	1	1	0	Low-quality	Genome-fragment	2.51	AAI-based (high-confidence)	0.0	1.0	
ERR2726443_21332	3482	No	NA	7	0	0	Low-quality	Genome-fragment	6.33	AAI-based (high-confidence)	0.0	1.0	no viral genes detected
ERR2726443_21505	2565	No	NA	2	0	1	Low-quality	Genome-fragment	2.44	AAI-based (medium-confidence)	0.0	1.0	no viral genes detected
ERR2726443_21614	1063	No	NA	1	1	0	Low-quality	Genome-fragment	2.32	AAI-based (high-confidence)	0.0	1.0	
ERR2726443_21625	1115	No	NA	2	1	0	Low-quality	Genome-fragment	1.28	AAI-based (medium-confidence)	0.0	1.0	
ERR2726443_21743	2848	No	NA	3	1	0	Low-quality	Genome-fragment	2.55	HMM-based (lower-bound)	0.0	1.0	
ERR2726443_21801	2646	No	NA	2	2	0	Low-quality	Genome-fragment	1.83	HMM-based (lower-bound)	0.0	1.0	
ERR2726443_21903	1035	No	NA	1	1	0	Low-quality	Genome-fragment	1.96	HMM-based (lower-bound)	0.0	1.0	
ERR2726443_22047	2839	No	NA	6	0	0	Not-determined	Genome-fragment	NA	NA	0.0	1.0	no viral genes detected
ERR2726443_22085	1320	No	NA	1	1	0	Low-quality	Genome-fragment	2.12	HMM-based (lower-bound)	0.0	1.0	
ERR2726443_22490	2929	No	NA	3	0	0	Low-quality	Genome-fragment	2.62	AAI-based (high-confidence)	0.0	1.0	no viral genes detected
ERR2726443_22521	578	No	NA	1	1	0	Low-quality	Genome-fragment	0.33	HMM-based (lower-bound)	0.0	1.0	
ERR2726443_22844	5174	No	NA	5	1	0	Low-quality	Genome-fragment	4.47	AAI-based (medium-confidence)	0.0	1.0	
ERR2726443_22869	18171	No	NA	26	11	0	Low-quality	Genome-fragment	28.13	AAI-based (high-confidence)	0.0	1.0	
ERR2726443_22873	716	No	NA	1	0	0	Not-determined	Genome-fragment	NA	NA	0.0	1.0	no viral genes detected
ERR2726443_22878	3011	No	NA	7	2	0	Low-quality	Genome-fragment	6.75	AAI-based (high-confidence)	0.0	1.0	
ERR2726443_22958	5252	No	NA	1	0	0	Low-quality	Genome-fragment	4.92	AAI-based (medium-confidence)	0.0	1.0	no viral genes detected
ERR2726443_23354	1667	No	NA	2	1	0	Low-quality	Genome-fragment	4.2	AAI-based (high-confidence)	0.0	1.0	
ERR2726443_23391	301	No	NA	1	1	0	Low-quality	Genome-fragment	0.23	HMM-based (lower-bound)	0.0	1.0	
ERR2726443_23448	1176	No	NA	3	0	0	Not-determined	Genome-fragment	NA	NA	0.0	1.0	no viral genes detected
ERR2726443_23625	2783	No	NA	3	0	0	Not-determined	Genome-fragment	NA	NA	0.0	1.0	no viral genes detected
ERR2726443_23974	13148	No	NA	22	1	0	Low-quality	Genome-fragment	24.98	AAI-based (high-confidence)	0.0	1.0	
ERR2726443_23977	4633	No	NA	8	3	0	Low-quality	Genome-fragment	10.21	AAI-based (medium-confidence)	0.0	1.0	
ERR2726443_24054	3994	No	NA	3	0	1	Low-quality	Genome-fragment	4.59	AAI-based (high-confidence)	0.0	1.0	no viral genes detected
ERR2726443_24408	4522	No	NA	6	0	0	Not-determined	Genome-fragment	NA	NA	0.0	1.0	no viral genes detected
ERR2726443_24452	3859	No	NA	6	0	0	Not-determined	Genome-fragment	NA	NA	0.0	1.0	no viral genes detected
ERR2726443_24479	2491	No	NA	3	1	0	Low-quality	Genome-fragment	6.96	AAI-based (high-confidence)	0.0	1.0	
ERR2726443_24683	259	No	NA	2	1	0	Low-quality	Genome-fragment	0.47	HMM-based (lower-bound)	0.0	1.0	
ERR2726443_24705	3619	No	NA	6	0	0	Not-determined	Genome-fragment	NA	NA	0.0	1.0	no viral genes detected
ERR2726443_24783	12118	No	NA	20	1	2	Low-quality	Genome-fragment	4.33	HMM-based (lower-bound)	0.0	1.0	
ERR2726443_24793	723	No	NA	2	2	0	Low-quality	Genome-fragment	1.95	AAI-based (medium-confidence)	0.0	1.0	
ERR2726443_24851	12686	No	NA	13	1	1	Low-quality	Genome-fragment	14.24	HMM-based (lower-bound)	0.0	1.0	
ERR2726443_24914	3699	No	NA	7	0	0	Low-quality	Genome-fragment	43.45	AAI-based (high-confidence)	0.0	1.0	no viral genes detected
ERR2726443_25029	3702	No	NA	7	0	1	Not-determined	Genome-fragment	NA	NA	0.0	1.0	no viral genes detected
ERR2726443_25212	4691	No	NA	7	0	0	Low-quality	Genome-fragment	10.95	AAI-based (high-confidence)	0.0	1.0	no viral genes detected
ERR2726443_25216	3474	No	NA	2	2	0	Low-quality	Genome-fragment	10.52	AAI-based (medium-confidence)	0.0	1.0	
ERR2726443_25291	1969	No	NA	1	1	0	Low-quality	Genome-fragment	1.85	HMM-based (lower-bound)	0.0	1.0	
ERR2726443_25513	4332	No	NA	5	2	0	Low-quality	Genome-fragment	9.35	AAI-based (high-confidence)	0.0	1.0	
ERR2726443_25585	27673	No	NA	34	14	0	Medium-quality	Genome-fragment	50.01	AAI-based (medium-confidence)	0.0	1.0	
ERR2726443_25651	3730	No	NA	6	1	0	Low-quality	Genome-fragment	2.36	HMM-based (lower-bound)	0.0	1.0	
ERR2726443_25655	1441	No	NA	4	2	0	Low-quality	Genome-fragment	6.57	AAI-based (high-confidence)	0.0	1.0	
ERR2726443_25908	8817	No	NA	12	3	0	Low-quality	Genome-fragment	16.34	AAI-based (high-confidence)	0.0	1.0	
ERR2726443_25939	18361	No	NA	32	3	1	Low-quality	Genome-fragment	30.93	HMM-based (lower-bound)	0.0	1.0	
ERR2726443_26017	8396	No	NA	15	0	0	Low-quality	Genome-fragment	14.04	AAI-based (high-confidence)	0.0	1.0	no viral genes detected
ERR2726443_26269	1634	No	NA	3	1	0	Low-quality	Genome-fragment	3.09	HMM-based (lower-bound)	0.0	1.0	
ERR2726443_26281	1700	No	NA	5	1	0	Low-quality	Genome-fragment	3.11	HMM-based (lower-bound)	0.0	1.0	
ERR2726443_26724	2806	No	NA	4	0	1	Not-determined	Genome-fragment	NA	NA	0.0	1.0	no viral genes detected
ERR2726443_27093	819	No	NA	1	0	0	Not-determined	Genome-fragment	NA	NA	0.0	1.0	no viral genes detected
ERR2726443_27105	934	No	NA	3	1	0	Low-quality	Genome-fragment	2.61	AAI-based (medium-confidence)	0.0	1.0	
ERR2726443_27276	17176	No	NA	28	4	1	Low-quality	Genome-fragment	21.28	HMM-based (lower-bound)	0.0	1.0	
ERR2726443_27357	300	No	NA	1	1	0	Low-quality	Genome-fragment	0.97	HMM-based (lower-bound)	0.0	1.0	
ERR2726443_27386	6667	No	NA	8	1	1	Low-quality	Genome-fragment	7.47	HMM-based (lower-bound)	0.0	1.0	
ERR2726443_27389	903	No	NA	2	1	0	Low-quality	Genome-fragment	1.04	AAI-based (high-confidence)	0.0	1.0	
ERR2726443_27407	14758	No	NA	9	0	4	Not-determined	Genome-fragment	NA	NA	0.0	1.0	no viral genes detected
ERR2726443_27557	376	No	NA	1	0	0	Not-determined	Genome-fragment	NA	NA	0.0	1.0	no viral genes detected
ERR2726443_27574	4988	No	NA	7	2	0	Low-quality	Genome-fragment	8.1	AAI-based (medium-confidence)	0.0	1.0	
ERR2726443_27706	2672	No	NA	3	0	0	Low-quality	Genome-fragment	2.45	AAI-based (medium-confidence)	0.0	1.0	no viral genes detected
ERR2726443_27995	827	No	NA	3	1	0	Low-quality	Genome-fragment	1.99	AAI-based (high-confidence)	0.0	1.0	
ERR2726443_28089	890	No	NA	1	0	0	Low-quality	Genome-fragment	1.85	AAI-based (high-confidence)	0.0	1.0	no viral genes detected
ERR2726443_28158	1982	No	NA	1	0	1	Low-quality	Genome-fragment	3.11	AAI-based (medium-confidence)	0.0	1.0	no viral genes detected
ERR2726443_28192	516	No	NA	3	1	0	Low-quality	Genome-fragment	1.43	AAI-based (high-confidence)	0.0	1.0	
ERR2726443_28222	601	No	NA	1	1	0	Low-quality	Genome-fragment	0.97	HMM-based (lower-bound)	0.0	1.0	
ERR2726443_28294	1106	No	NA	4	3	0	Low-quality	Genome-fragment	1.93	HMM-based (lower-bound)	0.0	1.0	
ERR2726443_28316	3565	No	NA	5	1	0	Low-quality	Genome-fragment	5.71	HMM-based (lower-bound)	0.0	1.0	
ERR2726443_28797	1831	No	NA	2	2	0	Low-quality	Genome-fragment	0.97	HMM-based (lower-bound)	0.0	1.0	
ERR2726443_28916	5278	No	NA	9	4	0	Low-quality	Genome-fragment	14.75	AAI-based (high-confidence)	0.0	1.0	
ERR2726443_28962	623	No	NA	2	1	0	Low-quality	Genome-fragment	1.5	AAI-based (high-confidence)	0.0	1.0	
ERR2726443_29113	5254	No	NA	4	0	2	Low-quality	Genome-fragment	1.57	AAI-based (medium-confidence)	0.0	1.0	no viral genes detected
ERR2726443_29270	4614	No	NA	5	0	0	Not-determined	Genome-fragment	NA	NA	0.0	1.0	no viral genes detected
ERR2726443_29345	4270	No	NA	7	0	1	Not-determined	Genome-fragment	NA	NA	0.0	1.0	no viral genes detected
ERR2726443_29383	1079	No	NA	1	1	0	Low-quality	Genome-fragment	1.77	HMM-based (lower-bound)	0.0	1.0	
ERR2726443_29450	6964	No	NA	5	0	3	Low-quality	Genome-fragment	6.52	AAI-based (medium-confidence)	0.0	1.0	no viral genes detected
ERR2726443_29469	3345	No	NA	7	0	0	Low-quality	Genome-fragment	5.24	AAI-based (medium-confidence)	0.0	1.0	no viral genes detected
ERR2726443_30019	2638	No	NA	3	0	1	Not-determined	Genome-fragment	NA	NA	0.0	1.0	no viral genes detected
ERR2726443_30032	8034	No	NA	14	0	1	Low-quality	Genome-fragment	17.86	AAI-based (medium-confidence)	0.0	1.0	no viral genes detected
ERR2726443_30033	6742	No	NA	2	0	0	Low-quality	Genome-fragment	12.4	AAI-based (high-confidence)	0.0	1.0	no viral genes detected
ERR2726443_30061	1631	No	NA	3	2	0	Low-quality	Genome-fragment	3.37	AAI-based (high-confidence)	0.0	1.0	
ERR2726443_30190	367	No	NA	1	0	0	Low-quality	Genome-fragment	0.9	AAI-based (medium-confidence)	0.0	1.0	no viral genes detected
ERR2726443_30361	744	No	NA	1	0	0	Low-quality	Genome-fragment	1.44	AAI-based (medium-confidence)	0.0	1.0	no viral genes detected
ERR2726443_30516	630	No	NA	2	1	0	Low-quality	Genome-fragment	1.45	HMM-based (lower-bound)	0.0	1.0	
ERR2726443_30569	5367	No	NA	9	3	0	Low-quality	Genome-fragment	12.62	AAI-based (medium-confidence)	0.0	1.0	
ERR2726443_31065	1382	No	NA	1	0	0	Not-determined	Genome-fragment	NA	NA	0.0	1.0	no viral genes detected
ERR2726443_31130	5423	No	NA	3	0	2	Not-determined	Genome-fragment	NA	NA	0.0	1.0	no viral genes detected
ERR2726443_31142	213	No	NA	1	1	0	Low-quality	Genome-fragment	0.45	AAI-based (medium-confidence)	0.0	1.0	
ERR2726443_31144	2695	No	NA	5	1	0	Low-quality	Genome-fragment	5.12	AAI-based (high-confidence)	0.0	1.0	
ERR2726443_31293	3152	No	NA	4	0	0	Not-determined	Genome-fragment	NA	NA	0.0	1.0	no viral genes detected
ERR2726443_31521	590	No	NA	1	0	0	Low-quality	Genome-fragment	1.65	AAI-based (high-confidence)	0.0	1.0	no viral genes detected
ERR2726443_31698	2342	No	NA	2	2	0	Low-quality	Genome-fragment	6.18	AAI-based (high-confidence)	0.0	1.0	
ERR2726443_31761	1643	No	NA	5	5	0	Low-quality	Genome-fragment	4.86	AAI-based (high-confidence)	0.0	1.0	
ERR2726443_31801	2135	No	NA	2	2	0	Low-quality	Genome-fragment	6.01	AAI-based (high-confidence)	0.0	1.0	
ERR2726443_31908	6232	No	NA	12	1	1	Low-quality	Genome-fragment	10.03	AAI-based (high-confidence)	0.0	1.0	
ERR2726443_32012	766	No	NA	2	1	0	Low-quality	Genome-fragment	1.94	AAI-based (high-confidence)	0.0	1.0	
ERR2726443_32070	4374	No	NA	8	0	1	Not-determined	Genome-fragment	NA	NA	0.0	1.0	no viral genes detected
ERR2726443_32095	857	No	NA	1	1	0	Low-quality	Genome-fragment	0.76	HMM-based (lower-bound)	0.0	1.0	
ERR2726443_32110	2281	No	NA	3	1	0	Low-quality	Genome-fragment	5.2	AAI-based (medium-confidence)	0.0	1.0	
ERR2726443_32135	3383	No	NA	11	0	0	Not-determined	Genome-fragment	NA	NA	0.0	1.0	no viral genes detected
ERR2726443_32182	12429	No	NA	13	0	0	Not-determined	Genome-fragment	NA	NA	0.0	1.0	no viral genes detected
ERR2726443_32201	2851	No	NA	3	0	2	Not-determined	Genome-fragment	NA	NA	0.0	1.0	no viral genes detected
ERR2726443_32206	3714	No	NA	6	1	0	Low-quality	Genome-fragment	6.2	AAI-based (medium-confidence)	0.0	1.0	
ERR2726443_32487	1907	No	NA	3	1	0	Low-quality	Genome-fragment	4.58	AAI-based (high-confidence)	0.0	1.0	
ERR2726443_32518	1408	No	NA	2	1	0	Low-quality	Genome-fragment	3.04	AAI-based (high-confidence)	0.0	1.0	
ERR2726443_32533	901	No	NA	1	1	0	Low-quality	Genome-fragment	1.96	HMM-based (lower-bound)	0.0	1.0	
ERR2726443_32766	1595	No	NA	2	2	0	Low-quality	Genome-fragment	4.91	AAI-based (high-confidence)	0.0	1.0	
ERR2726443_32809	920	No	NA	1	1	0	Low-quality	Genome-fragment	0.48	HMM-based (lower-bound)	0.0	1.0	
ERR2726443_32844	1747	No	NA	5	1	0	Low-quality	Genome-fragment	1.96	HMM-based (lower-bound)	0.0	1.0	
ERR2726443_32985	3549	No	NA	7	1	0	Low-quality	Genome-fragment	4.7	HMM-based (lower-bound)	0.0	1.0	
ERR2726443_33021	2736	No	NA	5	0	0	Low-quality	Genome-fragment	5.44	AAI-based (medium-confidence)	0.0	1.0	no viral genes detected
ERR2726443_33065	4046	No	NA	4	1	0	Low-quality	Genome-fragment	2.12	AAI-based (medium-confidence)	0.0	1.0	
ERR2726443_33093	4950	No	NA	4	0	2	Not-determined	Genome-fragment	NA	NA	0.0	1.0	no viral genes detected
ERR2726443_33218	4840	No	NA	6	0	3	Not-determined	Genome-fragment	NA	NA	0.0	1.0	no viral genes detected
ERR2726443_33246	7392	Yes	3865	7	1	1	Low-quality	Genome-fragment	8.31	AAI-based (medium-confidence)	47.71	1.0	
ERR2726443_33264	380	No	NA	1	1	0	Low-quality	Genome-fragment	0.89	AAI-based (medium-confidence)	0.0	1.0	
ERR2726443_33339	9372	No	NA	13	2	1	Low-quality	Genome-fragment	16.2	AAI-based (medium-confidence)	0.0	1.0	
ERR2726443_33450	5822	No	NA	5	1	2	Low-quality	Genome-fragment	4.23	AAI-based (medium-confidence)	0.0	1.0	
ERR2726443_33728	3719	No	NA	4	0	2	Not-determined	Genome-fragment	NA	NA	0.0	1.0	no viral genes detected
ERR2726443_33848	2326	No	NA	3	0	1	Not-determined	Genome-fragment	NA	NA	0.0	1.0	no viral genes detected
ERR2726443_33950	1685	No	NA	3	1	0	Low-quality	Genome-fragment	2.79	AAI-based (medium-confidence)	0.0	1.0	
ERR2726443_34133	6095	No	NA	10	2	0	Low-quality	Genome-fragment	29.57	AAI-based (medium-confidence)	0.0	1.0	
ERR2726443_34192	6220	No	NA	8	0	0	Low-quality	Genome-fragment	14.52	AAI-based (medium-confidence)	0.0	1.0	no viral genes detected
ERR2726443_34325	577	No	NA	1	1	0	Low-quality	Genome-fragment	0.78	HMM-based (lower-bound)	0.0	1.0	
ERR2726443_34452	2141	No	NA	3	0	0	Low-quality	Genome-fragment	2.47	AAI-based (high-confidence)	0.0	1.0	no viral genes detected
ERR2726443_34491	3808	No	NA	6	2	0	Low-quality	Genome-fragment	8.12	AAI-based (high-confidence)	0.0	1.0	
ERR2726443_34705	2381	No	NA	2	2	0	Low-quality	Genome-fragment	5.81	AAI-based (medium-confidence)	0.0	1.0	
ERR2726443_34798	316	No	NA	1	1	0	Low-quality	Genome-fragment	0.26	HMM-based (lower-bound)	0.0	1.0	
ERR2726443_34990	739	No	NA	1	1	0	Low-quality	Genome-fragment	0.38	HMM-based (lower-bound)	0.0	1.0	
ERR2726443_35054	2533	No	NA	5	1	0	Low-quality	Genome-fragment	5.38	AAI-based (high-confidence)	0.0	1.0	
ERR2726443_35174	3768	No	NA	9	1	0	Low-quality	Genome-fragment	5.83	AAI-based (high-confidence)	0.0	1.0	
ERR2726443_35264	4463	No	NA	7	0	1	Not-determined	Genome-fragment	NA	NA	0.0	1.0	no viral genes detected
ERR2726443_35367	575	No	NA	3	2	0	Low-quality	Genome-fragment	1.27	AAI-based (high-confidence)	0.0	1.0	
ERR2726443_35602	1505	No	NA	3	1	0	Low-quality	Genome-fragment	3.01	AAI-based (medium-confidence)	0.0	1.0	
ERR2726443_35672	3844	Yes	3363	4	1	1	Low-quality	Genome-fragment	8.01	AAI-based (medium-confidence)	12.51	1.0	
ERR2726443_35945	8598	No	NA	13	2	0	Low-quality	Genome-fragment	22.87	AAI-based (medium-confidence)	0.0	1.0	
ERR2726443_36322	1560	No	NA	2	1	0	Low-quality	Genome-fragment	4.45	AAI-based (high-confidence)	0.0	1.0	
ERR2726443_36580	232	No	NA	1	1	0	Low-quality	Genome-fragment	0.33	HMM-based (lower-bound)	0.0	1.0	
ERR2726443_36602	380	No	NA	1	0	0	Low-quality	Genome-fragment	1.5	AAI-based (high-confidence)	0.0	1.0	no viral genes detected
ERR2726443_36670	203	No	NA	1	1	0	Low-quality	Genome-fragment	0.33	HMM-based (lower-bound)	0.0	1.0	
ERR2726443_36774	11637	No	NA	15	9	0	Low-quality	Genome-fragment	32.51	AAI-based (medium-confidence)	0.0	1.0	
ERR2726443_37130	239	No	NA	1	1	0	Low-quality	Genome-fragment	0.7	AAI-based (high-confidence)	0.0	1.0	
ERR2726443_37155	332	No	NA	1	1	0	Low-quality	Genome-fragment	0.6	AAI-based (high-confidence)	0.0	1.0	
ERR2726443_37162	665	No	NA	3	1	0	Low-quality	Genome-fragment	1.03	AAI-based (high-confidence)	0.0	1.0	
ERR2726443_37409	4120	No	NA	2	0	2	Low-quality	Genome-fragment	1.37	AAI-based (medium-confidence)	0.0	1.0	no viral genes detected
ERR2726443_37615	461	No	NA	1	1	0	Low-quality	Genome-fragment	0.69	HMM-based (lower-bound)	0.0	1.0	
ERR2726443_37704	832	No	NA	2	0	0	Low-quality	Genome-fragment	2.32	AAI-based (high-confidence)	0.0	1.0	no viral genes detected
ERR2726443_37728	2799	No	NA	2	2	0	Low-quality	Genome-fragment	6.26	AAI-based (medium-confidence)	0.0	1.0	
ERR2726443_37858	2864	No	NA	1	0	0	Not-determined	Genome-fragment	NA	NA	0.0	1.0	no viral genes detected
ERR2726443_37925	2879	No	NA	4	2	0	Low-quality	Genome-fragment	6.09	AAI-based (high-confidence)	0.0	1.0	
ERR2726443_38201	2304	No	NA	4	2	0	Low-quality	Genome-fragment	5.54	AAI-based (medium-confidence)	0.0	1.0	
ERR2726443_38503	1781	No	NA	5	2	0	Low-quality	Genome-fragment	4.76	AAI-based (high-confidence)	0.0	1.0	
ERR2726443_38594	3747	No	NA	8	1	0	Low-quality	Genome-fragment	6.27	AAI-based (high-confidence)	0.0	1.0	
ERR2726443_38598	1033	No	NA	2	0	0	Low-quality	Genome-fragment	2.09	AAI-based (medium-confidence)	0.0	1.0	no viral genes detected
ERR2726443_38649	1821	No	NA	3	1	0	Low-quality	Genome-fragment	4.12	AAI-based (high-confidence)	0.0	1.0	
ERR2726443_38670	2860	No	NA	2	0	2	Not-determined	Genome-fragment	NA	NA	0.0	1.0	no viral genes detected
ERR2726443_38714	4707	No	NA	3	2	0	Low-quality	Genome-fragment	6.61	AAI-based (high-confidence)	0.0	1.0	
ERR2726443_38790	5341	No	NA	6	3	0	Low-quality	Genome-fragment	8.48	AAI-based (high-confidence)	0.0	1.0	
ERR2726443_38823	5381	No	NA	9	2	0	Low-quality	Genome-fragment	8.84	AAI-based (high-confidence)	0.0	1.0	
ERR2726443_38870	1875	No	NA	1	1	0	Low-quality	Genome-fragment	1.28	HMM-based (lower-bound)	0.0	1.0	
ERR2726443_38975	172	No	NA	1	0	0	Not-determined	Genome-fragment	NA	NA	0.0	1.0	no viral genes detected
ERR2726443_38999	4297	No	NA	6	0	0	Not-determined	Genome-fragment	NA	NA	0.0	1.0	no viral genes detected
ERR2726443_39256	3071	No	NA	1	0	0	Not-determined	Genome-fragment	NA	NA	0.0	1.0	no viral genes detected
ERR2726443_39268	2483	No	NA	4	4	0	Low-quality	Genome-fragment	5.39	AAI-based (high-confidence)	0.0	1.0	
ERR2726443_39316	2127	No	NA	3	1	0	Low-quality	Genome-fragment	4.78	AAI-based (high-confidence)	0.0	1.0	
ERR2726443_39519	3581	No	NA	5	2	0	Low-quality	Genome-fragment	2.83	HMM-based (lower-bound)	0.0	1.0	
ERR2726443_39977	10524	No	NA	12	10	0	Low-quality	Genome-fragment	32.64	AAI-based (high-confidence)	0.0	1.0	
ERR2726443_40163	245	No	NA	2	0	0	Low-quality	Genome-fragment	0.41	AAI-based (high-confidence)	0.0	1.0	no viral genes detected
ERR2726443_40264	1752	No	NA	5	0	0	Not-determined	Genome-fragment	NA	NA	0.0	1.0	no viral genes detected
ERR2726443_40304	3429	No	NA	6	1	0	Low-quality	Genome-fragment	7.16	AAI-based (high-confidence)	0.0	1.0	
ERR2726443_40908	1510	No	NA	2	1	0	Low-quality	Genome-fragment	3.78	AAI-based (medium-confidence)	0.0	1.0	
ERR2726443_40934	7958	No	NA	12	1	1	Low-quality	Genome-fragment	22.23	AAI-based (medium-confidence)	0.0	1.0	
ERR2726443_41429	3505	No	NA	5	2	0	Low-quality	Genome-fragment	4.09	AAI-based (high-confidence)	0.0	1.0	
ERR2726443_41502	3648	No	NA	5	4	0	Low-quality	Genome-fragment	12.32	AAI-based (high-confidence)	0.0	1.0	
ERR2726443_41553	4722	No	NA	12	1	0	Low-quality	Genome-fragment	2.87	HMM-based (lower-bound)	0.0	1.0	
ERR2726443_41703	7272	Yes	6195	10	1	1	Low-quality	Genome-fragment	3.92	HMM-based (lower-bound)	14.81	1.0	
ERR2726443_41819	3347	No	NA	2	0	2	Not-determined	Genome-fragment	NA	NA	0.0	1.0	no viral genes detected
ERR2726443_41870	4275	No	NA	8	0	0	Low-quality	Genome-fragment	8.28	AAI-based (medium-confidence)	0.0	1.0	no viral genes detected
ERR2726443_41903	1988	No	NA	3	1	0	Low-quality	Genome-fragment	4.4	AAI-based (medium-confidence)	0.0	1.0	
ERR2726443_41984	2880	No	NA	6	1	0	Low-quality	Genome-fragment	7.16	AAI-based (high-confidence)	0.0	1.0	
ERR2726443_42001	335	No	NA	1	1	0	Low-quality	Genome-fragment	0.39	AAI-based (high-confidence)	0.0	1.0	
ERR2726443_42256	388	No	NA	2	1	0	Low-quality	Genome-fragment	0.63	HMM-based (lower-bound)	0.0	1.0	
ERR2726443_42309	1024	No	NA	1	0	1	Not-determined	Genome-fragment	NA	NA	0.0	1.0	no viral genes detected
ERR2726443_42392	3007	No	NA	6	1	0	Low-quality	Genome-fragment	5.4	AAI-based (high-confidence)	0.0	1.0	
ERR2726443_42455	2642	No	NA	3	0	0	Low-quality	Genome-fragment	3.96	AAI-based (medium-confidence)	0.0	1.0	no viral genes detected
ERR2726443_42471	2600	No	NA	3	0	1	Not-determined	Genome-fragment	NA	NA	0.0	1.0	no viral genes detected
ERR2726443_42833	699	No	NA	1	1	0	Low-quality	Genome-fragment	2.89	AAI-based (medium-confidence)	0.0	1.0	
ERR2726443_42894	815	No	NA	1	1	0	Low-quality	Genome-fragment	2.69	AAI-based (high-confidence)	0.0	1.0	
ERR2726443_43061	1969	No	NA	4	0	0	Not-determined	Genome-fragment	NA	NA	0.0	1.0	no viral genes detected
ERR2726443_43488	2589	No	NA	2	1	0	Low-quality	Genome-fragment	2.99	AAI-based (high-confidence)	0.0	1.0	
ERR2726443_43545	4853	No	NA	8	0	2	Not-determined	Genome-fragment	NA	NA	0.0	1.0	no viral genes detected
ERR2726443_43677	815	No	NA	1	0	1	Not-determined	Genome-fragment	NA	NA	0.0	1.0	no viral genes detected
ERR2726443_43965	307	No	NA	1	1	0	Low-quality	Genome-fragment	0.5	HMM-based (lower-bound)	0.0	1.0	
ERR2726443_44000	2542	No	NA	4	0	1	Low-quality	Genome-fragment	3.83	AAI-based (high-confidence)	0.0	1.0	no viral genes detected
ERR2726443_44209	2648	No	NA	2	0	2	Not-determined	Genome-fragment	NA	NA	0.0	1.0	no viral genes detected
ERR2726443_44265	2714	No	NA	4	0	2	Not-determined	Genome-fragment	NA	NA	0.0	1.0	no viral genes detected
ERR2726443_44606	3895	No	NA	4	4	0	Low-quality	Genome-fragment	7.33	AAI-based (high-confidence)	0.0	1.0	
ERR2726443_44639	4912	No	NA	9	1	0	Low-quality	Genome-fragment	3.17	HMM-based (lower-bound)	0.0	1.0	
ERR2726443_44789	2737	No	NA	2	0	2	Not-determined	Genome-fragment	NA	NA	0.0	1.0	no viral genes detected
ERR2726443_44852	4255	No	NA	8	0	0	Low-quality	Genome-fragment	11.61	AAI-based (high-confidence)	0.0	1.0	no viral genes detected
ERR2726443_45037	1465	No	NA	4	2	0	Low-quality	Genome-fragment	3.2	AAI-based (medium-confidence)	0.0	1.0	
ERR2726443_45064	518	No	NA	1	1	0	Low-quality	Genome-fragment	1.25	AAI-based (high-confidence)	0.0	1.0	
ERR2726443_45400	2620	No	NA	5	1	0	Low-quality	Genome-fragment	5.57	AAI-based (high-confidence)	0.0	1.0	
ERR2726443_45448	2962	No	NA	4	1	0	Low-quality	Genome-fragment	8.46	AAI-based (high-confidence)	0.0	1.0	
ERR2726443_45636	6319	No	NA	11	0	0	Low-quality	Genome-fragment	10.47	AAI-based (medium-confidence)	0.0	1.0	no viral genes detected
ERR2726443_45690	5065	No	NA	7	1	0	Low-quality	Genome-fragment	10.75	AAI-based (high-confidence)	0.0	1.0	
ERR2726443_46304	3635	No	NA	4	3	0	Low-quality	Genome-fragment	8.82	AAI-based (high-confidence)	0.0	1.0	
ERR2726443_46470	872	No	NA	2	1	0	Low-quality	Genome-fragment	0.88	AAI-based (high-confidence)	0.0	1.0	
ERR2726443_46843	4003	No	NA	3	0	1	Low-quality	Genome-fragment	3.11	AAI-based (high-confidence)	0.0	1.0	no viral genes detected
ERR2726443_47086	3137	Yes	1716	7	1	1	Low-quality	Genome-fragment	5.33	AAI-based (high-confidence)	45.3	1.0	
ERR2726443_47121	1425	No	NA	3	1	0	Low-quality	Genome-fragment	1.64	AAI-based (high-confidence)	0.0	1.0	
ERR2726443_47269	421	No	NA	1	1	0	Low-quality	Genome-fragment	0.25	HMM-based (lower-bound)	0.0	1.0	
ERR2726443_47278	625	No	NA	1	0	0	Low-quality	Genome-fragment	1.15	AAI-based (high-confidence)	0.0	1.0	no viral genes detected
ERR2726443_47291	7035	No	NA	6	0	1	Not-determined	Genome-fragment	NA	NA	0.0	1.0	no viral genes detected
ERR2726443_47542	4784	Yes	1252	2	1	1	Low-quality	Genome-fragment	1.4	HMM-based (lower-bound)	73.83	1.0	
ERR2726443_48054	4211	No	NA	6	1	0	Low-quality	Genome-fragment	7.68	AAI-based (medium-confidence)	0.0	1.0	
ERR2726443_48260	4415	No	NA	2	0	0	Not-determined	Genome-fragment	NA	NA	0.0	1.0	no viral genes detected
ERR2726443_48545	2085	No	NA	5	2	0	Low-quality	Genome-fragment	5.17	AAI-based (medium-confidence)	0.0	1.0	
ERR2726443_48788	3394	No	NA	8	0	0	Low-quality	Genome-fragment	5.58	AAI-based (medium-confidence)	0.0	1.0	no viral genes detected
ERR2726443_48873	3869	No	NA	2	0	2	Low-quality	Genome-fragment	9.68	AAI-based (medium-confidence)	0.0	1.0	no viral genes detected
ERR2726443_48989	273	No	NA	1	1	0	Low-quality	Genome-fragment	0.19	HMM-based (lower-bound)	0.0	1.0	
ERR2726443_49087	783	No	NA	3	0	0	Low-quality	Genome-fragment	1.34	AAI-based (high-confidence)	0.0	1.0	no viral genes detected
ERR2726443_49282	354	No	NA	2	0	0	Low-quality	Genome-fragment	1.02	AAI-based (medium-confidence)	0.0	1.0	no viral genes detected
ERR2726443_49351	271	No	NA	2	0	0	Not-determined	Genome-fragment	NA	NA	0.0	1.0	no viral genes detected
ERR2726443_49475	3199	No	NA	3	0	1	Low-quality	Genome-fragment	3.79	AAI-based (medium-confidence)	0.0	1.0	no viral genes detected
ERR2726443_49662	1173	No	NA	4	1	0	Low-quality	Genome-fragment	3.28	AAI-based (high-confidence)	0.0	1.0	
ERR2726443_49843	4146	No	NA	6	3	0	Low-quality	Genome-fragment	7.55	AAI-based (high-confidence)	0.0	1.0	
ERR2726443_49891	5341	No	NA	5	2	0	Low-quality	Genome-fragment	11.32	AAI-based (high-confidence)	0.0	1.0	
ERR2726443_49936	7185	No	NA	6	3	0	Low-quality	Genome-fragment	23.63	AAI-based (medium-confidence)	0.0	1.0	
ERR2726443_50146	511	No	NA	1	1	0	Low-quality	Genome-fragment	0.69	HMM-based (lower-bound)	0.0	1.0	
ERR2726443_50205	1759	No	NA	2	0	0	Low-quality	Genome-fragment	3.07	AAI-based (medium-confidence)	0.0	1.0	no viral genes detected
ERR2726443_50223	293	No	NA	1	1	0	Low-quality	Genome-fragment	0.18	HMM-based (lower-bound)	0.0	1.0	
ERR2726443_50695	4860	No	NA	9	2	0	Low-quality	Genome-fragment	8.94	AAI-based (high-confidence)	0.0	1.0	
ERR2726443_50829	1740	No	NA	3	1	0	Low-quality	Genome-fragment	3.05	AAI-based (high-confidence)	0.0	1.0	
ERR2726443_50854	4112	No	NA	4	2	0	Low-quality	Genome-fragment	18.64	AAI-based (high-confidence)	0.0	1.0	
ERR2726443_51219	362	No	NA	1	0	0	Not-determined	Genome-fragment	NA	NA	0.0	1.0	no viral genes detected
ERR2726443_51516	633	No	NA	2	0	0	Not-determined	Genome-fragment	NA	NA	0.0	1.0	no viral genes detected
ERR2726443_51543	696	No	NA	1	0	0	Low-quality	Genome-fragment	0.94	AAI-based (high-confidence)	0.0	1.0	no viral genes detected
ERR2726443_51663	1509	No	NA	1	0	1	Low-quality	Genome-fragment	2.54	AAI-based (medium-confidence)	0.0	1.0	no viral genes detected
ERR2726443_52089	4426	No	NA	5	0	1	Not-determined	Genome-fragment	NA	NA	0.0	1.0	no viral genes detected
ERR2726443_52136	236	No	NA	1	1	0	Low-quality	Genome-fragment	0.55	HMM-based (lower-bound)	0.0	1.0	
ERR2726443_52325	859	No	NA	1	1	0	Low-quality	Genome-fragment	2.4	AAI-based (medium-confidence)	0.0	1.0	
ERR2726443_52407	2442	No	NA	6	0	1	Low-quality	Genome-fragment	5.47	AAI-based (high-confidence)	0.0	1.0	no viral genes detected
ERR2726443_52486	1139	No	NA	2	1	0	Low-quality	Genome-fragment	2.34	AAI-based (high-confidence)	0.0	1.0	
ERR2726443_52526	1038	No	NA	2	0	0	Not-determined	Genome-fragment	NA	NA	0.0	1.0	no viral genes detected
ERR2726443_52597	2290	No	NA	5	1	0	Low-quality	Genome-fragment	3.75	AAI-based (medium-confidence)	0.0	1.0	
ERR2726443_53125	800	No	NA	1	1	0	Low-quality	Genome-fragment	1.11	HMM-based (lower-bound)	0.0	1.0	
ERR2726443_53361	329	No	NA	1	1	0	Low-quality	Genome-fragment	0.95	AAI-based (high-confidence)	0.0	1.0	
ERR2726443_53374	602	No	NA	1	1	0	Low-quality	Genome-fragment	0.71	AAI-based (high-confidence)	0.0	1.0	
ERR2726443_53419	1561	No	NA	2	1	0	Low-quality	Genome-fragment	1.28	HMM-based (lower-bound)	0.0	1.0	
ERR2726443_53532	349	No	NA	1	0	0	Low-quality	Genome-fragment	0.43	AAI-based (medium-confidence)	0.0	1.0	no viral genes detected
ERR2726443_53777	2201	No	NA	6	2	0	Low-quality	Genome-fragment	6.21	AAI-based (high-confidence)	0.0	1.0	
ERR2726443_53890	203	No	NA	1	0	0	Not-determined	Genome-fragment	NA	NA	0.0	1.0	no viral genes detected
ERR2726443_54070	514	No	NA	2	0	0	Low-quality	Genome-fragment	1.13	AAI-based (high-confidence)	0.0	1.0	no viral genes detected
ERR2726443_54075	532	No	NA	1	1	0	Low-quality	Genome-fragment	1.21	AAI-based (medium-confidence)	0.0	1.0	
ERR2726443_54340	3195	No	NA	4	0	2	Low-quality	Genome-fragment	1.95	AAI-based (medium-confidence)	0.0	1.0	no viral genes detected
ERR2726443_54550	3286	No	NA	5	2	0	Low-quality	Genome-fragment	7.0	AAI-based (high-confidence)	0.0	1.0	
ERR2726443_54612	6503	No	NA	15	2	0	Low-quality	Genome-fragment	18.17	AAI-based (high-confidence)	0.0	1.0	
ERR2726443_55013	2975	No	NA	4	0	0	Not-determined	Genome-fragment	NA	NA	0.0	1.0	no viral genes detected
ERR2726443_55133	1252	No	NA	1	0	0	Not-determined	Genome-fragment	NA	NA	0.0	1.0	no viral genes detected
ERR2726443_55141	1636	No	NA	3	2	0	Low-quality	Genome-fragment	2.5	AAI-based (high-confidence)	0.0	1.0	
ERR2726443_55142	2590	No	NA	3	0	2	Not-determined	Genome-fragment	NA	NA	0.0	1.0	no viral genes detected
ERR2726443_55175	1393	No	NA	2	0	0	Low-quality	Genome-fragment	4.7	AAI-based (high-confidence)	0.0	1.0	no viral genes detected
ERR2726443_55245	302	No	NA	1	0	0	Not-determined	Genome-fragment	NA	NA	0.0	1.0	no viral genes detected
ERR2726443_55248	908	No	NA	2	1	0	Low-quality	Genome-fragment	0.97	AAI-based (high-confidence)	0.0	1.0	
ERR2726443_55411	578	No	NA	1	1	0	Low-quality	Genome-fragment	1.51	AAI-based (high-confidence)	0.0	1.0	
ERR2726443_55569	3107	No	NA	4	1	0	Low-quality	Genome-fragment	4.65	HMM-based (lower-bound)	0.0	1.0	
ERR2726443_55630	8688	No	NA	10	0	8	Not-determined	Genome-fragment	NA	NA	0.0	1.0	no viral genes detected
ERR2726443_55679	1475	No	NA	3	1	0	Low-quality	Genome-fragment	2.36	HMM-based (lower-bound)	0.0	1.0	
ERR2726443_56358	2611	No	NA	4	0	0	Low-quality	Genome-fragment	5.23	AAI-based (medium-confidence)	0.0	1.0	no viral genes detected
ERR2726443_56388	1039	No	NA	1	1	0	Low-quality	Genome-fragment	2.06	AAI-based (high-confidence)	0.0	1.0	
ERR2726443_57319	2583	No	NA	2	2	0	Low-quality	Genome-fragment	4.01	HMM-based (lower-bound)	0.0	1.0	
ERR2726443_57923	1810	No	NA	3	0	0	Low-quality	Genome-fragment	1.62	AAI-based (high-confidence)	0.0	1.0	no viral genes detected
ERR2726443_58673	606	No	NA	1	1	0	Low-quality	Genome-fragment	1.96	HMM-based (lower-bound)	0.0	1.0	
ERR2726443_58695	4583	No	NA	4	0	2	Low-quality	Genome-fragment	7.9	AAI-based (medium-confidence)	0.0	1.0	no viral genes detected
ERR2726443_59274	170	No	NA	1	0	0	Low-quality	Genome-fragment	0.41	AAI-based (medium-confidence)	0.0	1.0	no viral genes detected
ERR2726443_59399	304	No	NA	1	0	0	Not-determined	Genome-fragment	NA	NA	0.0	1.0	no viral genes detected
ERR2726443_59437	178	No	NA	1	1	0	Low-quality	Genome-fragment	0.15	HMM-based (lower-bound)	0.0	1.0	
ERR2726443_59612	1108	No	NA	1	1	0	Low-quality	Genome-fragment	1.08	AAI-based (high-confidence)	0.0	1.0	
ERR2726443_59746	547	No	NA	2	1	0	Low-quality	Genome-fragment	1.64	AAI-based (medium-confidence)	0.0	1.0	
ERR2726443_59964	366	No	NA	1	1	0	Low-quality	Genome-fragment	0.72	AAI-based (medium-confidence)	0.0	1.0	
ERR2726443_60249	3391	No	NA	2	0	0	Low-quality	Genome-fragment	6.86	AAI-based (medium-confidence)	0.0	1.0	no viral genes detected
ERR2726443_60408	716	No	NA	1	0	0	Low-quality	Genome-fragment	1.29	AAI-based (medium-confidence)	0.0	1.0	no viral genes detected
ERR2726443_60486	400	No	NA	2	0	0	Not-determined	Genome-fragment	NA	NA	0.0	1.0	no viral genes detected
ERR2726443_60625	371	No	NA	1	0	0	Not-determined	Genome-fragment	NA	NA	0.0	1.0	no viral genes detected
ERR2726443_61247	1027	No	NA	1	0	0	Not-determined	Genome-fragment	NA	NA	0.0	1.0	no viral genes detected
ERR2726443_61514	243	No	NA	1	1	0	Low-quality	Genome-fragment	0.44	HMM-based (lower-bound)	0.0	1.0	
ERR2726443_61707	1017	No	NA	1	0	0	Low-quality	Genome-fragment	0.67	AAI-based (medium-confidence)	0.0	1.0	no viral genes detected
ERR2726443_61736	130	No	NA	1	0	0	Not-determined	Genome-fragment	NA	NA	0.0	1.0	no viral genes detected
ERR2726443_62073	1120	No	NA	3	0	0	Low-quality	Genome-fragment	1.29	AAI-based (high-confidence)	0.0	1.0	no viral genes detected
ERR2726443_62269	439	No	NA	1	1	0	Low-quality	Genome-fragment	1.38	AAI-based (high-confidence)	0.0	1.0	
ERR2726443_62358	1562	Yes	454	4	2	1	Low-quality	Genome-fragment	1.12	AAI-based (high-confidence)	70.93	1.0	
ERR2726443_62416	584	No	NA	2	1	0	Low-quality	Genome-fragment	0.94	HMM-based (lower-bound)	0.0	1.0	
ERR2726443_62430	527	No	NA	2	2	0	Low-quality	Genome-fragment	0.9	AAI-based (medium-confidence)	0.0	1.0	
ERR2726443_62659	9972	No	NA	11	4	1	Low-quality	Genome-fragment	21.41	AAI-based (high-confidence)	0.0	1.0	
ERR2726443_62864	2713	No	NA	3	0	1	Not-determined	Genome-fragment	NA	NA	0.0	1.0	no viral genes detected
ERR2726443_63099	6309	No	NA	11	5	0	Low-quality	Genome-fragment	13.29	AAI-based (high-confidence)	0.0	1.0	
ERR2726443_63336	6552	No	NA	5	2	0	Low-quality	Genome-fragment	11.52	HMM-based (lower-bound)	0.0	1.0	
ERR2726443_64176	3289	No	NA	6	0	0	Not-determined	Genome-fragment	NA	NA	0.0	1.0	no viral genes detected
ERR2726443_64261	376	No	NA	2	1	0	Low-quality	Genome-fragment	0.93	AAI-based (medium-confidence)	0.0	1.0	
ERR2726443_64555	3436	No	NA	5	1	0	Low-quality	Genome-fragment	3.97	AAI-based (high-confidence)	0.0	1.0	
ERR2726443_64905	2110	No	NA	3	0	0	Low-quality	Genome-fragment	2.33	AAI-based (high-confidence)	0.0	1.0	no viral genes detected
ERR2726443_65142	9459	No	NA	15	8	0	Low-quality	Genome-fragment	20.04	AAI-based (high-confidence)	0.0	1.0	
ERR2726443_65547	867	No	NA	1	1	0	Low-quality	Genome-fragment	2.17	AAI-based (medium-confidence)	0.0	1.0	
ERR2726443_65615	4381	No	NA	11	2	0	Low-quality	Genome-fragment	13.48	AAI-based (high-confidence)	0.0	1.0	
ERR2726443_65647	504	No	NA	2	0	0	Not-determined	Genome-fragment	NA	NA	0.0	1.0	no viral genes detected
ERR2726443_65704	1676	No	NA	3	2	0	Low-quality	Genome-fragment	3.73	AAI-based (high-confidence)	0.0	1.0	
ERR2726443_65858	3217	No	NA	3	0	1	Not-determined	Genome-fragment	NA	NA	0.0	1.0	no viral genes detected
ERR2726443_65942	8812	No	NA	9	0	4	Not-determined	Genome-fragment	NA	NA	0.0	1.0	no viral genes detected
ERR2726443_66116	272	No	NA	2	0	0	Not-determined	Genome-fragment	NA	NA	0.0	1.0	no viral genes detected
ERR2726443_66162	277	No	NA	2	0	0	Not-determined	Genome-fragment	NA	NA	0.0	1.0	no viral genes detected
ERR2726443_66340	2660	No	NA	2	0	2	Not-determined	Genome-fragment	NA	NA	0.0	1.0	no viral genes detected
ERR2726443_66534	939	No	NA	2	1	0	Low-quality	Genome-fragment	2.0	AAI-based (medium-confidence)	0.0	1.0	
ERR2726443_66950	1121	No	NA	2	1	0	Low-quality	Genome-fragment	2.39	AAI-based (medium-confidence)	0.0	1.0	
ERR2726443_66983	832	No	NA	1	1	0	Low-quality	Genome-fragment	2.12	AAI-based (high-confidence)	0.0	1.0	
ERR2726443_66987	3242	No	NA	4	0	0	Not-determined	Genome-fragment	NA	NA	0.0	1.0	no viral genes detected
ERR2726443_67009	446	No	NA	1	0	0	Not-determined	Genome-fragment	NA	NA	0.0	1.0	no viral genes detected
ERR2726443_67303	680	No	NA	2	1	0	Low-quality	Genome-fragment	1.17	HMM-based (lower-bound)	0.0	1.0	
ERR2726443_67438	181	No	NA	1	0	0	Not-determined	Genome-fragment	NA	NA	0.0	1.0	no viral genes detected
ERR2726443_67619	1253	No	NA	2	0	1	Not-determined	Genome-fragment	NA	NA	0.0	1.0	no viral genes detected
ERR2726443_67828	614	No	NA	1	1	0	Low-quality	Genome-fragment	0.95	HMM-based (lower-bound)	0.0	1.0	
ERR2726443_67969	517	No	NA	1	0	0	Not-determined	Genome-fragment	NA	NA	0.0	1.0	no viral genes detected
ERR2726443_68057	625	No	NA	1	0	0	Low-quality	Genome-fragment	1.48	AAI-based (medium-confidence)	0.0	1.0	no viral genes detected
ERR2726443_68149	2005	No	NA	2	0	1	Not-determined	Genome-fragment	NA	NA	0.0	1.0	no viral genes detected
ERR2726443_68175	3045	No	NA	4	2	0	Low-quality	Genome-fragment	8.51	AAI-based (high-confidence)	0.0	1.0	
ERR2726443_68421	3354	No	NA	1	0	0	Not-determined	Genome-fragment	NA	NA	0.0	1.0	no viral genes detected
ERR2726443_68622	1457	No	NA	1	1	0	Low-quality	Genome-fragment	1.92	HMM-based (lower-bound)	0.0	1.0	
ERR2726443_69117	524	No	NA	1	1	0	Low-quality	Genome-fragment	0.79	HMM-based (lower-bound)	0.0	1.0	
ERR2726443_69339	1444	No	NA	3	0	0	Low-quality	Genome-fragment	1.68	AAI-based (high-confidence)	0.0	1.0	no viral genes detected
ERR2726443_69568	739	No	NA	3	1	0	Low-quality	Genome-fragment	1.91	AAI-based (high-confidence)	0.0	1.0	
ERR2726443_69941	4106	No	NA	7	2	0	Low-quality	Genome-fragment	9.88	AAI-based (medium-confidence)	0.0	1.0	
ERR2726443_70156	4042	No	NA	8	0	2	Not-determined	Genome-fragment	NA	NA	0.0	1.0	no viral genes detected
ERR2726443_70239	1236	No	NA	3	0	0	Low-quality	Genome-fragment	3.45	AAI-based (medium-confidence)	0.0	1.0	no viral genes detected
ERR2726443_70435	2696	No	NA	1	0	0	Not-determined	Genome-fragment	NA	NA	0.0	1.0	no viral genes detected
ERR2726443_70610	3214	No	NA	4	0	0	Low-quality	Genome-fragment	8.46	AAI-based (medium-confidence)	0.0	1.0	no viral genes detected
ERR2726443_70657	3094	No	NA	5	0	2	Not-determined	Genome-fragment	NA	NA	0.0	1.0	no viral genes detected
ERR2726443_70695	617	No	NA	2	1	0	Low-quality	Genome-fragment	1.07	HMM-based (lower-bound)	0.0	1.0	
ERR2726443_70844	499	No	NA	2	0	0	Not-determined	Genome-fragment	NA	NA	0.0	1.0	no viral genes detected
ERR2726443_71248	4395	No	NA	8	0	1	Not-determined	Genome-fragment	NA	NA	0.0	1.0	no viral genes detected
ERR2726443_71649	1017	No	NA	2	0	1	Not-determined	Genome-fragment	NA	NA	0.0	1.0	no viral genes detected
ERR2726443_71809	594	No	NA	1	1	0	Low-quality	Genome-fragment	0.89	HMM-based (lower-bound)	0.0	1.0	
ERR2726443_71817	433	No	NA	1	1	0	Low-quality	Genome-fragment	0.92	AAI-based (high-confidence)	0.0	1.0	
ERR2726443_72518	2447	No	NA	3	0	0	Not-determined	Genome-fragment	NA	NA	0.0	1.0	no viral genes detected
ERR2726443_72978	2674	No	NA	5	0	0	Low-quality	Genome-fragment	3.11	AAI-based (high-confidence)	0.0	1.0	no viral genes detected
ERR2726443_73214	1536	No	NA	2	0	0	Low-quality	Genome-fragment	5.19	AAI-based (high-confidence)	0.0	1.0	no viral genes detected
ERR2726443_73407	203	No	NA	1	0	0	Not-determined	Genome-fragment	NA	NA	0.0	1.0	no viral genes detected
ERR2726443_73787	1008	No	NA	2	1	0	Low-quality	Genome-fragment	2.82	AAI-based (medium-confidence)	0.0	1.0	
ERR2726443_73881	1062	No	NA	4	1	0	Low-quality	Genome-fragment	1.96	AAI-based (high-confidence)	0.0	1.0	
ERR2726443_74190	643	No	NA	1	1	0	Low-quality	Genome-fragment	0.39	HMM-based (lower-bound)	0.0	1.0	
ERR2726443_74234	1215	No	NA	2	1	0	Low-quality	Genome-fragment	2.26	HMM-based (lower-bound)	0.0	1.0	
ERR2726443_74261	740	No	NA	2	1	0	Low-quality	Genome-fragment	1.12	HMM-based (lower-bound)	0.0	1.0	
ERR2726443_74346	3110	No	NA	6	0	1	Low-quality	Genome-fragment	3.2	AAI-based (high-confidence)	0.0	1.0	no viral genes detected
ERR2726443_74382	2953	No	NA	7	3	0	Low-quality	Genome-fragment	4.9	AAI-based (high-confidence)	0.0	1.0	
ERR2726443_74710	2785	No	NA	2	0	2	Not-determined	Genome-fragment	NA	NA	0.0	1.0	no viral genes detected
ERR2726443_74943	729	No	NA	1	0	0	Low-quality	Genome-fragment	1.4	AAI-based (high-confidence)	0.0	1.0	no viral genes detected
ERR2726443_74952	1331	No	NA	3	1	0	Low-quality	Genome-fragment	3.36	AAI-based (medium-confidence)	0.0	1.0	
ERR2726443_75036	261	No	NA	1	0	0	Not-determined	Genome-fragment	NA	NA	0.0	1.0	no viral genes detected
ERR2726443_75252	1268	No	NA	2	1	0	Low-quality	Genome-fragment	2.64	AAI-based (high-confidence)	0.0	1.0	
ERR2726443_75441	1268	No	NA	4	1	0	Low-quality	Genome-fragment	3.54	AAI-based (medium-confidence)	0.0	1.0	
ERR2726443_75451	651	No	NA	2	0	0	Low-quality	Genome-fragment	0.64	AAI-based (high-confidence)	0.0	1.0	no viral genes detected
ERR2726443_75504	12205	No	NA	10	0	2	Not-determined	Genome-fragment	NA	NA	0.0	1.0	no viral genes detected
ERR2726443_75931	3890	Yes	2504	3	1	1	Low-quality	Genome-fragment	5.0	AAI-based (medium-confidence)	35.63	1.0	
ERR2726443_76215	1446	Yes	941	4	1	1	Low-quality	Genome-fragment	2.0	AAI-based (medium-confidence)	34.92	1.0	
ERR2726443_76227	6135	No	NA	8	0	0	Low-quality	Genome-fragment	14.32	AAI-based (medium-confidence)	0.0	1.0	no viral genes detected
ERR2726443_76473	2652	No	NA	7	2	0	Low-quality	Genome-fragment	4.96	AAI-based (high-confidence)	0.0	1.0	
ERR2726443_76652	2452	No	NA	2	2	0	Low-quality	Genome-fragment	6.11	AAI-based (high-confidence)	0.0	1.0	
ERR2726443_77320	1640	No	NA	2	1	0	Low-quality	Genome-fragment	3.17	AAI-based (high-confidence)	0.0	1.0	
ERR2726443_77911	1815	No	NA	3	1	0	Low-quality	Genome-fragment	3.58	AAI-based (medium-confidence)	0.0	1.0	
ERR2726443_78207	2439	No	NA	5	2	0	Low-quality	Genome-fragment	4.69	AAI-based (high-confidence)	0.0	1.0	
ERR2726443_78477	304	No	NA	1	1	0	Low-quality	Genome-fragment	0.49	HMM-based (lower-bound)	0.0	1.0	
ERR2726443_78939	1285	No	NA	1	0	0	Low-quality	Genome-fragment	2.67	AAI-based (high-confidence)	0.0	1.0	no viral genes detected
ERR2726443_79258	651	No	NA	1	0	0	Not-determined	Genome-fragment	NA	NA	0.0	1.0	no viral genes detected
ERR2726443_79748	2572	No	NA	7	0	0	Low-quality	Genome-fragment	5.18	AAI-based (high-confidence)	0.0	1.0	no viral genes detected
ERR2726443_79755	4677	No	NA	9	0	2	Low-quality	Genome-fragment	10.42	AAI-based (high-confidence)	0.0	1.0	no viral genes detected
ERR2726443_80072	3405	No	NA	6	2	0	Low-quality	Genome-fragment	3.76	HMM-based (lower-bound)	0.0	1.0	
ERR2726443_80411	4331	No	NA	9	0	0	Not-determined	Genome-fragment	NA	NA	0.0	1.0	no viral genes detected
ERR2726443_80759	602	No	NA	1	1	0	Low-quality	Genome-fragment	0.71	AAI-based (high-confidence)	0.0	1.0	
ERR2726443_80911	549	No	NA	1	1	0	Low-quality	Genome-fragment	0.81	HMM-based (lower-bound)	0.0	1.0	
ERR2726443_81331	415	No	NA	1	0	0	Low-quality	Genome-fragment	0.49	AAI-based (high-confidence)	0.0	1.0	no viral genes detected
ERR2726443_82357	263	No	NA	1	1	0	Low-quality	Genome-fragment	0.81	HMM-based (lower-bound)	0.0	1.0	
ERR2726443_82372	488	No	NA	1	1	0	Low-quality	Genome-fragment	1.59	AAI-based (high-confidence)	0.0	1.0	
ERR2726443_82762	908	No	NA	1	0	0	Low-quality	Genome-fragment	0.87	AAI-based (high-confidence)	0.0	1.0	no viral genes detected
ERR2726443_82817	324	No	NA	2	1	0	Low-quality	Genome-fragment	0.29	HMM-based (lower-bound)	0.0	1.0	
ERR2726443_83115	1231	No	NA	3	0	0	Low-quality	Genome-fragment	1.43	AAI-based (high-confidence)	0.0	1.0	no viral genes detected
ERR2726443_83290	241	No	NA	1	1	0	Low-quality	Genome-fragment	0.47	AAI-based (high-confidence)	0.0	1.0	
ERR2726443_83342	3535	No	NA	3	0	3	Not-determined	Genome-fragment	NA	NA	0.0	1.0	no viral genes detected
ERR2726443_83381	3361	No	NA	4	0	1	Low-quality	Genome-fragment	7.69	AAI-based (medium-confidence)	0.0	1.0	no viral genes detected
ERR2726443_83400	1030	No	NA	1	0	0	Low-quality	Genome-fragment	1.07	AAI-based (high-confidence)	0.0	1.0	no viral genes detected
ERR2726443_83440	223	No	NA	1	0	0	Not-determined	Genome-fragment	NA	NA	0.0	1.0	no viral genes detected
ERR2726443_83576	1399	No	NA	3	1	0	Low-quality	Genome-fragment	2.11	HMM-based (lower-bound)	0.0	1.0	
ERR2726443_83991	949	No	NA	3	1	0	Low-quality	Genome-fragment	2.24	AAI-based (high-confidence)	0.0	1.0	
ERR2726443_84082	576	No	NA	1	1	0	Low-quality	Genome-fragment	1.07	AAI-based (high-confidence)	0.0	1.0	
ERR2726443_84818	321	No	NA	2	2	0	Low-quality	Genome-fragment	0.53	AAI-based (high-confidence)	0.0	1.0	
ERR2726443_84964	683	No	NA	1	1	0	Low-quality	Genome-fragment	1.41	AAI-based (medium-confidence)	0.0	1.0	
ERR2726443_85063	349	No	NA	1	0	0	Low-quality	Genome-fragment	0.43	AAI-based (medium-confidence)	0.0	1.0	no viral genes detected
ERR2726443_85064	2150	No	NA	1	0	0	Low-quality	Genome-fragment	3.92	AAI-based (high-confidence)	0.0	1.0	no viral genes detected
ERR2726443_85139	2252	No	NA	6	2	0	Low-quality	Genome-fragment	4.88	AAI-based (high-confidence)	0.0	1.0	
ERR2726443_85230	653	No	NA	2	1	0	Low-quality	Genome-fragment	1.74	AAI-based (high-confidence)	0.0	1.0	
ERR2726443_85706	696	No	NA	2	2	0	Low-quality	Genome-fragment	1.52	AAI-based (medium-confidence)	0.0	1.0	
ERR2726443_85797	5396	No	NA	11	0	1	Low-quality	Genome-fragment	10.1	AAI-based (high-confidence)	0.0	1.0	no viral genes detected
ERR2726443_86026	1600	No	NA	3	2	0	Low-quality	Genome-fragment	3.39	AAI-based (high-confidence)	0.0	1.0	
ERR2726443_86149	4162	No	NA	6	0	0	Low-quality	Genome-fragment	8.52	AAI-based (high-confidence)	0.0	1.0	no viral genes detected
ERR2726443_86271	1056	No	NA	2	0	0	Not-determined	Genome-fragment	NA	NA	0.0	1.0	no viral genes detected
ERR2726443_86284	3240	No	NA	3	0	0	Not-determined	Genome-fragment	NA	NA	0.0	1.0	no viral genes detected
ERR2726443_86380	346	No	NA	1	1	0	Low-quality	Genome-fragment	0.52	HMM-based (lower-bound)	0.0	1.0	
ERR2726443_86588	1164	No	NA	2	0	0	Low-quality	Genome-fragment	2.08	AAI-based (high-confidence)	0.0	1.0	no viral genes detected
ERR2726443_86893	192	No	NA	1	1	0	Low-quality	Genome-fragment	0.43	HMM-based (lower-bound)	0.0	1.0	
ERR2726443_87909	375	No	NA	2	2	0	Low-quality	Genome-fragment	1.31	AAI-based (medium-confidence)	0.0	1.0	
ERR2726443_87946	681	No	NA	2	0	0	Low-quality	Genome-fragment	2.3	AAI-based (high-confidence)	0.0	1.0	no viral genes detected
ERR2726443_88182	529	No	NA	2	1	0	Low-quality	Genome-fragment	1.0	HMM-based (lower-bound)	0.0	1.0	
ERR2726443_88814	2630	No	NA	5	1	0	Low-quality	Genome-fragment	6.68	AAI-based (medium-confidence)	0.0	1.0	
ERR2726443_88820	2814	No	NA	5	0	0	Low-quality	Genome-fragment	4.71	AAI-based (high-confidence)	0.0	1.0	no viral genes detected
ERR2726443_89200	4516	No	NA	8	3	0	Low-quality	Genome-fragment	10.68	HMM-based (lower-bound)	0.0	1.0	
ERR2726443_89722	308	No	NA	1	1	0	Low-quality	Genome-fragment	0.35	HMM-based (lower-bound)	0.0	1.0	
ERR2726443_89820	291	No	NA	1	1	0	Low-quality	Genome-fragment	0.48	HMM-based (lower-bound)	0.0	1.0	
ERR2726443_90499	1464	No	NA	2	1	0	Low-quality	Genome-fragment	0.76	HMM-based (lower-bound)	0.0	1.0	
ERR2726443_90567	238	No	NA	1	0	0	Not-determined	Genome-fragment	NA	NA	0.0	1.0	no viral genes detected
ERR2726443_90577	681	No	NA	3	0	0	Low-quality	Genome-fragment	0.66	AAI-based (high-confidence)	0.0	1.0	no viral genes detected
ERR2726443_90836	428	No	NA	2	1	0	Low-quality	Genome-fragment	1.41	AAI-based (high-confidence)	0.0	1.0	
ERR2726443_90867	1141	No	NA	1	1	0	Low-quality	Genome-fragment	2.53	HMM-based (lower-bound)	0.0	1.0	
ERR2726443_91377	264	No	NA	1	1	0	Low-quality	Genome-fragment	0.7	HMM-based (lower-bound)	0.0	1.0	
ERR2726443_91825	551	No	NA	2	2	0	Low-quality	Genome-fragment	1.45	AAI-based (high-confidence)	0.0	1.0	
ERR2726443_91853	2176	No	NA	6	1	0	Low-quality	Genome-fragment	3.2	HMM-based (lower-bound)	0.0	1.0	
ERR2726443_92186	470	No	NA	1	0	0	Low-quality	Genome-fragment	0.47	AAI-based (high-confidence)	0.0	1.0	no viral genes detected
ERR2726443_92724	1459	No	NA	1	0	1	Not-determined	Genome-fragment	NA	NA	0.0	1.0	no viral genes detected
ERR2726443_93614	512	No	NA	1	1	0	Low-quality	Genome-fragment	1.38	AAI-based (medium-confidence)	0.0	1.0	
ERR2726443_93773	270	No	NA	2	1	0	Low-quality	Genome-fragment	0.49	HMM-based (lower-bound)	0.0	1.0	
ERR2726443_93829	461	No	NA	1	1	0	Low-quality	Genome-fragment	1.07	HMM-based (lower-bound)	0.0	1.0	
ERR2726443_94094	200	No	NA	1	1	0	Low-quality	Genome-fragment	0.3	HMM-based (lower-bound)	0.0	1.0	
ERR2726443_94198	1013	No	NA	1	0	0	Low-quality	Genome-fragment	1.85	AAI-based (high-confidence)	0.0	1.0	no viral genes detected
ERR2726443_94346	379	No	NA	2	1	0	Low-quality	Genome-fragment	0.66	HMM-based (lower-bound)	0.0	1.0	
ERR2726443_94450	821	No	NA	2	2	0	Low-quality	Genome-fragment	1.17	HMM-based (lower-bound)	0.0	1.0	
ERR2726443_94501	394	No	NA	2	1	0	Low-quality	Genome-fragment	0.49	HMM-based (lower-bound)	0.0	1.0	
ERR2726443_94627	232	No	NA	1	0	0	Low-quality	Genome-fragment	0.43	AAI-based (high-confidence)	0.0	1.0	no viral genes detected
ERR2726443_95079	319	No	NA	1	1	0	Low-quality	Genome-fragment	0.59	HMM-based (lower-bound)	0.0	1.0	
ERR2726443_95274	2132	No	NA	3	3	0	Low-quality	Genome-fragment	5.82	AAI-based (high-confidence)	0.0	1.0	
ERR2726443_95299	448	No	NA	1	1	0	Low-quality	Genome-fragment	0.83	HMM-based (lower-bound)	0.0	1.0	
ERR2726443_95653	560	No	NA	1	1	0	Low-quality	Genome-fragment	1.17	AAI-based (high-confidence)	0.0	1.0	
ERR2726443_95764	267	No	NA	2	1	0	Low-quality	Genome-fragment	0.24	HMM-based (lower-bound)	0.0	1.0	
ERR2726443_95933	586	No	NA	2	1	0	Low-quality	Genome-fragment	0.52	HMM-based (lower-bound)	0.0	1.0	
ERR2726443_96533	2268	No	NA	3	1	0	Low-quality	Genome-fragment	2.37	HMM-based (lower-bound)	0.0	1.0	
ERR2726443_96605	226	No	NA	1	0	0	Not-determined	Genome-fragment	NA	NA	0.0	1.0	no viral genes detected
ERR2726443_99046	3822	No	NA	5	3	0	Low-quality	Genome-fragment	9.36	AAI-based (high-confidence)	0.0	1.0	
ERR2726443_99286	1652	No	NA	4	3	0	Low-quality	Genome-fragment	2.62	AAI-based (high-confidence)	0.0	1.0	
ERR2726443_99390	305	No	NA	1	1	0	Low-quality	Genome-fragment	0.73	AAI-based (high-confidence)	0.0	1.0	
ERR2726443_99536	330	No	NA	1	1	0	Low-quality	Genome-fragment	0.49	HMM-based (lower-bound)	0.0	1.0	
ERR2726443_99756	1327	No	NA	2	0	0	Low-quality	Genome-fragment	2.82	AAI-based (high-confidence)	0.0	1.0	no viral genes detected
ERR2726443_100182	246	No	NA	1	1	0	Low-quality	Genome-fragment	0.54	HMM-based (lower-bound)	0.0	1.0	
ERR2726443_100333	491	No	NA	2	1	0	Low-quality	Genome-fragment	0.88	HMM-based (lower-bound)	0.0	1.0	
ERR2726443_100577	613	No	NA	1	1	0	Low-quality	Genome-fragment	1.43	AAI-based (medium-confidence)	0.0	1.0	
ERR2726443_100664	808	No	NA	2	1	0	Low-quality	Genome-fragment	1.94	AAI-based (medium-confidence)	0.0	1.0	
ERR2726443_100798	319	No	NA	2	0	0	Low-quality	Genome-fragment	0.62	AAI-based (high-confidence)	0.0	1.0	no viral genes detected
ERR2726443_100868	194	No	NA	1	1	0	Low-quality	Genome-fragment	0.57	AAI-based (high-confidence)	0.0	1.0	
ERR2726443_101071	230	No	NA	1	1	0	Low-quality	Genome-fragment	0.36	HMM-based (lower-bound)	0.0	1.0	
ERR2726443_101089	1047	No	NA	2	2	0	Low-quality	Genome-fragment	2.66	AAI-based (high-confidence)	0.0	1.0	
ERR2726443_101427	718	No	NA	1	1	0	Low-quality	Genome-fragment	1.61	AAI-based (medium-confidence)	0.0	1.0	
ERR2726443_102318	255	No	NA	1	1	0	Low-quality	Genome-fragment	0.14	AAI-based (high-confidence)	0.0	1.0	
ERR2726443_102845	1098	No	NA	1	1	0	Low-quality	Genome-fragment	2.62	AAI-based (medium-confidence)	0.0	1.0	
ERR2726443_103534	273	No	NA	1	0	0	Not-determined	Genome-fragment	NA	NA	0.0	1.0	no viral genes detected
ERR2726443_104114	355	No	NA	1	1	0	Low-quality	Genome-fragment	0.53	HMM-based (lower-bound)	0.0	1.0	
ERR2726443_104573	811	No	NA	1	0	0	Not-determined	Genome-fragment	NA	NA	0.0	1.0	no viral genes detected
ERR2726443_105164	393	No	NA	2	2	0	Low-quality	Genome-fragment	1.0	AAI-based (high-confidence)	0.0	1.0	
ERR2726443_105333	1210	No	NA	3	2	0	Low-quality	Genome-fragment	3.38	AAI-based (high-confidence)	0.0	1.0	
ERR2726443_105461	1486	No	NA	3	0	0	Low-quality	Genome-fragment	4.2	AAI-based (high-confidence)	0.0	1.0	no viral genes detected
ERR2726443_105627	742	No	NA	1	0	0	Low-quality	Genome-fragment	1.51	AAI-based (medium-confidence)	0.0	1.0	no viral genes detected
ERR2726443_105629	285	No	NA	1	0	0	Low-quality	Genome-fragment	5.11	AAI-based (medium-confidence)	0.0	1.0	no viral genes detected
ERR2726443_105685	2531	No	NA	4	0	1	Not-determined	Genome-fragment	NA	NA	0.0	1.0	no viral genes detected
ERR2726443_106714	363	No	NA	1	1	0	Low-quality	Genome-fragment	0.85	AAI-based (high-confidence)	0.0	1.0	
ERR2726443_106968	1374	No	NA	3	0	0	Low-quality	Genome-fragment	2.5	AAI-based (high-confidence)	0.0	1.0	no viral genes detected
ERR2726443_107069	419	No	NA	2	1	0	Low-quality	Genome-fragment	0.88	AAI-based (medium-confidence)	0.0	1.0	
ERR2726443_107363	579	No	NA	3	2	0	Low-quality	Genome-fragment	1.54	AAI-based (high-confidence)	0.0	1.0	
ERR2726443_108577	829	No	NA	2	1	0	Low-quality	Genome-fragment	2.03	AAI-based (high-confidence)	0.0	1.0	
ERR2726443_108911	165	No	NA	1	1	0	Low-quality	Genome-fragment	0.36	HMM-based (lower-bound)	0.0	1.0	
ERR2726443_109693	1055	No	NA	2	1	0	Low-quality	Genome-fragment	2.46	AAI-based (high-confidence)	0.0	1.0	
ERR2726443_109774	303	No	NA	1	0	0	Not-determined	Genome-fragment	NA	NA	0.0	1.0	no viral genes detected
ERR2726443_110680	432	No	NA	2	1	0	Low-quality	Genome-fragment	1.07	AAI-based (high-confidence)	0.0	1.0	
ERR2726443_110918	485	No	NA	1	1	0	Low-quality	Genome-fragment	1.49	HMM-based (lower-bound)	0.0	1.0	
ERR2726443_110998	416	No	NA	1	1	0	Low-quality	Genome-fragment	1.53	HMM-based (lower-bound)	0.0	1.0	
ERR2726443_111004	230	No	NA	1	1	0	Low-quality	Genome-fragment	0.62	AAI-based (high-confidence)	0.0	1.0	
ERR2726443_112389	326	No	NA	1	1	0	Low-quality	Genome-fragment	0.52	AAI-based (high-confidence)	0.0	1.0	
ERR2726443_113227	2324	No	NA	2	0	1	Not-determined	Genome-fragment	NA	NA	0.0	1.0	no viral genes detected
ERR2726443_113647	247	No	NA	1	1	0	Low-quality	Genome-fragment	0.91	HMM-based (lower-bound)	0.0	1.0	
ERR2726443_113663	1303	No	NA	1	0	0	Low-quality	Genome-fragment	1.5	AAI-based (high-confidence)	0.0	1.0	no viral genes detected
ERR2726443_113970	2671	No	NA	6	0	0	Low-quality	Genome-fragment	5.6	AAI-based (high-confidence)	0.0	1.0	no viral genes detected
ERR2726443_114008	355	No	NA	1	1	0	Low-quality	Genome-fragment	0.53	HMM-based (lower-bound)	0.0	1.0	
ERR2726443_114117	282	No	NA	1	1	0	Low-quality	Genome-fragment	0.31	AAI-based (high-confidence)	0.0	1.0	
ERR2726443_114143	1045	No	NA	1	0	0	Low-quality	Genome-fragment	1.23	AAI-based (high-confidence)	0.0	1.0	no viral genes detected
ERR2726443_114239	186	No	NA	1	1	0	Low-quality	Genome-fragment	0.37	HMM-based (lower-bound)	0.0	1.0	
ERR2726443_114553	257	No	NA	1	1	0	Low-quality	Genome-fragment	0.16	HMM-based (lower-bound)	0.0	1.0	
ERR2726443_114699	1826	No	NA	1	0	1	Low-quality	Genome-fragment	2.1	AAI-based (high-confidence)	0.0	1.0	no viral genes detected
ERR2726443_114764	2385	No	NA	2	1	0	Low-quality	Genome-fragment	5.1	HMM-based (lower-bound)	0.0	1.0	
ERR2726443_114914	873	No	NA	1	1	0	Low-quality	Genome-fragment	1.62	AAI-based (medium-confidence)	0.0	1.0	
ERR2726443_115323	1877	No	NA	2	1	0	Low-quality	Genome-fragment	3.93	AAI-based (high-confidence)	0.0	1.0	
ERR2726443_115449	862	No	NA	2	0	0	Low-quality	Genome-fragment	2.31	AAI-based (medium-confidence)	0.0	1.0	no viral genes detected
ERR2726443_115574	327	No	NA	1	0	0	Not-determined	Genome-fragment	NA	NA	0.0	1.0	no viral genes detected
ERR2726443_115843	303	No	NA	2	0	0	Not-determined	Genome-fragment	NA	NA	0.0	1.0	no viral genes detected
ERR2726443_116017	703	No	NA	2	2	0	Low-quality	Genome-fragment	1.07	AAI-based (high-confidence)	0.0	1.0	
ERR2726443_116275	667	No	NA	2	0	0	Low-quality	Genome-fragment	1.99	AAI-based (high-confidence)	0.0	1.0	no viral genes detected
ERR2726443_116482	2115	No	NA	2	1	0	Low-quality	Genome-fragment	4.44	AAI-based (high-confidence)	0.0	1.0	
ERR2726443_116715	592	No	NA	2	2	0	Low-quality	Genome-fragment	0.87	AAI-based (medium-confidence)	0.0	1.0	
ERR2726443_116782	846	No	NA	2	2	0	Low-quality	Genome-fragment	1.66	AAI-based (high-confidence)	0.0	1.0	
ERR2726443_117194	215	No	NA	1	1	0	Low-quality	Genome-fragment	0.35	HMM-based (lower-bound)	0.0	1.0	
ERR2726443_118257	1637	No	NA	2	0	0	Low-quality	Genome-fragment	3.97	AAI-based (medium-confidence)	0.0	1.0	no viral genes detected
ERR2726443_118954	949	No	NA	2	0	0	Low-quality	Genome-fragment	2.65	AAI-based (high-confidence)	0.0	1.0	no viral genes detected
ERR2726443_120691	734	No	NA	2	1	0	Low-quality	Genome-fragment	1.92	AAI-based (high-confidence)	0.0	1.0	
ERR2726443_120874	2109	No	NA	2	0	0	Low-quality	Genome-fragment	6.08	AAI-based (high-confidence)	0.0	1.0	no viral genes detected
ERR2726443_121109	239	No	NA	1	1	0	Low-quality	Genome-fragment	0.88	HMM-based (lower-bound)	0.0	1.0	
ERR2726443_121218	227	No	NA	1	1	0	Low-quality	Genome-fragment	0.34	HMM-based (lower-bound)	0.0	1.0	
ERR2726443_121254	619	No	NA	2	0	0	Low-quality	Genome-fragment	0.44	AAI-based (medium-confidence)	0.0	1.0	no viral genes detected
ERR2726443_121277	2411	No	NA	5	0	0	Low-quality	Genome-fragment	4.03	AAI-based (medium-confidence)	0.0	1.0	no viral genes detected
ERR2726443_121627	587	No	NA	1	1	0	Low-quality	Genome-fragment	0.95	HMM-based (lower-bound)	0.0	1.0	
ERR2726443_121730	400	No	NA	1	1	0	Low-quality	Genome-fragment	0.76	AAI-based (high-confidence)	0.0	1.0	
ERR2726443_122119	443	No	NA	1	1	0	Low-quality	Genome-fragment	0.82	HMM-based (lower-bound)	0.0	1.0	
ERR2726443_122752	1022	No	NA	1	0	0	Low-quality	Genome-fragment	2.06	AAI-based (high-confidence)	0.0	1.0	no viral genes detected; low-confidence ITR
ERR2726443_122846	585	No	NA	1	1	0	Low-quality	Genome-fragment	1.23	HMM-based (lower-bound)	0.0	1.0	
ERR2726443_123170	742	No	NA	1	0	0	Low-quality	Genome-fragment	1.14	AAI-based (medium-confidence)	0.0	1.0	no viral genes detected
ERR2726443_123481	1285	No	NA	2	2	0	Low-quality	Genome-fragment	3.48	AAI-based (medium-confidence)	0.0	1.0	
ERR2726443_123845	333	No	NA	1	0	0	Not-determined	Genome-fragment	NA	NA	0.0	1.0	no viral genes detected
ERR2726443_124496	343	No	NA	1	0	0	Not-determined	Genome-fragment	NA	NA	0.0	1.0	no viral genes detected
ERR2726443_124543	468	No	NA	2	2	0	Low-quality	Genome-fragment	0.69	HMM-based (lower-bound)	0.0	1.0	
ERR2726443_124990	356	No	NA	1	0	0	Not-determined	Genome-fragment	NA	NA	0.0	1.0	no viral genes detected
ERR2726443_125441	598	No	NA	1	0	0	Not-determined	Genome-fragment	NA	NA	0.0	1.0	no viral genes detected
ERR2726443_125595	199	No	NA	1	0	0	Low-quality	Genome-fragment	0.39	AAI-based (high-confidence)	0.0	1.0	no viral genes detected
ERR2726443_125662	165	No	NA	1	0	0	Not-determined	Genome-fragment	NA	NA	0.0	1.0	no viral genes detected
ERR2726443_125827	4669	No	NA	9	1	0	Low-quality	Genome-fragment	13.04	AAI-based (medium-confidence)	0.0	1.0	
ERR2726443_125968	846	No	NA	2	0	0	Low-quality	Genome-fragment	2.22	AAI-based (medium-confidence)	0.0	1.0	no viral genes detected
ERR2726443_126118	493	No	NA	1	0	0	Not-determined	Genome-fragment	NA	NA	0.0	1.0	no viral genes detected
ERR2726443_126302	746	No	NA	2	0	0	Not-determined	Genome-fragment	NA	NA	0.0	1.0	no viral genes detected
ERR2726443_126377	629	No	NA	1	1	0	Low-quality	Genome-fragment	1.49	AAI-based (medium-confidence)	0.0	1.0	
ERR2726443_126393	679	No	NA	2	2	0	Low-quality	Genome-fragment	1.26	HMM-based (lower-bound)	0.0	1.0	
ERR2726443_126479	861	No	NA	2	1	0	Low-quality	Genome-fragment	2.41	AAI-based (high-confidence)	0.0	1.0	
ERR2726443_126904	814	No	NA	2	1	0	Low-quality	Genome-fragment	1.78	AAI-based (high-confidence)	0.0	1.0	
ERR2726443_127167	737	No	NA	1	0	0	Not-determined	Genome-fragment	NA	NA	0.0	1.0	no viral genes detected
ERR2726443_127316	212	No	NA	1	0	0	Not-determined	Genome-fragment	NA	NA	0.0	1.0	no viral genes detected
ERR2726443_127450	493	No	NA	2	0	0	Not-determined	Genome-fragment	NA	NA	0.0	1.0	no viral genes detected
ERR2726443_127455	250	No	NA	1	1	0	Low-quality	Genome-fragment	0.38	HMM-based (lower-bound)	0.0	1.0	
ERR2726443_128840	1295	No	NA	2	0	0	Low-quality	Genome-fragment	3.1	AAI-based (high-confidence)	0.0	1.0	no viral genes detected
ERR2726443_129119	428	No	NA	1	0	0	Not-determined	Genome-fragment	NA	NA	0.0	1.0	no viral genes detected
ERR2726443_129142	279	No	NA	1	1	0	Low-quality	Genome-fragment	0.64	AAI-based (high-confidence)	0.0	1.0	
ERR2726443_129420	363	No	NA	1	0	0	Low-quality	Genome-fragment	0.98	AAI-based (medium-confidence)	0.0	1.0	no viral genes detected
ERR2726443_129792	198	No	NA	1	0	0	Not-determined	Genome-fragment	NA	NA	0.0	1.0	no viral genes detected
ERR2726443_130662	306	No	NA	1	0	0	Not-determined	Genome-fragment	NA	NA	0.0	1.0	no viral genes detected
ERR2726443_130940	414	No	NA	1	1	0	Low-quality	Genome-fragment	0.25	HMM-based (lower-bound)	0.0	1.0	
ERR2726443_131587	116	No	NA	1	1	0	Low-quality	Genome-fragment	0.07	HMM-based (lower-bound)	0.0	1.0	
ERR2726443_131607	812	No	NA	1	1	0	Low-quality	Genome-fragment	1.71	AAI-based (high-confidence)	0.0	1.0	
ERR2726443_132461	1176	No	NA	2	2	0	Low-quality	Genome-fragment	0.77	AAI-based (high-confidence)	0.0	1.0	
ERR2726443_132643	329	No	NA	1	1	0	Low-quality	Genome-fragment	0.54	HMM-based (lower-bound)	0.0	1.0	
ERR2726443_132707	459	No	NA	1	1	0	Low-quality	Genome-fragment	1.45	AAI-based (high-confidence)	0.0	1.0	
ERR2726443_133158	377	No	NA	1	0	0	Low-quality	Genome-fragment	0.9	AAI-based (high-confidence)	0.0	1.0	no viral genes detected
ERR2726443_133194	527	No	NA	2	1	0	Low-quality	Genome-fragment	1.29	AAI-based (high-confidence)	0.0	1.0	
ERR2726443_133220	540	No	NA	2	1	0	Low-quality	Genome-fragment	1.5	AAI-based (high-confidence)	0.0	1.0	
ERR2726443_133447	253	No	NA	1	0	0	Low-quality	Genome-fragment	0.62	AAI-based (high-confidence)	0.0	1.0	no viral genes detected
ERR2726443_133746	212	No	NA	1	1	0	Low-quality	Genome-fragment	0.49	AAI-based (high-confidence)	0.0	1.0	
ERR2726443_133877	465	No	NA	2	1	0	Low-quality	Genome-fragment	1.03	AAI-based (medium-confidence)	0.0	1.0	
ERR2726443_135799	184	No	NA	1	0	0	Low-quality	Genome-fragment	0.49	AAI-based (high-confidence)	0.0	1.0	no viral genes detected
ERR2726443_135982	341	No	NA	1	1	0	Low-quality	Genome-fragment	0.51	HMM-based (lower-bound)	0.0	1.0	
ERR2726443_136255	1789	No	NA	4	1	0	Low-quality	Genome-fragment	1.61	HMM-based (lower-bound)	0.0	1.0	
ERR2726443_137393	426	No	NA	2	2	0	Low-quality	Genome-fragment	0.68	HMM-based (lower-bound)	0.0	1.0	
ERR2726443_137606	197	No	NA	1	0	0	Not-determined	Genome-fragment	NA	NA	0.0	1.0	no viral genes detected
ERR2726443_137732	1045	No	NA	1	0	0	Low-quality	Genome-fragment	1.23	AAI-based (high-confidence)	0.0	1.0	no viral genes detected
ERR2726443_137764	446	No	NA	1	0	0	Not-determined	Genome-fragment	NA	NA	0.0	1.0	no viral genes detected
ERR2726443_138321	520	No	NA	2	0	0	Low-quality	Genome-fragment	0.86	AAI-based (high-confidence)	0.0	1.0	no viral genes detected
ERR2726443_138322	1107	No	NA	2	2	0	Low-quality	Genome-fragment	2.61	AAI-based (high-confidence)	0.0	1.0	
ERR2726443_138946	1843	No	NA	3	1	0	Low-quality	Genome-fragment	3.46	AAI-based (high-confidence)	0.0	1.0	
ERR2726443_138974	133	No	NA	1	0	0	Not-determined	Genome-fragment	NA	NA	0.0	1.0	no viral genes detected
ERR2726443_139194	1664	No	NA	3	2	0	Low-quality	Genome-fragment	2.71	AAI-based (high-confidence)	0.0	1.0	
ERR2726443_139729	441	No	NA	1	1	0	Low-quality	Genome-fragment	0.74	HMM-based (lower-bound)	0.0	1.0	
ERR2726443_140140	214	No	NA	1	1	0	Low-quality	Genome-fragment	0.25	HMM-based (lower-bound)	0.0	1.0	
ERR2726443_140224	165	No	NA	1	0	0	Not-determined	Genome-fragment	NA	NA	0.0	1.0	no viral genes detected
ERR2726443_140369	266	No	NA	1	0	0	Low-quality	Genome-fragment	0.43	AAI-based (high-confidence)	0.0	1.0	no viral genes detected
ERR2726443_140638	954	No	NA	3	0	0	Low-quality	Genome-fragment	1.1	AAI-based (high-confidence)	0.0	1.0	no viral genes detected
ERR2726443_140862	527	No	NA	1	1	0	Low-quality	Genome-fragment	0.32	HMM-based (lower-bound)	0.0	1.0	
ERR2726443_140936	485	No	NA	1	1	0	Low-quality	Genome-fragment	1.07	AAI-based (medium-confidence)	0.0	1.0	
ERR2726443_142522	343	No	NA	1	0	0	Not-determined	Genome-fragment	NA	NA	0.0	1.0	no viral genes detected
ERR2726443_142704	421	No	NA	2	1	0	Low-quality	Genome-fragment	0.76	HMM-based (lower-bound)	0.0	1.0	
ERR2726443_143163	215	No	NA	1	0	0	Low-quality	Genome-fragment	0.56	AAI-based (high-confidence)	0.0	1.0	no viral genes detected
ERR2726443_143439	1166	No	NA	2	0	0	Not-determined	Genome-fragment	NA	NA	0.0	1.0	no viral genes detected
ERR2726443_143597	916	No	NA	2	0	0	Low-quality	Genome-fragment	1.88	AAI-based (high-confidence)	0.0	1.0	no viral genes detected
ERR2726443_143780	1126	No	NA	2	0	0	Not-determined	Genome-fragment	NA	NA	0.0	1.0	no viral genes detected
ERR2726443_144794	665	No	NA	2	0	0	Low-quality	Genome-fragment	1.29	AAI-based (medium-confidence)	0.0	1.0	no viral genes detected
ERR2726443_145028	259	No	NA	1	0	0	Low-quality	Genome-fragment	1.0	AAI-based (high-confidence)	0.0	1.0	no viral genes detected
ERR2726443_146301	131	No	NA	1	1	0	Low-quality	Genome-fragment	0.11	HMM-based (lower-bound)	0.0	1.0	
ERR2726443_146631	571	No	NA	2	0	0	Low-quality	Genome-fragment	1.06	AAI-based (high-confidence)	0.0	1.0	no viral genes detected
ERR2726443_146819	213	No	NA	1	0	0	Not-determined	Genome-fragment	NA	NA	0.0	1.0	no viral genes detected
ERR2726443_147277	2978	No	NA	2	0	2	Not-determined	Genome-fragment	NA	NA	0.0	1.0	no viral genes detected
ERR2726443_147446	375	No	NA	1	1	0	Low-quality	Genome-fragment	1.05	AAI-based (medium-confidence)	0.0	1.0	
ERR2726443_147498	232	No	NA	1	0	0	Not-determined	Genome-fragment	NA	NA	0.0	1.0	no viral genes detected
ERR2726443_149574	429	No	NA	1	1	0	Low-quality	Genome-fragment	0.73	AAI-based (high-confidence)	0.0	1.0	
ERR2726443_149911	152	No	NA	1	1	0	Low-quality	Genome-fragment	0.38	AAI-based (high-confidence)	0.0	1.0	
ERR2726443_150288	192	No	NA	1	1	0	Low-quality	Genome-fragment	0.67	AAI-based (medium-confidence)	0.0	1.0	
ERR2726443_150692	334	No	NA	1	1	0	Low-quality	Genome-fragment	0.83	AAI-based (high-confidence)	0.0	1.0	
ERR2726443_151803	256	No	NA	2	0	0	Not-determined	Genome-fragment	NA	NA	0.0	1.0	no viral genes detected
ERR2726443_151912	166	No	NA	1	0	0	Not-determined	Genome-fragment	NA	NA	0.0	1.0	no viral genes detected
ERR2726443_152302	438	No	NA	1	1	0	Low-quality	Genome-fragment	0.27	HMM-based (lower-bound)	0.0	1.0	
ERR2726443_152767	765	No	NA	1	0	0	Low-quality	Genome-fragment	1.52	AAI-based (medium-confidence)	0.0	1.0	no viral genes detected
ERR2726443_153610	525	No	NA	2	1	0	Low-quality	Genome-fragment	1.32	AAI-based (high-confidence)	0.0	1.0	
ERR2726443_154073	253	No	NA	1	0	0	Not-determined	Genome-fragment	NA	NA	0.0	1.0	no viral genes detected
ERR2726443_154112	369	No	NA	2	2	0	Low-quality	Genome-fragment	0.72	AAI-based (high-confidence)	0.0	1.0	
ERR2726443_154290	302	No	NA	1	0	0	Low-quality	Genome-fragment	0.86	AAI-based (high-confidence)	0.0	1.0	no viral genes detected
ERR2726443_154964	402	No	NA	2	0	0	Not-determined	Genome-fragment	NA	NA	0.0	1.0	no viral genes detected
ERR2726443_154967	437	No	NA	1	1	0	Low-quality	Genome-fragment	1.15	AAI-based (high-confidence)	0.0	1.0	
ERR2726443_155253	727	No	NA	3	2	0	Low-quality	Genome-fragment	2.0	AAI-based (high-confidence)	0.0	1.0	
ERR2726443_155716	368	No	NA	1	1	0	Low-quality	Genome-fragment	0.3	HMM-based (lower-bound)	0.0	1.0	
ERR2726443_156120	276	No	NA	1	0	0	Not-determined	Genome-fragment	NA	NA	0.0	1.0	no viral genes detected
ERR2726443_158200	807	No	NA	2	0	0	Not-determined	Genome-fragment	NA	NA	0.0	1.0	no viral genes detected
ERR2726443_158509	151	No	NA	1	1	0	Low-quality	Genome-fragment	0.4	HMM-based (lower-bound)	0.0	1.0	
ERR2726443_158681	508	No	NA	2	0	0	Not-determined	Genome-fragment	NA	NA	0.0	1.0	no viral genes detected
ERR2726443_158782	917	No	NA	4	2	0	Low-quality	Genome-fragment	1.96	AAI-based (medium-confidence)	0.0	1.0	
ERR2726443_159797	230	No	NA	1	0	0	Not-determined	Genome-fragment	NA	NA	0.0	1.0	no viral genes detected
ERR2726443_159854	358	No	NA	1	1	0	Low-quality	Genome-fragment	0.47	HMM-based (lower-bound)	0.0	1.0	
ERR2726443_160059	2102	No	NA	7	0	0	Low-quality	Genome-fragment	4.48	AAI-based (medium-confidence)	0.0	1.0	no viral genes detected
ERR2726443_160152	291	No	NA	1	1	0	Low-quality	Genome-fragment	0.67	HMM-based (lower-bound)	0.0	1.0	
ERR2726443_160429	160	No	NA	1	0	0	Low-quality	Genome-fragment	0.31	AAI-based (high-confidence)	0.0	1.0	no viral genes detected
ERR2726443_160458	1675	No	NA	2	0	0	Low-quality	Genome-fragment	2.54	AAI-based (medium-confidence)	0.0	1.0	no viral genes detected
ERR2726443_161583	337	No	NA	1	1	0	Low-quality	Genome-fragment	0.26	AAI-based (medium-confidence)	0.0	1.0	
ERR2726443_163008	939	No	NA	1	1	0	Low-quality	Genome-fragment	2.18	AAI-based (medium-confidence)	0.0	1.0	
ERR2726443_163363	228	No	NA	1	0	0	Not-determined	Genome-fragment	NA	NA	0.0	1.0	no viral genes detected
ERR2726443_163543	332	No	NA	1	1	0	Low-quality	Genome-fragment	0.82	AAI-based (high-confidence)	0.0	1.0	
ERR2726443_163907	240	No	NA	1	1	0	Low-quality	Genome-fragment	0.32	AAI-based (medium-confidence)	0.0	1.0	
ERR2726443_164618	482	No	NA	2	0	0	Not-determined	Genome-fragment	NA	NA	0.0	1.0	no viral genes detected
ERR2726443_166188	1048	No	NA	4	3	0	Low-quality	Genome-fragment	3.46	AAI-based (high-confidence)	0.0	1.0	
ERR2726443_166585	1172	No	NA	2	1	0	Low-quality	Genome-fragment	0.76	HMM-based (lower-bound)	0.0	1.0	
ERR2726443_166725	139	No	NA	1	0	0	Not-determined	Genome-fragment	NA	NA	0.0	1.0	no viral genes detected
ERR2726443_166726	139	No	NA	1	0	0	Not-determined	Genome-fragment	NA	NA	0.0	1.0	no viral genes detected
ERR2726443_166832	312	No	NA	1	0	0	Not-determined	Genome-fragment	NA	NA	0.0	1.0	no viral genes detected
ERR2726443_167593	162	No	NA	1	1	0	Low-quality	Genome-fragment	0.1	HMM-based (lower-bound)	0.0	1.0	
ERR2726443_167649	166	No	NA	1	0	0	Not-determined	Genome-fragment	NA	NA	0.0	1.0	no viral genes detected
ERR2726443_167840	786	No	NA	1	1	0	Low-quality	Genome-fragment	1.22	HMM-based (lower-bound)	0.0	1.0	
ERR2726443_169211	898	No	NA	2	1	0	Low-quality	Genome-fragment	1.03	AAI-based (high-confidence)	0.0	1.0	
ERR2726443_169221	617	No	NA	2	1	0	Low-quality	Genome-fragment	0.16	HMM-based (lower-bound)	0.0	1.0	
ERR2726443_169775	173	No	NA	1	0	0	Low-quality	Genome-fragment	0.26	AAI-based (high-confidence)	0.0	1.0	no viral genes detected
ERR2726443_169994	178	No	NA	1	0	0	Not-determined	Genome-fragment	NA	NA	0.0	1.0	no viral genes detected
ERR2726443_170206	180	No	NA	1	1	0	Low-quality	Genome-fragment	0.49	AAI-based (medium-confidence)	0.0	1.0	
ERR2726443_170233	306	No	NA	1	1	0	Low-quality	Genome-fragment	0.43	AAI-based (high-confidence)	0.0	1.0	
ERR2726443_170314	420	No	NA	2	1	0	Low-quality	Genome-fragment	0.65	AAI-based (high-confidence)	0.0	1.0	
ERR2726443_171596	565	No	NA	1	0	0	Not-determined	Genome-fragment	NA	NA	0.0	1.0	no viral genes detected
ERR2726443_171768	332	No	NA	1	1	0	Low-quality	Genome-fragment	0.27	HMM-based (lower-bound)	0.0	1.0	
ERR2726443_171841	743	No	NA	1	0	0	Not-determined	Genome-fragment	NA	NA	0.0	1.0	no viral genes detected
ERR2726443_172050	2113	No	NA	2	2	0	Low-quality	Genome-fragment	3.33	HMM-based (lower-bound)	0.0	1.0	
ERR2726443_172109	297	No	NA	1	1	0	Low-quality	Genome-fragment	0.19	HMM-based (lower-bound)	0.0	1.0	
ERR2726443_172384	420	No	NA	1	0	0	Not-determined	Genome-fragment	NA	NA	0.0	1.0	no viral genes detected
ERR2726443_173005	345	No	NA	2	0	0	Not-determined	Genome-fragment	NA	NA	0.0	1.0	no viral genes detected
ERR2726443_173079	379	No	NA	2	0	0	Not-determined	Genome-fragment	NA	NA	0.0	1.0	no viral genes detected
ERR2726443_173580	302	No	NA	1	0	0	Low-quality	Genome-fragment	0.84	AAI-based (high-confidence)	0.0	1.0	no viral genes detected
ERR2726443_173723	894	No	NA	1	1	0	Low-quality	Genome-fragment	0.49	HMM-based (lower-bound)	0.0	1.0	
ERR2726443_173819	434	No	NA	1	0	0	Low-quality	Genome-fragment	0.43	AAI-based (medium-confidence)	0.0	1.0	no viral genes detected
ERR2726443_174554	163	No	NA	1	1	0	Low-quality	Genome-fragment	0.53	HMM-based (lower-bound)	0.0	1.0	
ERR2726443_174595	395	No	NA	1	0	0	Not-determined	Genome-fragment	NA	NA	0.0	1.0	no viral genes detected
ERR2726443_174861	464	No	NA	1	1	0	Low-quality	Genome-fragment	0.86	HMM-based (lower-bound)	0.0	1.0	
ERR2726443_175495	718	No	NA	1	0	0	Not-determined	Genome-fragment	NA	NA	0.0	1.0	no viral genes detected
ERR2726443_176775	1382	No	NA	1	0	0	Not-determined	Genome-fragment	NA	NA	0.0	1.0	no viral genes detected
ERR2726443_177394	342	No	NA	1	1	0	Low-quality	Genome-fragment	0.21	HMM-based (lower-bound)	0.0	1.0	
ERR2726443_177516	484	No	NA	2	1	0	Low-quality	Genome-fragment	0.91	AAI-based (high-confidence)	0.0	1.0	
ERR2726443_178688	164	No	NA	1	0	0	Not-determined	Genome-fragment	NA	NA	0.0	1.0	no viral genes detected
ERR2726443_178974	239	No	NA	1	1	0	Low-quality	Genome-fragment	0.54	HMM-based (lower-bound)	0.0	1.0	
ERR2726443_179155	292	No	NA	1	1	0	Low-quality	Genome-fragment	0.34	HMM-based (lower-bound)	0.0	1.0	
ERR2726443_179222	627	No	NA	1	0	0	Not-determined	Genome-fragment	NA	NA	0.0	1.0	no viral genes detected
ERR2726443_179461	162	No	NA	1	0	0	Not-determined	Genome-fragment	NA	NA	0.0	1.0	no viral genes detected
ERR2726443_179480	223	No	NA	1	0	0	Not-determined	Genome-fragment	NA	NA	0.0	1.0	no viral genes detected
ERR2726443_179719	254	No	NA	1	1	0	Low-quality	Genome-fragment	0.38	HMM-based (lower-bound)	0.0	1.0	
ERR2726443_180358	279	No	NA	1	1	0	Low-quality	Genome-fragment	0.52	HMM-based (lower-bound)	0.0	1.0	
ERR2726443_180513	558	No	NA	2	1	0	Low-quality	Genome-fragment	1.06	AAI-based (high-confidence)	0.0	1.0	
ERR2726443_180836	896	No	NA	2	2	0	Low-quality	Genome-fragment	2.37	AAI-based (medium-confidence)	0.0	1.0	
ERR2726443_180910	771	No	NA	2	1	0	Low-quality	Genome-fragment	1.7	AAI-based (medium-confidence)	0.0	1.0	
ERR2726443_181703	131	No	NA	1	1	0	Low-quality	Genome-fragment	0.11	HMM-based (lower-bound)	0.0	1.0	
ERR2726443_184801	186	No	NA	1	1	0	Low-quality	Genome-fragment	0.12	HMM-based (lower-bound)	0.0	1.0	
ERR2726443_184845	198	No	NA	1	1	0	Low-quality	Genome-fragment	0.44	HMM-based (lower-bound)	0.0	1.0	
ERR2726443_185084	492	No	NA	1	1	0	Low-quality	Genome-fragment	0.31	AAI-based (high-confidence)	0.0	1.0	
ERR2726443_185650	194	No	NA	1	0	0	Not-determined	Genome-fragment	NA	NA	0.0	1.0	no viral genes detected
ERR2726443_186086	286	No	NA	1	0	0	Not-determined	Genome-fragment	NA	NA	0.0	1.0	no viral genes detected
ERR2726443_186099	406	No	NA	2	1	0	Low-quality	Genome-fragment	0.96	AAI-based (high-confidence)	0.0	1.0	
ERR2726443_186530	220	No	NA	1	1	0	Low-quality	Genome-fragment	0.51	HMM-based (lower-bound)	0.0	1.0	
ERR2726443_186602	170	No	NA	1	0	0	Not-determined	Genome-fragment	NA	NA	0.0	1.0	no viral genes detected
ERR2726443_187143	192	No	NA	1	1	0	Low-quality	Genome-fragment	0.42	HMM-based (lower-bound)	0.0	1.0	
ERR2726443_187523	242	No	NA	1	0	0	Not-determined	Genome-fragment	NA	NA	0.0	1.0	no viral genes detected
ERR2726443_187724	423	No	NA	1	1	0	Low-quality	Genome-fragment	1.06	AAI-based (medium-confidence)	0.0	1.0	
ERR2726443_188826	2245	No	NA	5	2	0	Low-quality	Genome-fragment	3.28	AAI-based (medium-confidence)	0.0	1.0	
ERR2726443_188856	954	No	NA	2	1	0	Low-quality	Genome-fragment	4.35	AAI-based (high-confidence)	0.0	1.0	
ERR2726443_188900	258	No	NA	1	0	0	Not-determined	Genome-fragment	NA	NA	0.0	1.0	no viral genes detected
ERR2726443_189130	730	No	NA	1	0	0	Low-quality	Genome-fragment	1.39	AAI-based (medium-confidence)	0.0	1.0	no viral genes detected
ERR2726443_189197	880	No	NA	3	1	0	Low-quality	Genome-fragment	2.37	AAI-based (high-confidence)	0.0	1.0	
ERR2726443_189745	463	No	NA	1	1	0	Low-quality	Genome-fragment	0.28	HMM-based (lower-bound)	0.0	1.0	
ERR2726443_189960	226	No	NA	1	0	0	Low-quality	Genome-fragment	0.53	AAI-based (medium-confidence)	0.0	1.0	no viral genes detected
ERR2726443_190560	191	No	NA	1	0	0	Not-determined	Genome-fragment	NA	NA	0.0	1.0	no viral genes detected
ERR2726443_190769	226	No	NA	1	1	0	Low-quality	Genome-fragment	0.56	AAI-based (high-confidence)	0.0	1.0	
ERR2726443_190771	211	No	NA	1	0	0	Not-determined	Genome-fragment	NA	NA	0.0	1.0	no viral genes detected
ERR2726443_190906	687	No	NA	1	0	0	Not-determined	Genome-fragment	NA	NA	0.0	1.0	no viral genes detected
ERR2726443_192462	569	No	NA	2	0	0	Low-quality	Genome-fragment	1.05	AAI-based (high-confidence)	0.0	1.0	no viral genes detected
ERR2726443_192824	324	No	NA	1	0	0	Not-determined	Genome-fragment	NA	NA	0.0	1.0	no viral genes detected
ERR2726443_192852	234	No	NA	2	0	0	Not-determined	Genome-fragment	NA	NA	0.0	1.0	no viral genes detected
ERR2726443_194216	407	No	NA	1	1	0	Low-quality	Genome-fragment	0.62	HMM-based (lower-bound)	0.0	1.0	
ERR2726443_194518	182	No	NA	1	0	0	Low-quality	Genome-fragment	0.32	AAI-based (high-confidence)	0.0	1.0	no viral genes detected
ERR2726443_194974	453	No	NA	1	0	0	Low-quality	Genome-fragment	0.54	AAI-based (high-confidence)	0.0	1.0	no viral genes detected
ERR2726443_195754	236	No	NA	2	0	0	Not-determined	Genome-fragment	NA	NA	0.0	1.0	no viral genes detected
ERR2726443_196170	349	No	NA	1	1	0	Low-quality	Genome-fragment	0.42	AAI-based (high-confidence)	0.0	1.0	
ERR2726443_197974	413	No	NA	2	1	0	Low-quality	Genome-fragment	0.38	HMM-based (lower-bound)	0.0	1.0	
ERR2726443_198582	221	No	NA	1	1	0	Low-quality	Genome-fragment	0.13	HMM-based (lower-bound)	0.0	1.0	
ERR2726443_198658	302	No	NA	1	1	0	Low-quality	Genome-fragment	1.0	AAI-based (high-confidence)	0.0	1.0	
ERR2726443_200363	766	No	NA	3	1	0	Low-quality	Genome-fragment	1.55	AAI-based (high-confidence)	0.0	1.0	
ERR2726443_200710	349	No	NA	1	0	0	Low-quality	Genome-fragment	0.33	AAI-based (high-confidence)	0.0	1.0	no viral genes detected
ERR2726443_201843	161	No	NA	2	1	0	Not-determined	Genome-fragment	NA	NA	0.0	1.0	
ERR2726443_202283	1058	No	NA	2	1	0	Low-quality	Genome-fragment	1.95	AAI-based (high-confidence)	0.0	1.0	
ERR2726443_202296	187	No	NA	1	0	0	Not-determined	Genome-fragment	NA	NA	0.0	1.0	no viral genes detected
ERR2726443_202321	1163	No	NA	2	2	0	Low-quality	Genome-fragment	3.25	AAI-based (high-confidence)	0.0	1.0	
ERR2726443_203807	200	No	NA	2	0	0	Not-determined	Genome-fragment	NA	NA	0.0	1.0	no viral genes detected
ERR2726443_203941	164	No	NA	1	0	0	Not-determined	Genome-fragment	NA	NA	0.0	1.0	no viral genes detected
ERR2726443_204238	397	No	NA	1	1	0	Low-quality	Genome-fragment	0.33	HMM-based (lower-bound)	0.0	1.0	
ERR2726443_204590	689	No	NA	2	2	0	Low-quality	Genome-fragment	2.36	AAI-based (high-confidence)	0.0	1.0	
ERR2726443_204765	445	No	NA	1	0	0	Not-determined	Genome-fragment	NA	NA	0.0	1.0	no viral genes detected
ERR2726443_204804	293	No	NA	2	0	0	Not-determined	Genome-fragment	NA	NA	0.0	1.0	no viral genes detected
ERR2726443_205039	236	No	NA	1	0	0	Low-quality	Genome-fragment	0.56	AAI-based (high-confidence)	0.0	1.0	no viral genes detected
ERR2726443_206091	225	No	NA	1	0	0	Not-determined	Genome-fragment	NA	NA	0.0	1.0	no viral genes detected
ERR2726443_206312	307	No	NA	1	0	0	Not-determined	Genome-fragment	NA	NA	0.0	1.0	no viral genes detected
ERR2726443_207157	1281	No	NA	4	2	0	Low-quality	Genome-fragment	3.07	AAI-based (high-confidence)	0.0	1.0	
ERR2726443_207610	863	No	NA	2	1	0	Low-quality	Genome-fragment	2.07	AAI-based (high-confidence)	0.0	1.0	
ERR2726443_207746	309	No	NA	1	1	0	Low-quality	Genome-fragment	0.19	HMM-based (lower-bound)	0.0	1.0	
ERR2726443_208163	513	No	NA	2	0	0	Low-quality	Genome-fragment	0.8	AAI-based (medium-confidence)	0.0	1.0	no viral genes detected
ERR2726443_208257	229	No	NA	1	1	0	Low-quality	Genome-fragment	0.27	HMM-based (lower-bound)	0.0	1.0	
ERR2726443_208263	412	No	NA	1	1	0	Low-quality	Genome-fragment	0.95	HMM-based (lower-bound)	0.0	1.0	
ERR2726443_209125	339	No	NA	1	1	0	Low-quality	Genome-fragment	0.63	HMM-based (lower-bound)	0.0	1.0	
ERR2726443_209338	802	No	NA	1	1	0	Low-quality	Genome-fragment	2.28	AAI-based (high-confidence)	0.0	1.0	
ERR2726443_209559	306	No	NA	2	0	0	Low-quality	Genome-fragment	0.6	AAI-based (medium-confidence)	0.0	1.0	no viral genes detected
ERR2726443_209835	628	No	NA	2	0	0	Low-quality	Genome-fragment	1.64	AAI-based (high-confidence)	0.0	1.0	no viral genes detected
ERR2726443_209965	385	No	NA	1	0	0	Not-determined	Genome-fragment	NA	NA	0.0	1.0	no viral genes detected
ERR2726443_210607	133	No	NA	1	0	0	Not-determined	Genome-fragment	NA	NA	0.0	1.0	no viral genes detected
ERR2726443_210640	387	No	NA	1	0	0	Not-determined	Genome-fragment	NA	NA	0.0	1.0	no viral genes detected
ERR2726443_211593	354	No	NA	1	1	0	Low-quality	Genome-fragment	0.53	HMM-based (lower-bound)	0.0	1.0	
ERR2726443_211823	472	No	NA	1	1	0	Low-quality	Genome-fragment	0.82	AAI-based (medium-confidence)	0.0	1.0	
ERR2726443_211911	337	No	NA	2	0	0	Low-quality	Genome-fragment	0.7	AAI-based (high-confidence)	0.0	1.0	no viral genes detected
ERR2726443_212374	378	No	NA	1	0	0	Low-quality	Genome-fragment	0.61	AAI-based (medium-confidence)	0.0	1.0	no viral genes detected
ERR2726443_212931	276	No	NA	1	0	0	Low-quality	Genome-fragment	0.79	AAI-based (high-confidence)	0.0	1.0	no viral genes detected
ERR2726443_213195	384	No	NA	2	1	0	Low-quality	Genome-fragment	1.13	AAI-based (high-confidence)	0.0	1.0	
ERR2726443_214844	272	No	NA	2	1	0	Low-quality	Genome-fragment	0.75	AAI-based (high-confidence)	0.0	1.0	
ERR2726443_215466	475	No	NA	1	0	0	Low-quality	Genome-fragment	1.14	AAI-based (medium-confidence)	0.0	1.0	no viral genes detected
ERR2726443_216373	1258	No	NA	3	1	0	Low-quality	Genome-fragment	3.51	AAI-based (medium-confidence)	0.0	1.0	
ERR2726443_216543	193	No	NA	1	0	0	Low-quality	Genome-fragment	0.41	AAI-based (high-confidence)	0.0	1.0	no viral genes detected
ERR2726443_216851	287	No	NA	2	1	0	Low-quality	Genome-fragment	0.43	AAI-based (high-confidence)	0.0	1.0	
ERR2726443_218219	285	No	NA	2	0	0	Not-determined	Genome-fragment	NA	NA	0.0	1.0	no viral genes detected
ERR2726443_218627	360	No	NA	1	1	0	Low-quality	Genome-fragment	0.43	HMM-based (lower-bound)	0.0	1.0	
ERR2726443_219147	335	No	NA	1	1	0	Low-quality	Genome-fragment	0.39	AAI-based (high-confidence)	0.0	1.0	
ERR2726443_220416	271	No	NA	1	1	0	Low-quality	Genome-fragment	0.68	AAI-based (medium-confidence)	0.0	1.0	
ERR2726443_220994	1117	No	NA	3	0	0	Low-quality	Genome-fragment	1.29	AAI-based (high-confidence)	0.0	1.0	no viral genes detected
ERR2726443_221020	895	No	NA	1	0	0	Not-determined	Genome-fragment	NA	NA	0.0	1.0	no viral genes detected
ERR2726443_222266	1636	No	NA	3	2	0	Low-quality	Genome-fragment	3.4	AAI-based (high-confidence)	0.0	1.0	
ERR2726443_222787	864	No	NA	2	0	0	Not-determined	Genome-fragment	NA	NA	0.0	1.0	no viral genes detected
ERR2726443_223386	988	No	NA	3	1	0	Low-quality	Genome-fragment	2.69	AAI-based (high-confidence)	0.0	1.0	
ERR2726443_224121	348	No	NA	1	0	0	Not-determined	Genome-fragment	NA	NA	0.0	1.0	no viral genes detected
ERR2726443_224743	393	No	NA	1	0	0	Not-determined	Genome-fragment	NA	NA	0.0	1.0	no viral genes detected
ERR2726443_225004	438	No	NA	2	1	0	Low-quality	Genome-fragment	0.55	AAI-based (medium-confidence)	0.0	1.0	
ERR2726443_225567	277	No	NA	1	0	0	Low-quality	Genome-fragment	0.46	AAI-based (medium-confidence)	0.0	1.0	no viral genes detected
ERR2726443_225789	272	No	NA	1	1	0	Low-quality	Genome-fragment	0.44	HMM-based (lower-bound)	0.0	1.0	
ERR2726443_226118	287	No	NA	2	1	0	Low-quality	Genome-fragment	0.43	AAI-based (high-confidence)	0.0	1.0	
ERR2726443_227037	418	No	NA	2	1	0	Low-quality	Genome-fragment	1.01	AAI-based (high-confidence)	0.0	1.0	
ERR2726443_228162	600	No	NA	1	0	0	Not-determined	Genome-fragment	NA	NA	0.0	1.0	no viral genes detected
ERR2726443_228371	252	No	NA	1	1	0	Low-quality	Genome-fragment	0.65	AAI-based (medium-confidence)	0.0	1.0	
ERR2726443_228637	409	No	NA	1	1	0	Low-quality	Genome-fragment	0.19	HMM-based (lower-bound)	0.0	1.0	
ERR2726443_228725	246	No	NA	1	1	0	Low-quality	Genome-fragment	0.31	AAI-based (medium-confidence)	0.0	1.0	
ERR2726443_228793	383	No	NA	1	1	0	Low-quality	Genome-fragment	0.63	HMM-based (lower-bound)	0.0	1.0	
ERR2726443_228795	183	No	NA	1	1	0	Low-quality	Genome-fragment	0.28	HMM-based (lower-bound)	0.0	1.0	
ERR2726443_228891	235	No	NA	1	1	0	Low-quality	Genome-fragment	0.72	AAI-based (high-confidence)	0.0	1.0	
ERR2726443_228901	235	No	NA	1	1	0	Low-quality	Genome-fragment	0.72	AAI-based (high-confidence)	0.0	1.0	
ERR2726443_229112	172	No	NA	2	0	0	Not-determined	Genome-fragment	NA	NA	0.0	1.0	no viral genes detected
ERR2726443_229476	158	No	NA	1	0	0	Low-quality	Genome-fragment	0.33	AAI-based (high-confidence)	0.0	1.0	no viral genes detected
ERR2726443_230278	417	No	NA	1	0	0	Not-determined	Genome-fragment	NA	NA	0.0	1.0	no viral genes detected
ERR2726443_230428	1494	No	NA	3	1	0	Low-quality	Genome-fragment	3.14	HMM-based (lower-bound)	0.0	1.0	
ERR2726443_230866	175	No	NA	1	1	0	Low-quality	Genome-fragment	0.34	HMM-based (lower-bound)	0.0	1.0	
ERR2726443_231128	184	No	NA	1	1	0	Low-quality	Genome-fragment	0.28	HMM-based (lower-bound)	0.0	1.0	
ERR2726443_231531	235	No	NA	2	0	0	Not-determined	Genome-fragment	NA	NA	0.0	1.0	no viral genes detected
ERR2726443_232610	515	No	NA	1	0	0	Not-determined	Genome-fragment	NA	NA	0.0	1.0	no viral genes detected
ERR2726443_233381	552	No	NA	1	0	0	Low-quality	Genome-fragment	1.51	AAI-based (medium-confidence)	0.0	1.0	no viral genes detected
ERR2726443_233956	536	No	NA	1	1	0	Low-quality	Genome-fragment	0.28	HMM-based (lower-bound)	0.0	1.0	
ERR2726443_235683	772	No	NA	2	1	0	Low-quality	Genome-fragment	1.34	HMM-based (lower-bound)	0.0	1.0	
ERR2726443_236233	218	No	NA	2	1	0	Low-quality	Genome-fragment	0.33	HMM-based (lower-bound)	0.0	1.0	
ERR2726443_236450	403	No	NA	1	1	0	Low-quality	Genome-fragment	0.72	HMM-based (lower-bound)	0.0	1.0	
ERR2726443_237286	484	No	NA	1	1	0	Low-quality	Genome-fragment	0.72	HMM-based (lower-bound)	0.0	1.0	
ERR2726443_238178	357	No	NA	1	1	0	Low-quality	Genome-fragment	0.93	AAI-based (high-confidence)	0.0	1.0	
ERR2726443_239599	411	No	NA	2	1	0	Low-quality	Genome-fragment	0.77	AAI-based (high-confidence)	0.0	1.0	
ERR2726443_241265	277	No	NA	1	0	0	Low-quality	Genome-fragment	0.65	AAI-based (medium-confidence)	0.0	1.0	no viral genes detected
ERR2726443_241374	366	No	NA	1	1	0	Low-quality	Genome-fragment	0.22	HMM-based (lower-bound)	0.0	1.0	
ERR2726443_241957	237	No	NA	1	0	0	Not-determined	Genome-fragment	NA	NA	0.0	1.0	no viral genes detected
ERR2726443_243446	411	No	NA	2	2	0	Low-quality	Genome-fragment	0.86	AAI-based (high-confidence)	0.0	1.0	
ERR2726443_245700	583	No	NA	2	2	0	Low-quality	Genome-fragment	1.44	AAI-based (high-confidence)	0.0	1.0	
ERR2726443_245899	161	No	NA	1	0	0	Not-determined	Genome-fragment	NA	NA	0.0	1.0	no viral genes detected
ERR2726443_245912	254	No	NA	1	1	0	Low-quality	Genome-fragment	0.37	HMM-based (lower-bound)	0.0	1.0	
ERR2726443_245940	340	No	NA	1	1	0	Low-quality	Genome-fragment	0.56	HMM-based (lower-bound)	0.0	1.0	
ERR2726443_246381	203	No	NA	1	1	0	Low-quality	Genome-fragment	0.54	AAI-based (high-confidence)	0.0	1.0	
ERR2726443_246936	201	No	NA	1	0	0	Not-determined	Genome-fragment	NA	NA	0.0	1.0	no viral genes detected
ERR2726443_248014	201	No	NA	1	0	0	Not-determined	Genome-fragment	NA	NA	0.0	1.0	no viral genes detected
ERR2726443_248548	184	No	NA	1	0	0	Not-determined	Genome-fragment	NA	NA	0.0	1.0	no viral genes detected
ERR2726443_249925	305	No	NA	1	0	0	Low-quality	Genome-fragment	0.56	AAI-based (high-confidence)	0.0	1.0	no viral genes detected
ERR2726443_250347	215	No	NA	1	0	0	Not-determined	Genome-fragment	NA	NA	0.0	1.0	no viral genes detected
ERR2726443_250459	356	No	NA	2	1	0	Low-quality	Genome-fragment	0.36	AAI-based (medium-confidence)	0.0	1.0	
ERR2726443_251189	266	No	NA	1	0	0	Not-determined	Genome-fragment	NA	NA	0.0	1.0	no viral genes detected
ERR2726443_251599	373	No	NA	1	0	0	Low-quality	Genome-fragment	0.37	AAI-based (high-confidence)	0.0	1.0	no viral genes detected
ERR2726443_251834	395	No	NA	1	0	0	Low-quality	Genome-fragment	1.06	AAI-based (high-confidence)	0.0	1.0	no viral genes detected
ERR2726443_251922	213	No	NA	1	1	0	Low-quality	Genome-fragment	0.32	HMM-based (lower-bound)	0.0	1.0	
ERR2726443_253269	411	No	NA	1	0	0	Low-quality	Genome-fragment	0.52	AAI-based (medium-confidence)	0.0	1.0	no viral genes detected
ERR2726443_253313	200	No	NA	1	1	0	Low-quality	Genome-fragment	0.54	AAI-based (high-confidence)	0.0	1.0	
ERR2726443_253654	193	No	NA	1	1	0	Low-quality	Genome-fragment	0.17	HMM-based (lower-bound)	0.0	1.0	
ERR2726443_255415	312	No	NA	1	0	0	Not-determined	Genome-fragment	NA	NA	0.0	1.0	no viral genes detected
ERR2726443_257510	287	No	NA	1	1	0	Low-quality	Genome-fragment	0.24	HMM-based (lower-bound)	0.0	1.0	
ERR2726443_257561	326	No	NA	1	1	0	Low-quality	Genome-fragment	0.5	AAI-based (high-confidence)	0.0	1.0	
ERR2726443_257598	458	No	NA	1	1	0	Low-quality	Genome-fragment	0.54	HMM-based (lower-bound)	0.0	1.0	
ERR2726443_258548	328	No	NA	1	1	0	Low-quality	Genome-fragment	1.01	HMM-based (lower-bound)	0.0	1.0	
ERR2726443_258706	194	No	NA	1	0	0	Not-determined	Genome-fragment	NA	NA	0.0	1.0	no viral genes detected
ERR2726443_259467	180	No	NA	1	0	0	Not-determined	Genome-fragment	NA	NA	0.0	1.0	no viral genes detected
ERR2726443_259661	231	No	NA	1	0	0	Not-determined	Genome-fragment	NA	NA	0.0	1.0	no viral genes detected
ERR2726443_259856	418	No	NA	1	0	0	Low-quality	Genome-fragment	0.96	AAI-based (medium-confidence)	0.0	1.0	no viral genes detected
ERR2726443_262152	277	No	NA	1	1	0	Low-quality	Genome-fragment	0.59	AAI-based (high-confidence)	0.0	1.0	
ERR2726443_262193	205	No	NA	1	0	0	Not-determined	Genome-fragment	NA	NA	0.0	1.0	no viral genes detected
ERR2726443_264296	290	No	NA	1	0	0	Not-determined	Genome-fragment	NA	NA	0.0	1.0	no viral genes detected
ERR2726443_264726	180	No	NA	1	0	0	Not-determined	Genome-fragment	NA	NA	0.0	1.0	no viral genes detected
ERR2726443_264942	304	No	NA	1	0	0	Low-quality	Genome-fragment	0.5	AAI-based (high-confidence)	0.0	1.0	no viral genes detected
ERR2726443_266242	383	No	NA	2	0	0	Not-determined	Genome-fragment	NA	NA	0.0	1.0	no viral genes detected
ERR2726443_267716	201	No	NA	1	0	0	Not-determined	Genome-fragment	NA	NA	0.0	1.0	no viral genes detected
ERR2726443_269086	231	No	NA	1	0	0	Not-determined	Genome-fragment	NA	NA	0.0	1.0	no viral genes detected
ERR2726443_269419	344	No	NA	1	1	0	Low-quality	Genome-fragment	1.49	AAI-based (medium-confidence)	0.0	1.0	
ERR2726443_270134	163	No	NA	1	1	0	Low-quality	Genome-fragment	0.54	AAI-based (high-confidence)	0.0	1.0	
ERR2726443_270338	261	No	NA	1	0	0	Low-quality	Genome-fragment	0.5	AAI-based (medium-confidence)	0.0	1.0	no viral genes detected
ERR2726443_270451	287	No	NA	1	0	0	Low-quality	Genome-fragment	0.56	AAI-based (medium-confidence)	0.0	1.0	no viral genes detected
ERR2726443_272091	159	No	NA	1	0	0	Not-determined	Genome-fragment	NA	NA	0.0	1.0	no viral genes detected
ERR2726443_272407	208	No	NA	1	0	0	Not-determined	Genome-fragment	NA	NA	0.0	1.0	no viral genes detected
ERR2726443_272797	164	No	NA	1	0	0	Not-determined	Genome-fragment	NA	NA	0.0	1.0	no viral genes detected
ERR2726443_273689	247	No	NA	1	1	0	Low-quality	Genome-fragment	0.34	HMM-based (lower-bound)	0.0	1.0	
ERR2726443_273855	178	No	NA	2	1	0	Low-quality	Genome-fragment	0.55	HMM-based (lower-bound)	0.0	1.0	
ERR2726443_273856	157	No	NA	1	0	0	Not-determined	Genome-fragment	NA	NA	0.0	1.0	no viral genes detected
ERR2726443_273901	168	No	NA	1	1	0	Low-quality	Genome-fragment	0.25	HMM-based (lower-bound)	0.0	1.0	
ERR2726443_277010	227	No	NA	1	1	0	Low-quality	Genome-fragment	0.84	HMM-based (lower-bound)	0.0	1.0	
ERR2726443_278837	159	No	NA	1	0	0	Not-determined	Genome-fragment	NA	NA	0.0	1.0	no viral genes detected
ERR2726443_279416	373	No	NA	1	1	0	Low-quality	Genome-fragment	0.98	AAI-based (medium-confidence)	0.0	1.0	
ERR2726443_279786	282	No	NA	1	0	0	Not-determined	Genome-fragment	NA	NA	0.0	1.0	no viral genes detected
ERR2726443_280618	190	No	NA	1	0	0	Not-determined	Genome-fragment	NA	NA	0.0	1.0	no viral genes detected
ERR2726443_280741	232	No	NA	2	0	0	Not-determined	Genome-fragment	NA	NA	0.0	1.0	no viral genes detected
ERR2726443_282206	211	No	NA	1	0	0	Low-quality	Genome-fragment	0.58	AAI-based (medium-confidence)	0.0	1.0	no viral genes detected
ERR2726443_283996	337	No	NA	1	0	0	Not-determined	Genome-fragment	NA	NA	0.0	1.0	no viral genes detected
ERR2726443_284121	197	No	NA	1	1	0	Low-quality	Genome-fragment	0.39	AAI-based (high-confidence)	0.0	1.0	
ERR2726443_285322	411	No	NA	2	2	0	Low-quality	Genome-fragment	0.86	AAI-based (high-confidence)	0.0	1.0	
ERR2726443_286028	421	No	NA	1	0	1	Not-determined	Genome-fragment	NA	NA	0.0	1.03	no viral genes detected; low-confidence ITR
ERR2726443_286645	321	No	NA	2	0	0	Not-determined	Genome-fragment	NA	NA	0.0	1.0	no viral genes detected
ERR2726443_287010	266	No	NA	1	1	0	Low-quality	Genome-fragment	0.41	HMM-based (lower-bound)	0.0	1.0	
ERR2726443_287914	867	No	NA	2	0	0	Low-quality	Genome-fragment	2.09	AAI-based (medium-confidence)	0.0	1.0	no viral genes detected
ERR2726443_288069	268	No	NA	2	0	0	Not-determined	Genome-fragment	NA	NA	0.0	1.0	no viral genes detected
ERR2726443_288563	331	No	NA	1	1	0	Low-quality	Genome-fragment	0.56	HMM-based (lower-bound)	0.0	1.0	
ERR2726443_290201	236	No	NA	1	1	0	Low-quality	Genome-fragment	0.31	HMM-based (lower-bound)	0.0	1.0	
ERR2726443_290616	221	No	NA	1	0	0	Not-determined	Genome-fragment	NA	NA	0.0	1.0	no viral genes detected
ERR2726443_291878	212	No	NA	1	0	0	Not-determined	Genome-fragment	NA	NA	0.0	1.0	no viral genes detected
ERR2726443_292013	190	No	NA	1	1	0	Low-quality	Genome-fragment	0.29	HMM-based (lower-bound)	0.0	1.0	
ERR2726443_292258	185	No	NA	1	1	0	Low-quality	Genome-fragment	0.28	HMM-based (lower-bound)	0.0	1.0	
ERR2726443_292430	200	No	NA	1	0	0	Low-quality	Genome-fragment	0.38	AAI-based (high-confidence)	0.0	1.0	no viral genes detected
ERR2726443_293141	186	No	NA	1	1	0	Low-quality	Genome-fragment	0.57	HMM-based (lower-bound)	0.0	1.0	
ERR2726443_293688	269	No	NA	1	1	0	Low-quality	Genome-fragment	0.78	AAI-based (high-confidence)	0.0	1.0	
ERR2726443_294211	282	No	NA	1	0	0	Low-quality	Genome-fragment	0.28	AAI-based (high-confidence)	0.0	1.0	no viral genes detected
ERR2726443_294352	159	No	NA	1	0	0	Not-determined	Genome-fragment	NA	NA	0.0	1.0	no viral genes detected
ERR2726443_294581	196	No	NA	1	0	0	Not-determined	Genome-fragment	NA	NA	0.0	1.0	no viral genes detected
ERR2726443_294891	175	No	NA	1	0	0	Not-determined	Genome-fragment	NA	NA	0.0	1.0	no viral genes detected
ERR2726443_297854	176	No	NA	1	1	0	Low-quality	Genome-fragment	0.28	HMM-based (lower-bound)	0.0	1.0	
ERR2726443_299644	225	No	NA	1	0	0	Low-quality	Genome-fragment	1.06	AAI-based (medium-confidence)	0.0	1.0	no viral genes detected
ERR2726443_299647	608	No	NA	1	1	0	Low-quality	Genome-fragment	2.71	AAI-based (high-confidence)	0.0	1.0	
ERR2726443_301165	585	No	NA	1	1	0	Low-quality	Genome-fragment	1.35	AAI-based (medium-confidence)	0.0	1.0	
ERR2726443_301779	301	No	NA	1	1	0	Low-quality	Genome-fragment	0.18	HMM-based (lower-bound)	0.0	1.0	
ERR2726443_301840	170	No	NA	1	1	0	Low-quality	Genome-fragment	0.5	AAI-based (medium-confidence)	0.0	1.0	
ERR2726443_303024	277	No	NA	1	0	0	Not-determined	Genome-fragment	NA	NA	0.0	1.0	no viral genes detected
ERR2726443_303171	205	No	NA	1	0	0	Not-determined	Genome-fragment	NA	NA	0.0	1.0	no viral genes detected
ERR2726443_303357	312	No	NA	1	0	0	Not-determined	Genome-fragment	NA	NA	0.0	1.0	no viral genes detected
ERR2726443_304185	358	No	NA	1	1	0	Low-quality	Genome-fragment	0.86	AAI-based (high-confidence)	0.0	1.0	
ERR2726443_304239	232	No	NA	1	0	0	Not-determined	Genome-fragment	NA	NA	0.0	1.0	no viral genes detected
ERR2726443_304606	315	No	NA	1	1	0	Low-quality	Genome-fragment	0.37	HMM-based (lower-bound)	0.0	1.0	
ERR2726443_304640	156	No	NA	1	0	0	Not-determined	Genome-fragment	NA	NA	0.0	1.0	no viral genes detected
ERR2726443_305260	319	No	NA	1	0	0	Low-quality	Genome-fragment	0.64	AAI-based (high-confidence)	0.0	1.0	no viral genes detected
ERR2726443_306712	784	No	NA	2	1	0	Low-quality	Genome-fragment	1.62	HMM-based (lower-bound)	0.0	1.0	
ERR2726443_306926	816	No	NA	1	1	0	Low-quality	Genome-fragment	2.15	AAI-based (high-confidence)	0.0	1.0	
ERR2726443_307317	202	No	NA	1	0	0	Not-determined	Genome-fragment	NA	NA	0.0	1.0	no viral genes detected
ERR2726443_307370	252	No	NA	1	1	0	Low-quality	Genome-fragment	0.44	AAI-based (medium-confidence)	0.0	1.0	
ERR2726443_309950	224	No	NA	1	1	0	Low-quality	Genome-fragment	0.42	AAI-based (high-confidence)	0.0	1.0	
ERR2726443_310234	206	No	NA	1	0	0	Not-determined	Genome-fragment	NA	NA	0.0	1.0	no viral genes detected
ERR2726443_310500	458	No	NA	1	0	0	Not-determined	Genome-fragment	NA	NA	0.0	1.0	no viral genes detected
ERR2726443_310661	166	No	NA	1	0	0	Not-determined	Genome-fragment	NA	NA	0.0	1.0	no viral genes detected
ERR2726443_312117	264	No	NA	1	0	0	Not-determined	Genome-fragment	NA	NA	0.0	1.0	no viral genes detected
ERR2726443_316854	435	No	NA	1	0	0	Not-determined	Genome-fragment	NA	NA	0.0	1.0	no viral genes detected
ERR2726443_317408	164	No	NA	1	0	0	Not-determined	Genome-fragment	NA	NA	0.0	1.0	no viral genes detected
ERR2726443_317908	171	No	NA	1	0	0	Not-determined	Genome-fragment	NA	NA	0.0	1.0	no viral genes detected
ERR2726443_318046	232	No	NA	1	0	0	Not-determined	Genome-fragment	NA	NA	0.0	1.0	no viral genes detected
ERR2726443_319188	305	No	NA	1	0	0	Not-determined	Genome-fragment	NA	NA	0.0	1.0	no viral genes detected
ERR2726443_319291	213	No	NA	1	0	0	Not-determined	Genome-fragment	NA	NA	0.0	1.0	no viral genes detected
ERR2726443_320917	160	No	NA	1	1	0	Low-quality	Genome-fragment	0.29	HMM-based (lower-bound)	0.0	1.0	
ERR2726443_322531	189	No	NA	1	0	0	Not-determined	Genome-fragment	NA	NA	0.0	1.0	no viral genes detected
ERR2726443_323226	221	No	NA	1	1	0	Low-quality	Genome-fragment	0.29	HMM-based (lower-bound)	0.0	1.0	
ERR2726443_326403	420	No	NA	2	1	0	Low-quality	Genome-fragment	0.65	AAI-based (high-confidence)	0.0	1.0	
ERR2726443_327933	222	No	NA	1	1	0	Low-quality	Genome-fragment	0.48	AAI-based (medium-confidence)	0.0	1.0	
ERR2726443_330716	276	No	NA	1	1	0	Low-quality	Genome-fragment	0.2	HMM-based (lower-bound)	0.0	1.0	
ERR2726443_331482	369	No	NA	2	0	0	Low-quality	Genome-fragment	0.68	AAI-based (high-confidence)	0.0	1.0	no viral genes detected
ERR2726443_332382	160	No	NA	1	0	0	Low-quality	Genome-fragment	0.34	AAI-based (high-confidence)	0.0	1.0	no viral genes detected
ERR2726443_333041	356	No	NA	1	0	0	Not-determined	Genome-fragment	NA	NA	0.0	1.0	no viral genes detected
ERR2726443_333220	270	No	NA	1	1	0	Low-quality	Genome-fragment	0.47	HMM-based (lower-bound)	0.0	1.0	
ERR2726443_333519	232	No	NA	1	0	0	Not-determined	Genome-fragment	NA	NA	0.0	1.0	no viral genes detected
ERR2726443_333718	630	No	NA	2	0	0	Not-determined	Genome-fragment	NA	NA	0.0	1.0	no viral genes detected
ERR2726443_333923	101	No	NA	1	1	0	Low-quality	Genome-fragment	0.26	AAI-based (high-confidence)	0.0	1.0	
ERR2726443_334120	174	No	NA	1	0	0	Not-determined	Genome-fragment	NA	NA	0.0	1.0	no viral genes detected
ERR2726443_334481	304	No	NA	1	1	0	Low-quality	Genome-fragment	0.55	AAI-based (medium-confidence)	0.0	1.0	
ERR2726443_334626	340	No	NA	1	0	0	Low-quality	Genome-fragment	0.95	AAI-based (high-confidence)	0.0	1.0	no viral genes detected
ERR2726443_334816	428	No	NA	1	0	0	Not-determined	Genome-fragment	NA	NA	0.0	1.0	no viral genes detected
ERR2726443_334875	362	No	NA	1	1	0	Low-quality	Genome-fragment	0.26	AAI-based (medium-confidence)	0.0	1.0	
ERR2726443_335494	401	No	NA	2	1	0	Low-quality	Genome-fragment	1.47	HMM-based (lower-bound)	0.0	1.0	
ERR2726443_336954	262	No	NA	1	1	0	Low-quality	Genome-fragment	0.54	AAI-based (high-confidence)	0.0	1.0	
ERR2726443_338189	168	No	NA	1	1	0	Low-quality	Genome-fragment	0.52	HMM-based (lower-bound)	0.0	1.0	
ERR2726443_339850	386	No	NA	1	0	0	Not-determined	Genome-fragment	NA	NA	0.0	1.0	no viral genes detected
ERR2726443_341127	154	No	NA	1	0	0	Not-determined	Genome-fragment	NA	NA	0.0	1.0	no viral genes detected
ERR2726443_347690	254	No	NA	2	1	0	Low-quality	Genome-fragment	0.5	AAI-based (high-confidence)	0.0	1.0	
ERR2726443_348087	453	No	NA	2	0	0	Low-quality	Genome-fragment	1.09	AAI-based (medium-confidence)	0.0	1.0	no viral genes detected
ERR2726443_348776	152	No	NA	1	0	0	Not-determined	Genome-fragment	NA	NA	0.0	1.0	no viral genes detected
ERR2726443_351263	159	No	NA	1	0	0	Not-determined	Genome-fragment	NA	NA	0.0	1.0	no viral genes detected
ERR2726443_355126	197	No	NA	1	1	0	Low-quality	Genome-fragment	0.3	HMM-based (lower-bound)	0.0	1.0	
ERR2726443_356541	149	No	NA	1	1	0	Low-quality	Genome-fragment	0.46	HMM-based (lower-bound)	0.0	1.0	
ERR2726443_356761	727	No	NA	2	0	0	Not-determined	Genome-fragment	NA	NA	0.0	1.0	no viral genes detected
ERR2726443_358115	151	No	NA	1	0	0	Not-determined	Genome-fragment	NA	NA	0.0	1.0	no viral genes detected
ERR2726443_359090	218	No	NA	1	0	0	Low-quality	Genome-fragment	0.63	AAI-based (high-confidence)	0.0	1.0	no viral genes detected
ERR2726443_359445	241	No	NA	1	1	0	Low-quality	Genome-fragment	0.59	AAI-based (medium-confidence)	0.0	1.0	
ERR2726443_359758	181	No	NA	2	0	0	Low-quality	Genome-fragment	0.42	AAI-based (high-confidence)	0.0	1.0	no viral genes detected
ERR2726443_360188	69	No	NA	1	0	0	Not-determined	Genome-fragment	NA	NA	0.0	1.0	no viral genes detected
ERR2726443_362003	178	No	NA	1	0	0	Not-determined	Genome-fragment	NA	NA	0.0	1.0	no viral genes detected
ERR2726443_367021	182	No	NA	1	0	0	Not-determined	Genome-fragment	NA	NA	0.0	1.0	no viral genes detected
ERR2726443_367392	157	No	NA	1	0	0	Not-determined	Genome-fragment	NA	NA	0.0	1.0	no viral genes detected
ERR2726443_368073	194	No	NA	1	1	0	Low-quality	Genome-fragment	0.58	AAI-based (high-confidence)	0.0	1.0	
ERR2726443_369991	163	No	NA	1	0	0	Not-determined	Genome-fragment	NA	NA	0.0	1.0	no viral genes detected
ERR2726443_370715	204	No	NA	1	0	0	Not-determined	Genome-fragment	NA	NA	0.0	1.0	no viral genes detected
ERR2726443_373700	420	No	NA	1	0	0	Not-determined	Genome-fragment	NA	NA	0.0	1.0	no viral genes detected
ERR2726443_374022	281	No	NA	1	0	0	Not-determined	Genome-fragment	NA	NA	0.0	1.0	no viral genes detected
ERR2726443_376176	596	No	NA	2	2	0	Low-quality	Genome-fragment	1.4	AAI-based (high-confidence)	0.0	1.0	
ERR2726443_377105	229	No	NA	1	0	0	Low-quality	Genome-fragment	0.66	AAI-based (high-confidence)	0.0	1.0	no viral genes detected
ERR2726443_378576	164	No	NA	1	0	0	Not-determined	Genome-fragment	NA	NA	0.0	1.0	no viral genes detected
ERR2726443_382561	195	No	NA	1	0	0	Not-determined	Genome-fragment	NA	NA	0.0	1.0	no viral genes detected
ERR2726443_384459	196	No	NA	1	0	0	Not-determined	Genome-fragment	NA	NA	0.0	1.0	no viral genes detected
ERR2726443_385237	177	No	NA	1	0	0	Low-quality	Genome-fragment	0.43	AAI-based (high-confidence)	0.0	1.0	no viral genes detected
ERR2726443_385245	289	No	NA	1	0	0	Not-determined	Genome-fragment	NA	NA	0.0	1.0	no viral genes detected
ERR2726443_385777	181	No	NA	1	0	0	Not-determined	Genome-fragment	NA	NA	0.0	1.0	no viral genes detected
ERR2726443_388534	185	No	NA	1	1	0	Low-quality	Genome-fragment	0.36	AAI-based (high-confidence)	0.0	1.0	
ERR2726443_394174	387	No	NA	1	0	0	Low-quality	Genome-fragment	1.09	AAI-based (high-confidence)	0.0	1.0	no viral genes detected
ERR2726443_434416	98	No	NA	1	1	0	Low-quality	Genome-fragment	0.3	HMM-based (lower-bound)	0.0	1.0	
ERR2726443_54|provirus_4754_60317	55564	No	NA	69	8	4	Medium-quality	Genome-fragment	50.08	AAI-based (medium-confidence)	0.0	1.0	
ERR2726443_1020|provirus_7361_12845	5485	No	NA	8	2	0	Low-quality	Genome-fragment	11.43	AAI-based (high-confidence)	0.0	1.0	
ERR2726443_1074|provirus_2315_43597	41283	Yes	37005	42	9	3	High-quality	High-quality	98.71	AAI-based (high-confidence)	10.36	1.0	
ERR2726443_2092|provirus_7378_19938	12561	No	NA	21	2	0	Low-quality	Genome-fragment	19.48	AAI-based (high-confidence)	0.0	1.0	
ERR2726443_2486|provirus_9948_46276	36329	Yes	27395	57	15	5	Medium-quality	Genome-fragment	78.31	AAI-based (high-confidence)	24.59	1.0	
ERR2726443_3278|provirus_1_11766	11766	No	NA	16	5	1	Low-quality	Genome-fragment	28.87	AAI-based (high-confidence)	0.0	1.0	
ERR2726443_3291|provirus_162_31205	31044	No	NA	31	3	1	Low-quality	Genome-fragment	27.95	AAI-based (medium-confidence)	0.0	1.0	
