seq_name	length	topology	coordinates	n_genes	genetic_code	virus_score	fdr	n_hallmarks	marker_enrichment	taxonomy
ERR2726443_7355	7711	No terminal repeats	NA	10	11	0.9833	NA	5	14.5066	Viruses;Duplodnaviria;Heunggongvirae;Uroviricota;Caudoviricetes;;
ERR2726443_45690	5065	No terminal repeats	NA	7	11	0.9833	NA	3	10.9613	Viruses;Duplodnaviria;Heunggongvirae;Uroviricota;Caudoviricetes;;
ERR2726443_5892	14021	No terminal repeats	NA	17	11	0.9832	NA	5	23.0192	Viruses;Duplodnaviria;Heunggongvirae;Uroviricota;Caudoviricetes;;
ERR2726443_23977	4633	No terminal repeats	NA	8	11	0.9831	NA	2	12.9892	Viruses;Duplodnaviria;Heunggongvirae;Uroviricota;Caudoviricetes;;
ERR2726443_39977	10524	No terminal repeats	NA	12	11	0.9831	NA	9	19.0837	Viruses;Duplodnaviria;Heunggongvirae;Uroviricota;Caudoviricetes;;
ERR2726443_10823	5569	No terminal repeats	NA	11	11	0.9830	NA	3	13.4350	Viruses;Duplodnaviria;Heunggongvirae;Uroviricota;Caudoviricetes;;
ERR2726443_16296	6845	No terminal repeats	NA	9	11	0.9830	NA	4	15.2503	Viruses;Duplodnaviria;Heunggongvirae;Uroviricota;Caudoviricetes;;
ERR2726443_9733	9962	No terminal repeats	NA	13	11	0.9829	NA	5	18.8572	Viruses;Duplodnaviria;Heunggongvirae;Uroviricota;Caudoviricetes;;
ERR2726443_50695	4860	No terminal repeats	NA	9	11	0.9825	NA	1	11.6752	Viruses;Duplodnaviria;Heunggongvirae;Uroviricota;Caudoviricetes;;
ERR2726443_7523	10714	No terminal repeats	NA	22	11	0.9825	NA	1	29.6817	Viruses;Duplodnaviria;Heunggongvirae;Uroviricota;Caudoviricetes;;
ERR2726443_28916	5278	No terminal repeats	NA	9	11	0.9824	NA	4	11.8675	Viruses;Duplodnaviria;Heunggongvirae;Uroviricota;Caudoviricetes;;
ERR2726443_38790	5341	No terminal repeats	NA	6	11	0.9824	NA	2	7.6302	Viruses;Duplodnaviria;Heunggongvirae;Uroviricota;Caudoviricetes;;
ERR2726443_19527	5688	No terminal repeats	NA	7	11	0.9824	NA	0	8.6330	Viruses;Duplodnaviria;Heunggongvirae;Uroviricota;Caudoviricetes;;
ERR2726443_3767	27939	No terminal repeats	NA	33	11	0.9823	NA	14	44.3098	Viruses;Duplodnaviria;Heunggongvirae;Uroviricota;Caudoviricetes;;
ERR2726443_10053	8246	No terminal repeats	NA	12	11	0.9823	NA	4	12.3116	Viruses;Duplodnaviria;Heunggongvirae;Uroviricota;Caudoviricetes;;
ERR2726443_49843	4146	No terminal repeats	NA	6	11	0.9823	NA	5	9.3954	Viruses;Duplodnaviria;Heunggongvirae;Uroviricota;Caudoviricetes;;
ERR2726443_46304	3635	No terminal repeats	NA	4	11	0.9823	NA	2	6.0964	Viruses;Duplodnaviria;Heunggongvirae;Uroviricota;Caudoviricetes;;
ERR2726443_50854	4112	No terminal repeats	NA	4	11	0.9823	NA	0	6.2803	Viruses;Duplodnaviria;Heunggongvirae;Uroviricota;Caudoviricetes;;
ERR2726443_19530	4412	No terminal repeats	NA	5	11	0.9821	NA	2	8.0852	Viruses;Duplodnaviria;Heunggongvirae;Uroviricota;Caudoviricetes;;
ERR2726443_10577	8729	No terminal repeats	NA	17	11	0.9821	NA	3	21.9971	Viruses;Duplodnaviria;Heunggongvirae;Uroviricota;Caudoviricetes;;
ERR2726443_22869	18171	No terminal repeats	NA	26	11	0.9820	NA	7	26.5078	Viruses;Duplodnaviria;Heunggongvirae;Uroviricota;Caudoviricetes;;
ERR2726443_10873	4898	No terminal repeats	NA	9	11	0.9820	NA	2	11.5387	Viruses;Duplodnaviria;Heunggongvirae;Uroviricota;Caudoviricetes;;
ERR2726443_2548	25386	No terminal repeats	NA	40	11	0.9818	NA	4	56.9653	Viruses;Duplodnaviria;Heunggongvirae;Uroviricota;Caudoviricetes;;
ERR2726443_19289	5841	No terminal repeats	NA	11	11	0.9817	NA	0	13.0333	Viruses;Duplodnaviria;Heunggongvirae;Uroviricota;Caudoviricetes;;
ERR2726443_18816	7626	No terminal repeats	NA	13	11	0.9817	NA	4	15.2496	Viruses;Duplodnaviria;Heunggongvirae;Uroviricota;Caudoviricetes;;
ERR2726443_3431	28794	No terminal repeats	NA	33	11	0.9816	NA	4	48.3436	Viruses;Duplodnaviria;Heunggongvirae;Uroviricota;Caudoviricetes;;
ERR2726443_9148	42841	No terminal repeats	NA	67	11	0.9815	NA	6	71.6113	Viruses;Duplodnaviria;Heunggongvirae;Uroviricota;Caudoviricetes;;
ERR2726443_15021	10670	No terminal repeats	NA	16	11	0.9815	NA	3	20.4184	Viruses;Duplodnaviria;Heunggongvirae;Uroviricota;Caudoviricetes;;
ERR2726443_2520	5754	No terminal repeats	NA	7	11	0.9815	NA	1	9.5521	Viruses;Duplodnaviria;Heunggongvirae;Uroviricota;Caudoviricetes;;
ERR2726443_12231	7678	No terminal repeats	NA	19	11	0.9814	NA	0	14.0402	Viruses;Duplodnaviria;Heunggongvirae;Uroviricota;Caudoviricetes;;
ERR2726443_838	2571	No terminal repeats	NA	3	11	0.9814	NA	2	4.8715	Viruses;Duplodnaviria;Heunggongvirae;Uroviricota;Caudoviricetes;;
ERR2726443_12887	3486	No terminal repeats	NA	6	11	0.9812	NA	0	6.8731	Viruses;Duplodnaviria;Heunggongvirae;Uroviricota;Caudoviricetes;;
ERR2726443_17876	2681	No terminal repeats	NA	9	11	0.9812	NA	1	13.3038	Viruses;Duplodnaviria;Heunggongvirae;Uroviricota;Caudoviricetes;;
ERR2726443_3162	38518	No terminal repeats	NA	54	11	0.9812	NA	13	57.6091	Viruses;Duplodnaviria;Heunggongvirae;Uroviricota;Caudoviricetes;;
ERR2726443_16338	1792	No terminal repeats	NA	3	11	0.9811	NA	2	4.8069	Viruses;Duplodnaviria;Heunggongvirae;Uroviricota;Caudoviricetes;;
ERR2726443_16648	5861	No terminal repeats	NA	10	11	0.9810	NA	3	15.1666	Viruses;Duplodnaviria;Heunggongvirae;Uroviricota;Caudoviricetes;;
ERR2726443_63099	6309	No terminal repeats	NA	11	11	0.9810	NA	5	17.5206	Viruses;Duplodnaviria;Heunggongvirae;Uroviricota;Caudoviricetes;;
ERR2726443_3325	11880	No terminal repeats	NA	16	11	0.9809	NA	5	22.0397	Viruses;Duplodnaviria;Heunggongvirae;Uroviricota;Caudoviricetes;;
ERR2726443_45400	2620	No terminal repeats	NA	5	11	0.9809	NA	2	6.2629	Viruses;Duplodnaviria;Heunggongvirae;Uroviricota;Caudoviricetes;;
ERR2726443_68175	3045	No terminal repeats	NA	4	11	0.9807	NA	2	6.2471	Viruses;Duplodnaviria;Heunggongvirae;Uroviricota;Caudoviricetes;;
ERR2726443_3215	23634	No terminal repeats	NA	28	11	0.9805	NA	11	37.5417	Viruses;Duplodnaviria;Heunggongvirae;Uroviricota;Caudoviricetes;;
ERR2726443_160059	2102	No terminal repeats	NA	7	11	0.9804	NA	1	6.5132	Viruses;Duplodnaviria;Heunggongvirae;Uroviricota;Caudoviricetes;;
ERR2726443_25585	27673	No terminal repeats	NA	34	11	0.9803	NA	13	43.5195	Viruses;Duplodnaviria;Heunggongvirae;Uroviricota;Caudoviricetes;;
ERR2726443_4840	46179	No terminal repeats	NA	69	11	0.9802	NA	15	78.8293	Viruses;Duplodnaviria;Heunggongvirae;Uroviricota;Caudoviricetes;;
ERR2726443_25655	1441	No terminal repeats	NA	4	11	0.9801	NA	1	6.6375	Viruses;Duplodnaviria;Heunggongvirae;Uroviricota;Caudoviricetes;;
ERR2726443_12034	8522	No terminal repeats	NA	20	11	0.9800	NA	0	12.0902	Viruses;Duplodnaviria;Heunggongvirae;Uroviricota;Caudoviricetes;;
ERR2726443_277	23954	No terminal repeats	NA	27	11	0.9799	NA	14	35.1874	Viruses;Duplodnaviria;Heunggongvirae;Uroviricota;Caudoviricetes;;
ERR2726443_49891	5341	No terminal repeats	NA	5	11	0.9799	NA	2	7.8591	Viruses;Duplodnaviria;Heunggongvirae;Uroviricota;Caudoviricetes;;
ERR2726443_40304	3429	No terminal repeats	NA	6	11	0.9797	NA	0	9.2644	Viruses;Duplodnaviria;Heunggongvirae;Uroviricota;Caudoviricetes;;
ERR2726443_88820	2814	No terminal repeats	NA	5	11	0.9797	NA	0	8.2258	Viruses;Duplodnaviria;Heunggongvirae;Uroviricota;Caudoviricetes;;
ERR2726443_65615	4381	No terminal repeats	NA	11	11	0.9797	NA	2	12.5632	Viruses;Duplodnaviria;Heunggongvirae;Uroviricota;Caudoviricetes;;
ERR2726443_14596	41007	No terminal repeats	NA	39	11	0.9796	NA	8	61.1723	Viruses;Duplodnaviria;Heunggongvirae;Uroviricota;Caudoviricetes;;
ERR2726443_38594	3747	No terminal repeats	NA	8	11	0.9795	NA	1	9.0714	Viruses;Duplodnaviria;Heunggongvirae;Uroviricota;Caudoviricetes;;
ERR2726443_64555	3436	No terminal repeats	NA	5	11	0.9795	NA	0	5.1264	Viruses;Duplodnaviria;Heunggongvirae;Uroviricota;Caudoviricetes;;
ERR2726443_23974	13148	No terminal repeats	NA	22	11	0.9795	NA	0	16.1033	Viruses;Duplodnaviria;Heunggongvirae;Uroviricota;Caudoviricetes;;
ERR2726443_65142	9459	No terminal repeats	NA	15	11	0.9795	NA	3	19.3740	Viruses;Duplodnaviria;Heunggongvirae;Uroviricota;Caudoviricetes;;
ERR2726443_86149	4162	No terminal repeats	NA	6	11	0.9794	NA	2	7.2471	Viruses;Duplodnaviria;Heunggongvirae;Uroviricota;Caudoviricetes;;
ERR2726443_73881	1062	No terminal repeats	NA	4	11	0.9794	NA	1	6.8518	Viruses;Duplodnaviria;Heunggongvirae;Uroviricota;Caudoviricetes;;
ERR2726443_44606	3895	No terminal repeats	NA	4	11	0.9793	NA	2	6.2921	Viruses;Duplodnaviria;Heunggongvirae;Uroviricota;Caudoviricetes;;
ERR2726443_69339	1444	No terminal repeats	NA	3	11	0.9791	NA	1	4.4263	Viruses;Duplodnaviria;Heunggongvirae;Uroviricota;Caudoviricetes;;
ERR2726443_5596	27653	No terminal repeats	NA	29	11	0.9790	NA	7	37.7214	Viruses;Duplodnaviria;Heunggongvirae;Uroviricota;Caudoviricetes;;
ERR2726443_21332	3482	No terminal repeats	NA	7	11	0.9790	NA	0	10.0406	Viruses;Duplodnaviria;Heunggongvirae;Uroviricota;Caudoviricetes;;
ERR2726443_10093	8174	No terminal repeats	NA	12	11	0.9789	NA	8	15.7151	Viruses;Duplodnaviria;Heunggongvirae;Uroviricota;Caudoviricetes;;
ERR2726443_9861	13628	No terminal repeats	NA	25	11	0.9789	NA	1	27.9201	Viruses;Duplodnaviria;Heunggongvirae;Uroviricota;Caudoviricetes;;
ERR2726443_166188	1048	No terminal repeats	NA	4	11	0.9789	NA	1	6.8731	Viruses;Duplodnaviria;Heunggongvirae;Uroviricota;Caudoviricetes;;
ERR2726443_30569	5367	No terminal repeats	NA	9	11	0.9789	NA	0	10.9949	Viruses;Duplodnaviria;Heunggongvirae;Uroviricota;Caudoviricetes;;
ERR2726443_36774	11637	No terminal repeats	NA	15	11	0.9788	NA	5	19.9435	Viruses;Duplodnaviria;Heunggongvirae;Uroviricota;Caudoviricetes;;
ERR2726443_6730	2689	No terminal repeats	NA	6	11	0.9788	NA	3	9.3822	Viruses;Duplodnaviria;Heunggongvirae;Uroviricota;Caudoviricetes;;
ERR2726443_38503	1781	No terminal repeats	NA	5	11	0.9785	NA	2	6.4233	Viruses;Duplodnaviria;Heunggongvirae;Uroviricota;Caudoviricetes;;
ERR2726443_4650	5211	No terminal repeats	NA	5	11	0.9785	NA	3	5.9525	Viruses;Duplodnaviria;Heunggongvirae;Uroviricota;Caudoviricetes;;
ERR2726443_24054	3994	No terminal repeats	NA	3	11	0.9783	NA	1	4.1472	Viruses;Duplodnaviria;Heunggongvirae;Uroviricota;Caudoviricetes;;
ERR2726443_32985	3549	No terminal repeats	NA	7	11	0.9782	NA	1	7.5336	Viruses;Duplodnaviria;Heunggongvirae;Uroviricota;Caudoviricetes;;
ERR2726443_13541	4439	No terminal repeats	NA	9	11	0.9781	NA	1	8.5827	Viruses;Duplodnaviria;Heunggongvirae;Uroviricota;Caudoviricetes;;
ERR2726443_7910	3021	No terminal repeats	NA	6	11	0.9781	NA	2	8.1269	Viruses;Duplodnaviria;Heunggongvirae;Uroviricota;Caudoviricetes;;
ERR2726443_17415	2859	No terminal repeats	NA	4	11	0.9781	NA	0	6.8653	Viruses;Duplodnaviria;Heunggongvirae;Uroviricota;Caudoviricetes;;
ERR2726443_25908	8817	No terminal repeats	NA	12	11	0.9780	NA	2	15.2914	Viruses;Duplodnaviria;Heunggongvirae;Uroviricota;Caudoviricetes;;
ERR2726443_8384	20968	No terminal repeats	NA	29	11	0.9780	NA	6	28.5169	Viruses;Duplodnaviria;Heunggongvirae;Uroviricota;Caudoviricetes;;
ERR2726443_28316	3565	No terminal repeats	NA	5	11	0.9779	NA	0	7.1149	Viruses;Duplodnaviria;Heunggongvirae;Uroviricota;Caudoviricetes;;
ERR2726443_30032	8034	No terminal repeats	NA	14	11	0.9778	NA	1	10.3052	Viruses;Duplodnaviria;Heunggongvirae;Uroviricota;Caudoviricetes;;
ERR2726443_72978	2674	No terminal repeats	NA	5	11	0.9776	NA	1	7.5838	Viruses;Duplodnaviria;Heunggongvirae;Uroviricota;Caudoviricetes;;
ERR2726443_44639	4912	No terminal repeats	NA	9	11	0.9775	NA	3	11.6359	Viruses;Duplodnaviria;Heunggongvirae;Uroviricota;Caudoviricetes;;
ERR2726443_451	2235	No terminal repeats	NA	7	11	0.9774	NA	1	5.8144	Viruses;Duplodnaviria;Heunggongvirae;Uroviricota;Caudoviricetes;;
ERR2726443_40934	7958	No terminal repeats	NA	12	11	0.9773	NA	2	12.4925	Viruses;Duplodnaviria;Heunggongvirae;Uroviricota;Caudoviricetes;;
ERR2726443_41553	4722	No terminal repeats	NA	12	11	0.9773	NA	2	6.9596	Viruses;Duplodnaviria;Heunggongvirae;Uroviricota;Caudoviricetes;;
ERR2726443_580	6055	No terminal repeats	NA	10	11	0.9772	NA	4	12.5307	Viruses;Duplodnaviria;Heunggongvirae;Uroviricota;Caudoviricetes;;
ERR2726443_49936	7185	No terminal repeats	NA	6	11	0.9769	NA	3	6.2434	Viruses;Duplodnaviria;Heunggongvirae;Uroviricota;Caudoviricetes;;
ERR2726443_13890	17309	No terminal repeats	NA	29	11	0.9769	NA	1	32.5598	Viruses;Duplodnaviria;Heunggongvirae;Uroviricota;Caudoviricetes;;
ERR2726443_27389	903	No terminal repeats	NA	2	11	0.9768	NA	1	3.2242	Viruses;Duplodnaviria;Heunggongvirae;Uroviricota;Caudoviricetes;;
ERR2726443_41429	3505	No terminal repeats	NA	5	11	0.9768	NA	0	4.6433	Viruses;Duplodnaviria;Heunggongvirae;Uroviricota;Caudoviricetes;;
ERR2726443_5004	9094	No terminal repeats	NA	8	11	0.9766	NA	2	8.4957	Viruses;Duplodnaviria;Heunggongvirae;Uroviricota;Caudoviricetes;;
ERR2726443_54612	6503	No terminal repeats	NA	15	11	0.9762	NA	3	11.9238	Viruses;Duplodnaviria;Heunggongvirae;Uroviricota;Caudoviricetes;;
ERR2726443_113970	2671	No terminal repeats	NA	6	11	0.9761	NA	0	7.2345	Viruses;Duplodnaviria;Heunggongvirae;Uroviricota;Caudoviricetes;;
ERR2726443_33950	1685	No terminal repeats	NA	3	11	0.9760	NA	2	4.7838	Viruses;Duplodnaviria;Heunggongvirae;Uroviricota;Caudoviricetes;;
ERR2726443_77911	1815	No terminal repeats	NA	3	11	0.9760	NA	2	4.7952	Viruses;Duplodnaviria;Heunggongvirae;Uroviricota;Caudoviricetes;;
ERR2726443_8840	2424	No terminal repeats	NA	3	11	0.9758	NA	1	4.0861	Viruses;Duplodnaviria;Heunggongvirae;Uroviricota;Caudoviricetes;;
ERR2726443_34452	2141	No terminal repeats	NA	3	11	0.9758	NA	2	4.8715	Viruses;Duplodnaviria;Heunggongvirae;Uroviricota;Caudoviricetes;;
ERR2726443_41502	3648	No terminal repeats	NA	5	11	0.9756	NA	4	6.4617	Viruses;Duplodnaviria;Heunggongvirae;Uroviricota;Caudoviricetes;;
ERR2726443_18040	3519	No terminal repeats	NA	5	11	0.9754	NA	1	5.1936	Viruses;Duplodnaviria;Heunggongvirae;Uroviricota;Caudoviricetes;;
ERR2726443_95274	2132	No terminal repeats	NA	3	11	0.9753	NA	1	4.5552	Viruses;Duplodnaviria;Heunggongvirae;Uroviricota;Caudoviricetes;;
ERR2726443_85139	2252	No terminal repeats	NA	6	11	0.9753	NA	1	6.7075	Viruses;Duplodnaviria;Heunggongvirae;Uroviricota;Caudoviricetes;;
ERR2726443_26281	1700	No terminal repeats	NA	5	11	0.9749	NA	1	5.1530	Viruses;Duplodnaviria;Heunggongvirae;Uroviricota;Caudoviricetes;;
ERR2726443_17	51982	No terminal repeats	NA	41	11	0.9749	NA	2	51.9658	Viruses;Duplodnaviria;Heunggongvirae;Uroviricota;Caudoviricetes;;
ERR2726443_89200	4516	No terminal repeats	NA	8	11	0.9748	NA	2	6.0846	Viruses;Duplodnaviria;Heunggongvirae;Uroviricota;Caudoviricetes;;
ERR2726443_10717	9915	No terminal repeats	NA	14	11	0.9747	NA	0	8.8105	Viruses;Duplodnaviria;Heunggongvirae;Uroviricota;Caudoviricetes;;
ERR2726443_17093	6767	No terminal repeats	NA	6	11	0.9747	NA	4	8.2747	Viruses;Duplodnaviria;Heunggongvirae;Uroviricota;Caudoviricetes;;
ERR2726443_76473	2652	No terminal repeats	NA	7	11	0.9746	NA	1	4.8512	Viruses;Duplodnaviria;Heunggongvirae;Uroviricota;Caudoviricetes;;
ERR2726443_31761	1643	No terminal repeats	NA	5	11	0.9745	NA	3	8.3909	Viruses;Duplodnaviria;Heunggongvirae;Uroviricota;Caudoviricetes;;
ERR2726443_171596	565	No terminal repeats	NA	1	11	0.9743	NA	1	1.5240	Viruses;Duplodnaviria;Heunggongvirae;Uroviricota;Caudoviricetes;;
ERR2726443_48054	4211	No terminal repeats	NA	6	11	0.9742	NA	0	5.6212	Viruses;Duplodnaviria;Heunggongvirae;Uroviricota;Caudoviricetes;;
ERR2726443_32110	2281	No terminal repeats	NA	3	11	0.9740	NA	2	4.2635	Viruses;Duplodnaviria;Heunggongvirae;Uroviricota;Caudoviricetes;;
ERR2726443_10277	38086	No terminal repeats	NA	40	11	0.9739	NA	12	62.2501	Viruses;Duplodnaviria;Heunggongvirae;Uroviricota;Caudoviricetes;;
ERR2726443_16869	2704	No terminal repeats	NA	3	11	0.9736	NA	0	2.9564	Viruses;Duplodnaviria;Heunggongvirae;Uroviricota;Caudoviricetes;;
ERR2726443_188826	2245	No terminal repeats	NA	5	11	0.9735	NA	1	4.4824	Viruses;Duplodnaviria;Heunggongvirae;Uroviricota;Caudoviricetes;;
ERR2726443_3278|provirus_1_11766	11766	Provirus	1-11766	16	11	0.9735	NA	1	9.3230	Viruses;Duplodnaviria;Heunggongvirae;Uroviricota;Caudoviricetes;;
ERR2726443_153610	525	No terminal repeats	NA	2	11	0.9731	NA	1	3.2362	Viruses;Duplodnaviria;Heunggongvirae;Uroviricota;Caudoviricetes;;
ERR2726443_12664	1681	No terminal repeats	NA	2	11	0.9731	NA	2	3.1168	Viruses;Duplodnaviria;Heunggongvirae;Uroviricota;Caudoviricetes;;
ERR2726443_53777	2201	No terminal repeats	NA	6	11	0.9731	NA	4	10.3097	Viruses;Duplodnaviria;Heunggongvirae;Uroviricota;Caudoviricetes;;
ERR2726443_32206	3714	No terminal repeats	NA	6	11	0.9728	NA	0	6.4995	Viruses;Duplodnaviria;Heunggongvirae;Uroviricota;Caudoviricetes;;
ERR2726443_169211	898	No terminal repeats	NA	2	11	0.9728	NA	1	3.2242	Viruses;Duplodnaviria;Heunggongvirae;Uroviricota;Caudoviricetes;;
ERR2726443_213195	384	No terminal repeats	NA	2	11	0.9724	NA	1	3.4366	Viruses;Duplodnaviria;Heunggongvirae;Uroviricota;Caudoviricetes;;
ERR2726443_105164	393	No terminal repeats	NA	2	11	0.9724	NA	1	3.1437	Viruses;Duplodnaviria;Heunggongvirae;Uroviricota;Caudoviricetes;;
ERR2726443_32070	4374	No terminal repeats	NA	8	11	0.9723	NA	2	4.7023	Viruses;Duplodnaviria;Heunggongvirae;Uroviricota;Caudoviricetes;;
ERR2726443_69941	4106	No terminal repeats	NA	7	11	0.9722	NA	1	9.2807	Viruses;Duplodnaviria;Heunggongvirae;Uroviricota;Caudoviricetes;;
ERR2726443_8938	13263	No terminal repeats	NA	15	11	0.9719	NA	1	6.4203	Viruses;Duplodnaviria;Heunggongvirae;Uroviricota;Caudoviricetes;;
ERR2726443_44852	4255	No terminal repeats	NA	8	11	0.9718	NA	0	6.6059	Viruses;Duplodnaviria;Heunggongvirae;Uroviricota;Caudoviricetes;;
ERR2726443_34705	2381	No terminal repeats	NA	2	11	0.9717	NA	2	3.4366	Viruses;Duplodnaviria;Heunggongvirae;Uroviricota;Caudoviricetes;;
ERR2726443_31801	2135	No terminal repeats	NA	2	11	0.9717	NA	1	2.9793	Viruses;Duplodnaviria;Heunggongvirae;Uroviricota;Caudoviricetes;;
ERR2726443_42392	3007	No terminal repeats	NA	6	11	0.9714	NA	2	8.5914	Viruses;Duplodnaviria;Heunggongvirae;Uroviricota;Caudoviricetes;;
ERR2726443_299647	608	No terminal repeats	NA	1	11	0.9714	NA	1	1.5240	Viruses;Duplodnaviria;Heunggongvirae;Uroviricota;Caudoviricetes;;
ERR2726443_12895	3952	No terminal repeats	NA	8	11	0.9713	NA	0	3.5039	Viruses;Duplodnaviria;Heunggongvirae;Uroviricota;Caudoviricetes;;
ERR2726443_3291|provirus_162_31205	31044	Provirus	162-31205	31	11	0.9712	NA	3	41.8243	Viruses;Duplodnaviria;Heunggongvirae;Uroviricota;Caudoviricetes;;
ERR2726443_83115	1231	No terminal repeats	NA	3	11	0.9711	NA	1	5.0100	Viruses;Duplodnaviria;Heunggongvirae;Uroviricota;Caudoviricetes;;
ERR2726443_55248	908	No terminal repeats	NA	2	11	0.9708	NA	1	3.0587	Viruses;Duplodnaviria;Heunggongvirae;Uroviricota;Caudoviricetes;Crassvirales;Suoliviridae
ERR2726443_86026	1600	No terminal repeats	NA	3	11	0.9707	NA	2	4.7821	Viruses;Duplodnaviria;Heunggongvirae;Uroviricota;Caudoviricetes;;
ERR2726443_17471	8474	No terminal repeats	NA	14	11	0.9706	NA	2	5.6747	Viruses;Duplodnaviria;Heunggongvirae;Uroviricota;Caudoviricetes;;
ERR2726443_14037	3599	No terminal repeats	NA	4	11	0.9706	NA	1	4.4210	Viruses;Duplodnaviria;Heunggongvirae;Uroviricota;Caudoviricetes;;
ERR2726443_110918	485	No terminal repeats	NA	1	15	0.9701	NA	1	1.7183	Viruses;Duplodnaviria;Heunggongvirae;Uroviricota;Caudoviricetes;;
ERR2726443_59612	1108	No terminal repeats	NA	1	11	0.9700	NA	1	1.7183	Viruses;Duplodnaviria;Heunggongvirae;Uroviricota;Caudoviricetes;Crassvirales;
ERR2726443_39268	2483	No terminal repeats	NA	4	11	0.9698	NA	3	6.0157	Viruses;Duplodnaviria;Heunggongvirae;Uroviricota;Caudoviricetes;;
ERR2726443_222266	1636	No terminal repeats	NA	3	11	0.9698	NA	2	5.1068	Viruses;Duplodnaviria;Heunggongvirae;Uroviricota;Caudoviricetes;;
ERR2726443_3112	7763	No terminal repeats	NA	5	11	0.9694	NA	1	8.0649	Viruses;Duplodnaviria;Heunggongvirae;Uroviricota;Caudoviricetes;;
ERR2726443_125827	4669	No terminal repeats	NA	9	11	0.9693	NA	3	11.7846	Viruses;Duplodnaviria;Heunggongvirae;Uroviricota;Caudoviricetes;;
ERR2726443_47121	1425	No terminal repeats	NA	3	11	0.9692	NA	1	4.4263	Viruses;Duplodnaviria;Heunggongvirae;Uroviricota;Caudoviricetes;;
ERR2726443_31698	2342	No terminal repeats	NA	2	11	0.9691	NA	2	2.9220	Viruses;Duplodnaviria;Heunggongvirae;Uroviricota;Caudoviricetes;;
ERR2726443_79748	2572	No terminal repeats	NA	7	11	0.9691	NA	0	6.4504	Viruses;Duplodnaviria;Heunggongvirae;Uroviricota;Caudoviricetes;;
ERR2726443_99046	3822	No terminal repeats	NA	5	11	0.9689	NA	0	5.7171	Viruses;Duplodnaviria;Heunggongvirae;Uroviricota;Caudoviricetes;;
ERR2726443_34192	6220	No terminal repeats	NA	8	11	0.9689	NA	2	7.5280	Viruses;Duplodnaviria;Heunggongvirae;Uroviricota;Caudoviricetes;;
ERR2726443_1074|provirus_2315_43597	41283	Provirus	2315-43597	42	11	0.9688	NA	3	34.6799	Viruses;Duplodnaviria;Heunggongvirae;Uroviricota;Caudoviricetes;;
ERR2726443_92186	470	No terminal repeats	NA	1	11	0.9687	NA	1	1.7183	Viruses;Duplodnaviria;Heunggongvirae;Uroviricota;Caudoviricetes;;
ERR2726443_82372	488	No terminal repeats	NA	1	11	0.9687	NA	1	1.7183	Viruses;Duplodnaviria;Heunggongvirae;Uroviricota;Caudoviricetes;;
ERR2726443_216373	1258	No terminal repeats	NA	3	11	0.9685	NA	1	4.8442	Viruses;Duplodnaviria;Heunggongvirae;Uroviricota;Caudoviricetes;;
ERR2726443_76227	6135	No terminal repeats	NA	8	11	0.9683	NA	2	9.0604	Viruses;Duplodnaviria;Heunggongvirae;Uroviricota;Caudoviricetes;;
ERR2726443_293141	186	No terminal repeats	NA	1	11	0.9683	NA	1	1.7183	Viruses;Duplodnaviria;Heunggongvirae;Uroviricota;Caudoviricetes;;
ERR2726443_45636	6319	No terminal repeats	NA	11	11	0.9683	NA	1	6.8731	Viruses;Duplodnaviria;Heunggongvirae;Uroviricota;Caudoviricetes;;
ERR2726443_12426	1309	No terminal repeats	NA	1	11	0.9681	NA	1	1.7183	Viruses;Duplodnaviria;Heunggongvirae;Uroviricota;Caudoviricetes;;
ERR2726443_72518	2447	No terminal repeats	NA	3	11	0.9680	NA	1	5.1307	Viruses;Duplodnaviria;Heunggongvirae;Uroviricota;Caudoviricetes;;
ERR2726443_99286	1652	No terminal repeats	NA	4	11	0.9680	NA	3	6.5528	Viruses;Duplodnaviria;Heunggongvirae;Uroviricota;Caudoviricetes;;
ERR2726443_113663	1303	No terminal repeats	NA	1	11	0.9679	NA	1	1.7183	Viruses;Duplodnaviria;Heunggongvirae;Uroviricota;Caudoviricetes;;
ERR2726443_2486|provirus_9948_46276	36329	Provirus	9948-46276	50	11	0.9679	NA	11	39.6939	Viruses;Duplodnaviria;Heunggongvirae;Uroviricota;Caudoviricetes;;
ERR2726443_173819	434	No terminal repeats	NA	1	11	0.9677	NA	1	1.7183	Viruses;Duplodnaviria;Heunggongvirae;Uroviricota;Caudoviricetes;Crassvirales;Suoliviridae
ERR2726443_26269	1634	No terminal repeats	NA	3	11	0.9675	NA	1	4.4456	Viruses;Duplodnaviria;Heunggongvirae;Uroviricota;Caudoviricetes;;
ERR2726443_19370	7524	No terminal repeats	NA	8	11	0.9674	NA	4	9.3803	Viruses;Duplodnaviria;Heunggongvirae;Uroviricota;Caudoviricetes;;
ERR2726443_37728	2799	No terminal repeats	NA	2	11	0.9674	NA	2	2.9787	Viruses;Duplodnaviria;Heunggongvirae;Uroviricota;Caudoviricetes;;
ERR2726443_54550	3286	No terminal repeats	NA	5	11	0.9673	NA	1	6.1276	Viruses;Duplodnaviria;Heunggongvirae;Uroviricota;Caudoviricetes;;
ERR2726443_22490	2929	No terminal repeats	NA	3	11	0.9673	NA	1	5.1525	Viruses;Duplodnaviria;Heunggongvirae;Uroviricota;Caudoviricetes;;
ERR2726443_25212	4691	No terminal repeats	NA	7	11	0.9672	NA	0	6.3884	Viruses;Duplodnaviria;Heunggongvirae;Uroviricota;Caudoviricetes;;
ERR2726443_22844	5174	No terminal repeats	NA	5	11	0.9671	NA	0	3.7751	Viruses;Duplodnaviria;Heunggongvirae;Uroviricota;Caudoviricetes;;
ERR2726443_38714	4707	No terminal repeats	NA	3	11	0.9671	NA	1	2.6581	Viruses;Duplodnaviria;Heunggongvirae;Uroviricota;Caudoviricetes;;
ERR2726443_4012	3985	No terminal repeats	NA	5	11	0.9671	NA	1	6.8657	Viruses;Duplodnaviria;Heunggongvirae;Uroviricota;Caudoviricetes;;
ERR2726443_142522	343	No terminal repeats	NA	1	11	0.9668	NA	1	1.5240	Viruses;Duplodnaviria;Heunggongvirae;Uroviricota;Caudoviricetes;;
ERR2726443_200710	349	No terminal repeats	NA	1	15	0.9668	NA	1	1.7183	Viruses;Duplodnaviria;Heunggongvirae;Uroviricota;Caudoviricetes;;
ERR2726443_2092|provirus_7378_19938	12561	Provirus	7378-19938	21	11	0.9667	NA	0	18.1759	Viruses;Duplodnaviria;Heunggongvirae;Uroviricota;Caudoviricetes;;
ERR2726443_204590	689	No terminal repeats	NA	2	4	0.9667	NA	1	3.4366	Viruses;Duplodnaviria;Heunggongvirae;Uroviricota;Caudoviricetes;;
ERR2726443_46470	872	No terminal repeats	NA	2	11	0.9664	NA	2	3.0942	Viruses;Duplodnaviria;Heunggongvirae;Uroviricota;Caudoviricetes;;
ERR2726443_43677	815	No terminal repeats	NA	1	11	0.9663	NA	1	1.7183	Viruses;Duplodnaviria;Heunggongvirae;Uroviricota;Caudoviricetes;;
ERR2726443_113647	247	No terminal repeats	NA	1	11	0.9663	NA	1	1.7183	Viruses;Duplodnaviria;Heunggongvirae;Uroviricota;Caudoviricetes;;
ERR2726443_37162	665	No terminal repeats	NA	3	11	0.9662	NA	3	5.1548	Viruses;Duplodnaviria;Heunggongvirae;Uroviricota;Caudoviricetes;;
ERR2726443_233956	536	No terminal repeats	NA	1	11	0.9662	NA	1	1.7183	Viruses;Duplodnaviria;Heunggongvirae;Uroviricota;Caudoviricetes;;
ERR2726443_14792	29526	No terminal repeats	NA	42	11	0.9661	NA	3	30.7715	Viruses;Duplodnaviria;Heunggongvirae;Uroviricota;Caudoviricetes;;
ERR2726443_35672	3844	No terminal repeats	NA	4	11	0.9658	NA	0	3.3921	Viruses;Duplodnaviria;Heunggongvirae;Uroviricota;Caudoviricetes;;
ERR2726443_1610	2291	No terminal repeats	NA	4	11	0.9656	NA	2	6.5646	Viruses;Duplodnaviria;Heunggongvirae;Uroviricota;Caudoviricetes;;
ERR2726443_38823	5381	No terminal repeats	NA	9	11	0.9655	NA	0	5.7767	Viruses;Duplodnaviria;Heunggongvirae;Uroviricota;Caudoviricetes;;
ERR2726443_251922	213	No terminal repeats	NA	1	11	0.9655	NA	1	1.5076	Viruses;Duplodnaviria;Heunggongvirae;Uroviricota;Caudoviricetes;;
ERR2726443_9304	4056	No terminal repeats	NA	7	11	0.9653	NA	0	4.2003	Viruses;Duplodnaviria;Heunggongvirae;Uroviricota;Caudoviricetes;;
ERR2726443_150692	334	No terminal repeats	NA	1	11	0.9653	NA	1	1.7183	Viruses;Duplodnaviria;Heunggongvirae;Uroviricota;Caudoviricetes;;
ERR2726443_69568	739	No terminal repeats	NA	3	11	0.9652	NA	3	5.1548	Viruses;Duplodnaviria;Heunggongvirae;Uroviricota;Caudoviricetes;;
ERR2726443_90499	1464	No terminal repeats	NA	2	11	0.9652	NA	1	3.4366	Viruses;Duplodnaviria;Heunggongvirae;Uroviricota;Caudoviricetes;;
ERR2726443_94198	1013	No terminal repeats	NA	1	11	0.9651	NA	1	1.5021	Viruses;Duplodnaviria;Heunggongvirae;Uroviricota;Caudoviricetes;;
ERR2726443_74346	3110	No terminal repeats	NA	6	11	0.9650	NA	1	6.3262	Viruses;Duplodnaviria;Heunggongvirae;Uroviricota;Caudoviricetes;;
ERR2726443_34491	3808	No terminal repeats	NA	6	11	0.9649	NA	0	8.0216	Viruses;Duplodnaviria;Heunggongvirae;Uroviricota;Caudoviricetes;;
ERR2726443_25216	3474	No terminal repeats	NA	2	11	0.9649	NA	2	2.9891	Viruses;Duplodnaviria;Heunggongvirae;Uroviricota;Caudoviricetes;;
ERR2726443_194518	182	No terminal repeats	NA	1	11	0.9645	NA	1	1.7183	Viruses;Duplodnaviria;Heunggongvirae;Uroviricota;Caudoviricetes;;
ERR2726443_126904	814	No terminal repeats	NA	2	11	0.9644	NA	1	3.4350	Viruses;Duplodnaviria;Heunggongvirae;Uroviricota;Caudoviricetes;;
ERR2726443_42894	815	No terminal repeats	NA	1	15	0.9642	NA	1	1.7183	Viruses;Duplodnaviria;Heunggongvirae;Uroviricota;Caudoviricetes;;
ERR2726443_42309	1024	No terminal repeats	NA	1	11	0.9640	NA	1	1.7183	Viruses;Duplodnaviria;Heunggongvirae;Uroviricota;Caudoviricetes;;
ERR2726443_229476	158	No terminal repeats	NA	1	11	0.9638	NA	1	1.7183	Viruses;Duplodnaviria;Heunggongvirae;Uroviricota;Caudoviricetes;;
ERR2726443_253654	193	No terminal repeats	NA	1	11	0.9637	NA	1	1.7183	Viruses;Duplodnaviria;Heunggongvirae;Uroviricota;Caudoviricetes;;
ERR2726443_178974	239	No terminal repeats	NA	1	11	0.9636	NA	1	1.7183	Viruses;Duplodnaviria;Heunggongvirae;Uroviricota;Caudoviricetes;;
ERR2726443_200363	766	No terminal repeats	NA	3	11	0.9636	NA	1	5.1205	Viruses;Duplodnaviria;Heunggongvirae;Uroviricota;Caudoviricetes;;
ERR2726443_103534	273	No terminal repeats	NA	1	11	0.9636	NA	1	1.7183	Viruses;Duplodnaviria;Heunggongvirae;Uroviricota;Caudoviricetes;;
ERR2726443_12089	6749	No terminal repeats	NA	14	11	0.9635	NA	1	4.1500	Viruses;Duplodnaviria;Heunggongvirae;Uroviricota;Caudoviricetes;;
ERR2726443_1020|provirus_7361_12845	5485	Provirus	7361-12845	8	11	0.9633	NA	0	9.7576	Viruses;Duplodnaviria;Heunggongvirae;Uroviricota;Caudoviricetes;;
ERR2726443_24793	723	No terminal repeats	NA	2	11	0.9633	NA	1	3.1278	Viruses;Duplodnaviria;Heunggongvirae;Uroviricota;Caudoviricetes;;
ERR2726443_172384	420	No terminal repeats	NA	1	11	0.9631	NA	1	1.7183	Viruses;Duplodnaviria;Heunggongvirae;Uroviricota;Caudoviricetes;;
ERR2726443_11686	1100	No terminal repeats	NA	2	11	0.9631	NA	1	2.8221	Viruses;Duplodnaviria;Heunggongvirae;Uroviricota;Caudoviricetes;;
ERR2726443_12495	1622	No terminal repeats	NA	3	11	0.9631	NA	1	3.4366	Viruses;Duplodnaviria;Heunggongvirae;Uroviricota;Caudoviricetes;;
ERR2726443_121109	239	No terminal repeats	NA	1	11	0.9630	NA	1	1.7183	Viruses;Duplodnaviria;Heunggongvirae;Uroviricota;Caudoviricetes;;
ERR2726443_351263	159	No terminal repeats	NA	1	11	0.9630	NA	1	1.7183	Viruses;Duplodnaviria;Heunggongvirae;Uroviricota;Caudoviricetes;;
ERR2726443_65704	1676	No terminal repeats	NA	3	11	0.9629	NA	1	3.9007	Viruses;Duplodnaviria;Heunggongvirae;Uroviricota;Caudoviricetes;;
ERR2726443_8551	6403	No terminal repeats	NA	17	11	0.9623	NA	1	17.5078	Viruses;Duplodnaviria;Heunggongvirae;Uroviricota;Caudoviricetes;;
ERR2726443_338189	168	No terminal repeats	NA	1	4	0.9621	NA	1	1.7183	Viruses;Duplodnaviria;Heunggongvirae;Uroviricota;Caudoviricetes;;
ERR2726443_225567	277	No terminal repeats	NA	1	11	0.9621	NA	1	1.7183	Viruses;Duplodnaviria;Heunggongvirae;Uroviricota;Caudoviricetes;;
ERR2726443_223386	988	No terminal repeats	NA	3	11	0.9616	NA	1	3.4366	Viruses;Duplodnaviria;Heunggongvirae;Uroviricota;Caudoviricetes;;
ERR2726443_202296	187	No terminal repeats	NA	1	11	0.9616	NA	1	1.7183	Viruses;Duplodnaviria;Heunggongvirae;Uroviricota;Caudoviricetes;;
ERR2726443_129119	428	No terminal repeats	NA	1	11	0.9614	NA	1	1.7183	Viruses;Duplodnaviria;Heunggongvirae;Uroviricota;Caudoviricetes;;
ERR2726443_116482	2115	No terminal repeats	NA	2	11	0.9613	NA	2	3.0506	Viruses;Duplodnaviria;Heunggongvirae;Uroviricota;Caudoviricetes;;
ERR2726443_118954	949	No terminal repeats	NA	2	11	0.9612	NA	1	3.4344	Viruses;Duplodnaviria;Heunggongvirae;Uroviricota;Caudoviricetes;;
ERR2726443_198658	302	No terminal repeats	NA	1	11	0.9612	NA	1	1.7183	Viruses;Duplodnaviria;Heunggongvirae;Uroviricota;Caudoviricetes;;
ERR2726443_2253	20630	No terminal repeats	NA	33	11	0.9612	NA	0	5.4141	Viruses;Duplodnaviria;Heunggongvirae;Uroviricota;Caudoviricetes;;
ERR2726443_95079	319	No terminal repeats	NA	1	11	0.9611	NA	1	1.7183	Viruses;Duplodnaviria;Heunggongvirae;Uroviricota;Caudoviricetes;;
ERR2726443_22521	578	No terminal repeats	NA	1	11	0.9610	NA	1	1.7183	Viruses;Duplodnaviria;Heunggongvirae;Uroviricota;Caudoviricetes;;
ERR2726443_236233	218	No terminal repeats	NA	2	4	0.9609	NA	1	1.7183	Viruses;Duplodnaviria;Heunggongvirae;Uroviricota;Caudoviricetes;;
ERR2726443_25513	4332	No terminal repeats	NA	5	11	0.9609	NA	0	2.8322	Viruses;Duplodnaviria;Heunggongvirae;Uroviricota;Caudoviricetes;;
ERR2726443_291878	212	No terminal repeats	NA	1	11	0.9608	NA	1	1.7183	Viruses;Duplodnaviria;Heunggongvirae;Uroviricota;Caudoviricetes;;
ERR2726443_166585	1172	No terminal repeats	NA	2	11	0.9604	NA	2	3.1932	Viruses;Duplodnaviria;Heunggongvirae;Uroviricota;Caudoviricetes;;
ERR2726443_45448	2962	No terminal repeats	NA	4	11	0.9603	NA	1	6.2119	Viruses;Duplodnaviria;Heunggongvirae;Uroviricota;Caudoviricetes;;
ERR2726443_78477	304	No terminal repeats	NA	1	11	0.9602	NA	1	1.7183	Viruses;Duplodnaviria;Heunggongvirae;Uroviricota;Caudoviricetes;;
ERR2726443_53419	1561	No terminal repeats	NA	2	11	0.9600	NA	1	2.7590	Viruses;Duplodnaviria;Heunggongvirae;Uroviricota;Caudoviricetes;;
ERR2726443_189960	226	No terminal repeats	NA	1	11	0.9600	NA	1	1.5130	Viruses;Duplodnaviria;Heunggongvirae;Uroviricota;Caudoviricetes;;
ERR2726443_173723	894	No terminal repeats	NA	1	11	0.9599	NA	1	1.7183	Viruses;Duplodnaviria;Heunggongvirae;Uroviricota;Caudoviricetes;Crassvirales;
ERR2726443_62659	9972	No terminal repeats	NA	11	11	0.9597	NA	0	11.3353	Viruses;Duplodnaviria;Heunggongvirae;Uroviricota;Caudoviricetes;;
ERR2726443_154290	302	No terminal repeats	NA	1	11	0.9594	NA	1	1.5675	Viruses;Duplodnaviria;Heunggongvirae;Uroviricota;Caudoviricetes;;
ERR2726443_262152	277	No terminal repeats	NA	1	11	0.9593	NA	1	1.7183	Viruses;Duplodnaviria;Heunggongvirae;Uroviricota;Caudoviricetes;;
ERR2726443_91825	551	No terminal repeats	NA	2	11	0.9592	NA	1	3.4366	Viruses;Duplodnaviria;Heunggongvirae;Uroviricota;Caudoviricetes;;
ERR2726443_51219	362	No terminal repeats	NA	1	11	0.9591	NA	1	1.7183	Viruses;Duplodnaviria;Heunggongvirae;Uroviricota;Caudoviricetes;;Straboviridae
ERR2726443_99756	1327	No terminal repeats	NA	2	11	0.9589	NA	1	2.9465	Viruses;Duplodnaviria;Heunggongvirae;Uroviricota;Caudoviricetes;;
ERR2726443_278837	159	No terminal repeats	NA	1	11	0.9589	NA	1	1.7183	Viruses;Duplodnaviria;Heunggongvirae;Uroviricota;Caudoviricetes;;
ERR2726443_149911	152	No terminal repeats	NA	1	11	0.9588	NA	1	1.7183	Viruses;Duplodnaviria;Heunggongvirae;Uroviricota;Caudoviricetes;;
ERR2726443_140224	165	No terminal repeats	NA	1	11	0.9588	NA	1	1.7183	Viruses;Duplodnaviria;Heunggongvirae;Uroviricota;Caudoviricetes;;
ERR2726443_187143	192	No terminal repeats	NA	1	15	0.9586	NA	1	1.7183	Viruses;Duplodnaviria;Heunggongvirae;Uroviricota;Caudoviricetes;;
ERR2726443_27105	934	No terminal repeats	NA	3	11	0.9585	NA	1	3.1133	Viruses;Duplodnaviria;Heunggongvirae;Uroviricota;Caudoviricetes;;
ERR2726443_385237	177	No terminal repeats	NA	1	11	0.9584	NA	1	1.7183	Viruses;Duplodnaviria;Heunggongvirae;Uroviricota;Caudoviricetes;;
ERR2726443_160152	291	No terminal repeats	NA	1	11	0.9584	NA	1	1.7183	Viruses;Duplodnaviria;Heunggongvirae;Uroviricota;Caudoviricetes;;
ERR2726443_70239	1236	No terminal repeats	NA	3	11	0.9583	NA	1	4.7089	Viruses;Duplodnaviria;Heunggongvirae;Uroviricota;Caudoviricetes;;
ERR2726443_53361	329	No terminal repeats	NA	1	11	0.9581	NA	1	1.7183	Viruses;Duplodnaviria;Heunggongvirae;Uroviricota;Caudoviricetes;;
ERR2726443_292258	185	No terminal repeats	NA	1	11	0.9581	NA	1	1.7183	Viruses;Duplodnaviria;Heunggongvirae;Uroviricota;Caudoviricetes;;
ERR2726443_297854	176	No terminal repeats	NA	1	11	0.9579	NA	1	1.7183	Viruses;Duplodnaviria;Heunggongvirae;Uroviricota;Caudoviricetes;;
ERR2726443_62358	1562	No terminal repeats	NA	4	11	0.9579	NA	1	5.1548	Viruses;Duplodnaviria;Heunggongvirae;Uroviricota;Caudoviricetes;;
ERR2726443_124496	343	No terminal repeats	NA	1	11	0.9578	NA	1	1.5240	Viruses;Duplodnaviria;Heunggongvirae;Uroviricota;Caudoviricetes;;
ERR2726443_27357	300	No terminal repeats	NA	1	11	0.9577	NA	1	1.7183	Viruses;Duplodnaviria;Heunggongvirae;Uroviricota;Caudoviricetes;;
ERR2726443_62073	1120	No terminal repeats	NA	3	11	0.9577	NA	1	3.2922	Viruses;Duplodnaviria;Heunggongvirae;Uroviricota;Caudoviricetes;;
ERR2726443_85063	349	No terminal repeats	NA	1	11	0.9576	NA	1	1.7183	Viruses;Duplodnaviria;Heunggongvirae;Uroviricota;Caudoviricetes;;
ERR2726443_121218	227	No terminal repeats	NA	1	11	0.9576	NA	1	1.7183	Viruses;Duplodnaviria;Heunggongvirae;Uroviricota;Caudoviricetes;;
ERR2726443_36322	1560	No terminal repeats	NA	2	11	0.9574	NA	1	3.4366	Viruses;Duplodnaviria;Heunggongvirae;Uroviricota;Caudoviricetes;;
ERR2726443_225789	272	No terminal repeats	NA	1	11	0.9573	NA	1	1.7183	Viruses;Duplodnaviria;Heunggongvirae;Uroviricota;Caudoviricetes;;
ERR2726443_64905	2110	No terminal repeats	NA	3	11	0.9572	NA	1	2.4585	Viruses;Duplodnaviria;Heunggongvirae;Uroviricota;Caudoviricetes;;
ERR2726443_131607	812	No terminal repeats	NA	1	11	0.9570	NA	1	1.7183	Viruses;Duplodnaviria;Heunggongvirae;Uroviricota;Caudoviricetes;;
ERR2726443_126377	629	No terminal repeats	NA	1	11	0.9568	NA	1	1.5311	Viruses;Duplodnaviria;Heunggongvirae;Uroviricota;Caudoviricetes;;
ERR2726443_128840	1295	No terminal repeats	NA	2	11	0.9566	NA	1	3.4188	Viruses;Duplodnaviria;Heunggongvirae;Uroviricota;Caudoviricetes;;
ERR2726443_24479	2491	No terminal repeats	NA	3	11	0.9566	NA	1	2.8464	Viruses;Duplodnaviria;Heunggongvirae;Uroviricota;Caudoviricetes;;
ERR2726443_294211	282	No terminal repeats	NA	1	11	0.9566	NA	1	1.7183	Viruses;Duplodnaviria;Heunggongvirae;Uroviricota;Caudoviricetes;Crassvirales;Suoliviridae
ERR2726443_173079	379	No terminal repeats	NA	2	11	0.9565	NA	1	2.6706	Viruses;Duplodnaviria;Heunggongvirae;Uroviricota;Caudoviricetes;;
ERR2726443_138322	1107	No terminal repeats	NA	2	11	0.9564	NA	1	3.2472	Viruses;Duplodnaviria;Heunggongvirae;Uroviricota;Caudoviricetes;;
ERR2726443_312117	264	No terminal repeats	NA	1	11	0.9563	NA	1	1.7183	Viruses;Duplodnaviria;Heunggongvirae;Uroviricota;Caudoviricetes;;
ERR2726443_9880	297	No terminal repeats	NA	1	4	0.9563	NA	1	1.7183	Viruses;Duplodnaviria;Heunggongvirae;Uroviricota;Caudoviricetes;;
ERR2726443_5703	5103	No terminal repeats	NA	9	11	0.9563	NA	1	2.1598	Viruses;Duplodnaviria;Heunggongvirae;Uroviricota;Caudoviricetes;;
ERR2726443_224121	348	No terminal repeats	NA	1	11	0.9563	NA	1	1.7183	Viruses;Duplodnaviria;Heunggongvirae;Uroviricota;Caudoviricetes;;
ERR2726443_17128	3001	No terminal repeats	NA	3	11	0.9559	NA	0	3.4123	Viruses;Duplodnaviria;Heunggongvirae;Uroviricota;Caudoviricetes;;
ERR2726443_164	4129	No terminal repeats	NA	4	11	0.9559	NA	1	3.2035	Viruses;Duplodnaviria;Heunggongvirae;Uroviricota;Caudoviricetes;;
ERR2726443_42833	699	No terminal repeats	NA	1	11	0.9557	NA	1	1.7183	Viruses;Duplodnaviria;Heunggongvirae;Uroviricota;Caudoviricetes;;
ERR2726443_317408	164	No terminal repeats	NA	1	11	0.9556	NA	1	1.7183	Viruses;Duplodnaviria;Heunggongvirae;Uroviricota;Caudoviricetes;;
ERR2726443_155253	727	No terminal repeats	NA	3	11	0.9556	NA	2	3.0673	Viruses;Duplodnaviria;Heunggongvirae;Uroviricota;Caudoviricetes;;
ERR2726443_231128	184	No terminal repeats	NA	1	11	0.9554	NA	1	1.7183	Viruses;Duplodnaviria;Heunggongvirae;Uroviricota;Caudoviricetes;;
ERR2726443_368073	194	No terminal repeats	NA	1	11	0.9553	NA	1	1.4933	Viruses;Duplodnaviria;Heunggongvirae;Uroviricota;Caudoviricetes;;
ERR2726443_18627	3795	No terminal repeats	NA	2	11	0.9553	NA	1	3.4366	Viruses;Duplodnaviria;Heunggongvirae;Uroviricota;Caudoviricetes;;
ERR2726443_729	3395	No terminal repeats	NA	7	11	0.9551	NA	0	5.0240	Viruses;Duplodnaviria;Heunggongvirae;Uroviricota;Caudoviricetes;;
ERR2726443_8832	1091	No terminal repeats	NA	2	11	0.9550	NA	1	1.7183	Viruses;Duplodnaviria;Heunggongvirae;Uroviricota;Caudoviricetes;Crassvirales;Suoliviridae
ERR2726443_26017	8396	No terminal repeats	NA	15	11	0.9550	NA	1	4.5004	Viruses;Duplodnaviria;Heunggongvirae;Uroviricota;Caudoviricetes;;
ERR2726443_38975	172	No terminal repeats	NA	1	11	0.9550	NA	1	1.7183	Viruses;Duplodnaviria;Heunggongvirae;Uroviricota;Caudoviricetes;;
ERR2726443_245700	583	No terminal repeats	NA	2	11	0.9549	NA	2	3.4366	Viruses;Duplodnaviria;Heunggongvirae;Uroviricota;Caudoviricetes;;
ERR2726443_109693	1055	No terminal repeats	NA	2	11	0.9549	NA	1	2.8464	Viruses;Duplodnaviria;Heunggongvirae;Uroviricota;Caudoviricetes;;
ERR2726443_151803	256	No terminal repeats	NA	2	11	0.9548	NA	1	3.4366	Viruses;Duplodnaviria;Heunggongvirae;Uroviricota;Caudoviricetes;;
ERR2726443_35054	2533	No terminal repeats	NA	5	11	0.9548	NA	1	4.7493	Viruses;Duplodnaviria;Heunggongvirae;Uroviricota;Caudoviricetes;;
ERR2726443_4720	3826	No terminal repeats	NA	3	11	0.9547	NA	1	2.2772	Viruses;Duplodnaviria;Heunggongvirae;Uroviricota;Caudoviricetes;;
ERR2726443_83576	1399	No terminal repeats	NA	3	11	0.9547	NA	2	4.5552	Viruses;Duplodnaviria;Heunggongvirae;Uroviricota;Caudoviricetes;;
ERR2726443_110998	416	No terminal repeats	NA	1	11	0.9547	NA	1	1.7183	Viruses;Duplodnaviria;Heunggongvirae;Uroviricota;Caudoviricetes;;
ERR2726443_332382	160	No terminal repeats	NA	1	11	0.9547	NA	1	1.7183	Viruses;Duplodnaviria;Heunggongvirae;Uroviricota;Caudoviricetes;;
ERR2726443_142704	421	No terminal repeats	NA	2	11	0.9546	NA	1	3.1743	Viruses;Duplodnaviria;Heunggongvirae;Uroviricota;Caudoviricetes;;
ERR2726443_146631	571	No terminal repeats	NA	2	11	0.9545	NA	1	2.9447	Viruses;Duplodnaviria;Heunggongvirae;Uroviricota;Caudoviricetes;;
ERR2726443_85230	653	No terminal repeats	NA	2	11	0.9541	NA	1	3.4366	Viruses;Duplodnaviria;Heunggongvirae;Uroviricota;Caudoviricetes;;
ERR2726443_39316	2127	No terminal repeats	NA	3	11	0.9541	NA	1	2.4082	Viruses;Duplodnaviria;Heunggongvirae;Uroviricota;Caudoviricetes;;
ERR2726443_189197	880	No terminal repeats	NA	3	11	0.9539	NA	1	5.1548	Viruses;Duplodnaviria;Heunggongvirae;Uroviricota;Caudoviricetes;;
ERR2726443_92724	1459	No terminal repeats	NA	1	11	0.9538	NA	1	1.7183	Viruses;Duplodnaviria;Heunggongvirae;Uroviricota;Caudoviricetes;;
ERR2726443_50223	293	No terminal repeats	NA	1	11	0.9537	NA	1	1.7183	Viruses;Duplodnaviria;Heunggongvirae;Uroviricota;Caudoviricetes;;
ERR2726443_358115	151	No terminal repeats	NA	1	11	0.9536	NA	1	1.7183	Viruses;Duplodnaviria;Heunggongvirae;Uroviricota;Caudoviricetes;;
ERR2726443_270338	261	No terminal repeats	NA	1	11	0.9533	NA	1	1.7183	Viruses;Duplodnaviria;Heunggongvirae;Uroviricota;Caudoviricetes;;
ERR2726443_220994	1117	No terminal repeats	NA	3	11	0.9532	NA	1	3.2922	Viruses;Duplodnaviria;Heunggongvirae;Uroviricota;Caudoviricetes;;
ERR2726443_19549	4831	No terminal repeats	NA	7	11	0.9531	NA	3	7.2368	Viruses;Duplodnaviria;Heunggongvirae;Uroviricota;Caudoviricetes;;
ERR2726443_292013	190	No terminal repeats	NA	1	11	0.9529	NA	1	1.7183	Viruses;Duplodnaviria;Heunggongvirae;Uroviricota;Caudoviricetes;;
ERR2726443_369991	163	No terminal repeats	NA	1	11	0.9528	NA	1	1.7183	Viruses;Duplodnaviria;Heunggongvirae;Uroviricota;Caudoviricetes;;
ERR2726443_19588	3380	No terminal repeats	NA	2	11	0.9528	NA	0	3.4015	Viruses;Duplodnaviria;Heunggongvirae;Uroviricota;Caudoviricetes;;
ERR2726443_377105	229	No terminal repeats	NA	1	11	0.9527	NA	1	1.7183	Viruses;Duplodnaviria;Heunggongvirae;Uroviricota;Caudoviricetes;;
ERR2726443_334481	304	No terminal repeats	NA	1	11	0.9527	NA	1	1.7183	Viruses;Duplodnaviria;Heunggongvirae;Uroviricota;Caudoviricetes;;
ERR2726443_6717	7292	No terminal repeats	NA	16	11	0.9527	NA	1	4.6672	Viruses;Duplodnaviria;Heunggongvirae;Uroviricota;Caudoviricetes;;
ERR2726443_61707	1017	No terminal repeats	NA	1	11	0.9526	NA	1	1.7183	Viruses;Duplodnaviria;Heunggongvirae;Uroviricota;Caudoviricetes;;
ERR2726443_179222	627	No terminal repeats	NA	1	11	0.9525	NA	1	1.7183	Viruses;Duplodnaviria;Heunggongvirae;Uroviricota;Caudoviricetes;;
ERR2726443_203807	200	No terminal repeats	NA	2	11	0.9524	NA	1	1.7183	Viruses;Duplodnaviria;Heunggongvirae;Uroviricota;Caudoviricetes;;
ERR2726443_121730	400	No terminal repeats	NA	1	11	0.9523	NA	1	1.7183	Viruses;Duplodnaviria;Heunggongvirae;Uroviricota;Caudoviricetes;;
ERR2726443_6241	6891	No terminal repeats	NA	17	11	0.9523	NA	0	10.0975	Viruses;Duplodnaviria;Heunggongvirae;Uroviricota;Caudoviricetes;;
ERR2726443_30033	6742	No terminal repeats	NA	2	11	0.9521	NA	0	1.7183	Viruses;Duplodnaviria;Heunggongvirae;Uroviricota;Caudoviricetes;;
ERR2726443_31293	3152	No terminal repeats	NA	4	11	0.9521	NA	0	3.4239	Viruses;Duplodnaviria;Heunggongvirae;Uroviricota;Caudoviricetes;;
ERR2726443_62416	584	No terminal repeats	NA	2	11	0.9520	NA	1	2.9074	Viruses;Duplodnaviria;Heunggongvirae;Uroviricota;Caudoviricetes;;
ERR2726443_19261	2964	No terminal repeats	NA	6	11	0.9518	NA	0	3.7449	Viruses;Duplodnaviria;Heunggongvirae;Uroviricota;Caudoviricetes;;
ERR2726443_32809	920	No terminal repeats	NA	1	11	0.9518	NA	1	1.7183	Viruses;Duplodnaviria;Heunggongvirae;Uroviricota;Caudoviricetes;;
ERR2726443_80759	602	No terminal repeats	NA	1	11	0.9517	NA	1	1.7183	Viruses;Duplodnaviria;Heunggongvirae;Uroviricota;Caudoviricetes;;
ERR2726443_14636	695	No terminal repeats	NA	2	11	0.9516	NA	1	3.2049	Viruses;Duplodnaviria;Heunggongvirae;Uroviricota;Caudoviricetes;;
ERR2726443_36580	232	No terminal repeats	NA	1	11	0.9516	NA	1	1.7183	Viruses;Duplodnaviria;Heunggongvirae;Uroviricota;Caudoviricetes;;
ERR2726443_334816	428	No terminal repeats	NA	1	11	0.9516	NA	1	1.7183	Viruses;Duplodnaviria;Heunggongvirae;Uroviricota;Caudoviricetes;;
ERR2726443_57923	1810	No terminal repeats	NA	3	11	0.9515	NA	1	5.1548	Viruses;Duplodnaviria;Heunggongvirae;Uroviricota;Caudoviricetes;;
ERR2726443_53374	602	No terminal repeats	NA	1	11	0.9515	NA	1	1.7183	Viruses;Duplodnaviria;Heunggongvirae;Uroviricota;Caudoviricetes;;
ERR2726443_71809	594	No terminal repeats	NA	1	11	0.9514	NA	1	1.5138	Viruses;Duplodnaviria;Heunggongvirae;Uroviricota;Caudoviricetes;;
ERR2726443_341127	154	No terminal repeats	NA	1	11	0.9513	NA	1	1.7183	Viruses;Duplodnaviria;Heunggongvirae;Uroviricota;Caudoviricetes;;
ERR2726443_319188	305	No terminal repeats	NA	1	11	0.9512	NA	1	1.7183	Viruses;Duplodnaviria;Heunggongvirae;Uroviricota;Caudoviricetes;;
ERR2726443_100182	246	No terminal repeats	NA	1	11	0.9512	NA	1	1.5076	Viruses;Duplodnaviria;Heunggongvirae;Uroviricota;Caudoviricetes;;
ERR2726443_138974	133	No terminal repeats	NA	1	11	0.9512	NA	1	1.7183	Viruses;Duplodnaviria;Heunggongvirae;Uroviricota;Caudoviricetes;;
ERR2726443_269086	231	No terminal repeats	NA	1	11	0.9512	NA	1	1.7183	Viruses;Duplodnaviria;Heunggongvirae;Uroviricota;Caudoviricetes;;
ERR2726443_25939	18361	No terminal repeats	NA	32	11	0.9511	NA	3	8.4420	Viruses;Duplodnaviria;Heunggongvirae;Uroviricota;Caudoviricetes;;
ERR2726443_83440	223	No terminal repeats	NA	1	11	0.9508	NA	1	1.7183	Viruses;Duplodnaviria;Heunggongvirae;Uroviricota;Caudoviricetes;;
ERR2726443_245899	161	No terminal repeats	NA	1	11	0.9508	NA	1	1.7183	Viruses;Duplodnaviria;Heunggongvirae;Uroviricota;Caudoviricetes;;
ERR2726443_79755	4677	No terminal repeats	NA	9	11	0.9507	NA	0	5.0483	Viruses;Duplodnaviria;Heunggongvirae;Uroviricota;Caudoviricetes;;
ERR2726443_58673	606	No terminal repeats	NA	1	11	0.9506	NA	1	1.7183	Viruses;Duplodnaviria;Heunggongvirae;Uroviricota;Caudoviricetes;;
ERR2726443_238178	357	No terminal repeats	NA	1	11	0.9505	NA	1	1.7183	Viruses;Duplodnaviria;Heunggongvirae;Uroviricota;Caudoviricetes;;
ERR2726443_95299	448	No terminal repeats	NA	1	11	0.9505	NA	1	1.5306	Viruses;Duplodnaviria;Heunggongvirae;Uroviricota;Caudoviricetes;;
ERR2726443_294891	175	No terminal repeats	NA	1	11	0.9504	NA	1	1.7183	Viruses;Duplodnaviria;Heunggongvirae;Uroviricota;Caudoviricetes;;
ERR2726443_33065	4046	No terminal repeats	NA	4	11	0.9503	NA	0	3.3702	Viruses;Duplodnaviria;Heunggongvirae;Uroviricota;Caudoviricetes;;
ERR2726443_1979	3010	No terminal repeats	NA	1	11	0.9503	NA	0	1.7183	Viruses;Duplodnaviria;Heunggongvirae;Uroviricota;Caudoviricetes;;
ERR2726443_4361	12864	No terminal repeats	NA	10	11	0.9503	NA	1	11.8041	Viruses;Duplodnaviria;Heunggongvirae;Uroviricota;Caudoviricetes;;
ERR2726443_28294	1106	No terminal repeats	NA	4	11	0.9499	NA	2	4.3938	Viruses;Duplodnaviria;Heunggongvirae;Uroviricota;Caudoviricetes;;
ERR2726443_2292	1694	No terminal repeats	NA	4	11	0.9499	NA	2	4.9115	Viruses;Duplodnaviria;Heunggongvirae;Uroviricota;Caudoviricetes;;
ERR2726443_13783	987	No terminal repeats	NA	1	11	0.9498	NA	1	1.7183	Viruses;Duplodnaviria;Heunggongvirae;Uroviricota;Caudoviricetes;;
ERR2726443_51663	1509	No terminal repeats	NA	1	11	0.9498	NA	1	1.7183	Viruses;Duplodnaviria;Heunggongvirae;Uroviricota;Caudoviricetes;;
ERR2726443_122119	443	No terminal repeats	NA	1	11	0.9497	NA	1	1.5173	Viruses;Duplodnaviria;Heunggongvirae;Uroviricota;Caudoviricetes;;
ERR2726443_273901	168	No terminal repeats	NA	1	4	0.9495	NA	1	1.7183	Viruses;Duplodnaviria;Heunggongvirae;Uroviricota;Caudoviricetes;;
ERR2726443_73214	1536	No terminal repeats	NA	2	11	0.9495	NA	1	3.4366	Viruses;Duplodnaviria;Heunggongvirae;Uroviricota;Caudoviricetes;;
ERR2726443_151912	166	No terminal repeats	NA	1	11	0.9494	NA	1	1.7183	Viruses;Duplodnaviria;Heunggongvirae;Uroviricota;Caudoviricetes;;
ERR2726443_267716	201	No terminal repeats	NA	1	11	0.9492	NA	1	1.7183	Unclassified
ERR2726443_11342	39013	DTR	NA	43	11	0.9492	NA	6	31.9105	Viruses;Duplodnaviria;Heunggongvirae;Uroviricota;Caudoviricetes;;
ERR2726443_35367	575	No terminal repeats	NA	3	11	0.9487	NA	1	3.4366	Viruses;Duplodnaviria;Heunggongvirae;Uroviricota;Caudoviricetes;;
ERR2726443_258548	328	No terminal repeats	NA	1	11	0.9487	NA	1	1.7183	Viruses;Duplodnaviria;Heunggongvirae;Uroviricota;Caudoviricetes;;
ERR2726443_52407	2442	No terminal repeats	NA	6	11	0.9486	NA	1	6.6452	Viruses;Duplodnaviria;Heunggongvirae;Uroviricota;Caudoviricetes;;
ERR2726443_82357	263	No terminal repeats	NA	1	11	0.9486	NA	1	1.7183	Viruses;Duplodnaviria;Heunggongvirae;Uroviricota;Caudoviricetes;;
ERR2726443_36602	380	No terminal repeats	NA	1	11	0.9486	NA	1	1.7183	Viruses;Duplodnaviria;Heunggongvirae;Uroviricota;Caudoviricetes;;
ERR2726443_143163	215	No terminal repeats	NA	1	11	0.9485	NA	1	1.7183	Viruses;Duplodnaviria;Heunggongvirae;Uroviricota;Caudoviricetes;;
ERR2726443_59746	547	No terminal repeats	NA	2	11	0.9484	NA	2	3.4366	Viruses;Duplodnaviria;Heunggongvirae;Uroviricota;Caudoviricetes;;
ERR2726443_310661	166	No terminal repeats	NA	1	11	0.9483	NA	1	1.7183	Viruses;Duplodnaviria;Heunggongvirae;Uroviricota;Caudoviricetes;;
ERR2726443_54|provirus_4754_60317	55564	Provirus	4754-60317	69	11	0.9480	NA	3	82.5972	Viruses;Duplodnaviria;Heunggongvirae;Uroviricota;Caudoviricetes;;
ERR2726443_177394	342	No terminal repeats	NA	1	11	0.9480	NA	1	1.7183	Viruses;Duplodnaviria;Heunggongvirae;Uroviricota;Caudoviricetes;;
ERR2726443_106968	1374	No terminal repeats	NA	3	11	0.9479	NA	1	4.3609	Viruses;Duplodnaviria;Heunggongvirae;Uroviricota;Caudoviricetes;;
ERR2726443_214844	272	No terminal repeats	NA	2	11	0.9478	NA	1	3.4366	Viruses;Duplodnaviria;Heunggongvirae;Uroviricota;Caudoviricetes;;
ERR2726443_55133	1252	No terminal repeats	NA	1	11	0.9477	NA	1	1.7183	Viruses;Duplodnaviria;Heunggongvirae;Uroviricota;Caudoviricetes;;
ERR2726443_106714	363	No terminal repeats	NA	1	15	0.9477	NA	1	1.7183	Viruses;Duplodnaviria;Heunggongvirae;Uroviricota;Caudoviricetes;;
ERR2726443_90567	238	No terminal repeats	NA	1	11	0.9474	NA	1	1.7183	Viruses;Duplodnaviria;Heunggongvirae;Uroviricota;Caudoviricetes;;
ERR2726443_259856	418	No terminal repeats	NA	1	11	0.9473	NA	1	1.7183	Viruses;Duplodnaviria;Heunggongvirae;Uroviricota;Caudoviricetes;;
ERR2726443_304640	156	No terminal repeats	NA	1	11	0.9473	NA	1	1.7183	Viruses;Duplodnaviria;Heunggongvirae;Uroviricota;Caudoviricetes;;
ERR2726443_17059	3376	No terminal repeats	NA	5	11	0.9472	NA	1	2.4457	Viruses;Duplodnaviria;Heunggongvirae;Uroviricota;Caudoviricetes;;
ERR2726443_359758	181	No terminal repeats	NA	2	11	0.9472	NA	1	1.7183	Viruses;Duplodnaviria;Heunggongvirae;Uroviricota;Caudoviricetes;;
ERR2726443_105461	1486	No terminal repeats	NA	3	11	0.9471	NA	1	3.9930	Viruses;Duplodnaviria;Heunggongvirae;Uroviricota;Caudoviricetes;;
ERR2726443_207746	309	No terminal repeats	NA	1	11	0.9470	NA	1	1.7183	Viruses;Duplodnaviria;Heunggongvirae;Uroviricota;Caudoviricetes;;
ERR2726443_102845	1098	No terminal repeats	NA	1	11	0.9469	NA	1	1.5289	Viruses;Duplodnaviria;Heunggongvirae;Uroviricota;Caudoviricetes;;
ERR2726443_194974	453	No terminal repeats	NA	1	11	0.9468	NA	1	1.7183	Viruses;Duplodnaviria;Heunggongvirae;Uroviricota;Caudoviricetes;;
ERR2726443_224743	393	No terminal repeats	NA	1	11	0.9467	NA	1	1.7183	Viruses;Duplodnaviria;Heunggongvirae;Uroviricota;Caudoviricetes;;
ERR2726443_24783	12118	No terminal repeats	NA	20	11	0.9466	NA	0	5.3236	Viruses;Duplodnaviria;Heunggongvirae;Uroviricota;Caudoviricetes;;
ERR2726443_28797	1831	No terminal repeats	NA	2	11	0.9466	NA	1	3.1384	Viruses;Duplodnaviria;Heunggongvirae;Uroviricota;Caudoviricetes;;
ERR2726443_201843	161	No terminal repeats	NA	2	11	0.9466	NA	1	1.7183	Viruses;Duplodnaviria;Heunggongvirae;Uroviricota;Caudoviricetes;;
ERR2726443_206312	307	No terminal repeats	NA	1	11	0.9465	NA	1	1.7183	Viruses;Duplodnaviria;Heunggongvirae;Uroviricota;Caudoviricetes;;
ERR2726443_24408	4522	No terminal repeats	NA	6	11	0.9465	NA	1	3.5355	Viruses;Duplodnaviria;Heunggongvirae;Uroviricota;Caudoviricetes;;
ERR2726443_251599	373	No terminal repeats	NA	1	11	0.9463	NA	1	1.7183	Viruses;Duplodnaviria;Heunggongvirae;Uroviricota;Caudoviricetes;;
ERR2726443_123170	742	No terminal repeats	NA	1	11	0.9463	NA	1	1.7183	Viruses;Duplodnaviria;Heunggongvirae;Uroviricota;Caudoviricetes;;
ERR2726443_115323	1877	No terminal repeats	NA	2	11	0.9461	NA	2	3.1522	Viruses;Duplodnaviria;Heunggongvirae;Uroviricota;Caudoviricetes;;
ERR2726443_53532	349	No terminal repeats	NA	1	11	0.9460	NA	1	1.7183	Viruses;Duplodnaviria;Heunggongvirae;Uroviricota;Caudoviricetes;;
ERR2726443_367392	157	No terminal repeats	NA	1	11	0.9455	NA	1	1.7183	Viruses;Duplodnaviria;Heunggongvirae;Uroviricota;Caudoviricetes;;
ERR2726443_47086	3137	No terminal repeats	NA	7	11	0.9455	NA	1	4.6900	Viruses;Duplodnaviria;Heunggongvirae;Uroviricota;Caudoviricetes;;
ERR2726443_9752	11945	No terminal repeats	NA	12	11	0.9453	NA	0	6.1896	Viruses;Duplodnaviria;Heunggongvirae;Uroviricota;Caudoviricetes;;
ERR2726443_105333	1210	No terminal repeats	NA	3	11	0.9452	NA	2	2.5393	Viruses;Duplodnaviria;Heunggongvirae;Uroviricota;Caudoviricetes;;
ERR2726443_333041	356	No terminal repeats	NA	1	11	0.9452	NA	1	1.7183	Viruses;Duplodnaviria;Heunggongvirae;Uroviricota;Caudoviricetes;;
ERR2726443_49087	783	No terminal repeats	NA	3	11	0.9451	NA	1	4.7819	Viruses;Duplodnaviria;Heunggongvirae;Uroviricota;Caudoviricetes;;
ERR2726443_290616	221	No terminal repeats	NA	1	11	0.9449	NA	1	1.7183	Viruses;Duplodnaviria;Heunggongvirae;Uroviricota;Caudoviricetes;;
ERR2726443_277010	227	No terminal repeats	NA	1	11	0.9449	NA	1	1.7183	Viruses;Duplodnaviria;Heunggongvirae;Uroviricota;Caudoviricetes;;
ERR2726443_63336	6552	No terminal repeats	NA	5	11	0.9449	NA	3	7.6019	Viruses;Duplodnaviria;Heunggongvirae;Uroviricota;Caudoviricetes;;
ERR2726443_320917	160	No terminal repeats	NA	1	11	0.9447	NA	1	1.7183	Viruses;Duplodnaviria;Heunggongvirae;Uroviricota;Caudoviricetes;;
ERR2726443_133746	212	No terminal repeats	NA	1	11	0.9443	NA	1	1.7183	Viruses;Duplodnaviria;Heunggongvirae;Uroviricota;Caudoviricetes;;
ERR2726443_21743	2848	No terminal repeats	NA	3	11	0.9441	NA	1	4.8615	Viruses;Duplodnaviria;Heunggongvirae;Uroviricota;Caudoviricetes;;
ERR2726443_73787	1008	No terminal repeats	NA	2	11	0.9440	NA	2	3.1932	Viruses;Duplodnaviria;Heunggongvirae;Uroviricota;Caudoviricetes;;
ERR2726443_257598	458	No terminal repeats	NA	1	11	0.9440	NA	1	1.7183	Viruses;Duplodnaviria;Heunggongvirae;Uroviricota;Caudoviricetes;;
ERR2726443_18246	229	No terminal repeats	NA	1	11	0.9440	NA	1	1.7183	Viruses;Duplodnaviria;Heunggongvirae;Uroviricota;Caudoviricetes;;
ERR2726443_185650	194	No terminal repeats	NA	1	11	0.9440	NA	1	1.7183	Viruses;Duplodnaviria;Heunggongvirae;Uroviricota;Caudoviricetes;;
ERR2726443_304606	315	No terminal repeats	NA	1	11	0.9438	NA	1	1.7183	Viruses;Duplodnaviria;Heunggongvirae;Uroviricota;Caudoviricetes;;
ERR2726443_4419	7639	No terminal repeats	NA	13	11	0.9438	NA	2	5.2592	Viruses;Monodnaviria;Loebvirae;Hofneiviricota;Faserviricetes;Tubulavirales;Inoviridae
ERR2726443_288563	331	No terminal repeats	NA	1	11	0.9436	NA	1	1.3363	Viruses;Duplodnaviria;Heunggongvirae;Uroviricota;Caudoviricetes;;
ERR2726443_8127	746	No terminal repeats	NA	2	11	0.9434	NA	1	1.5123	Viruses;Duplodnaviria;Heunggongvirae;Uroviricota;Caudoviricetes;;
ERR2726443_45037	1465	No terminal repeats	NA	4	11	0.9433	NA	1	3.0957	Viruses;Duplodnaviria;Heunggongvirae;Uroviricota;Caudoviricetes;;
ERR2726443_307370	252	No terminal repeats	NA	1	11	0.9433	NA	1	1.7183	Viruses;Duplodnaviria;Heunggongvirae;Uroviricota;Caudoviricetes;;
ERR2726443_227037	418	No terminal repeats	NA	2	11	0.9432	NA	1	3.4366	Viruses;Duplodnaviria;Heunggongvirae;Uroviricota;Caudoviricetes;;
ERR2726443_94094	200	No terminal repeats	NA	1	11	0.9431	NA	1	1.4541	Viruses;Duplodnaviria;Heunggongvirae;Uroviricota;Caudoviricetes;;
ERR2726443_74952	1331	No terminal repeats	NA	3	11	0.9429	NA	1	3.1548	Viruses;Duplodnaviria;Heunggongvirae;Uroviricota;Caudoviricetes;;
ERR2726443_180836	896	No terminal repeats	NA	2	11	0.9428	NA	2	3.4366	Viruses;Duplodnaviria;Heunggongvirae;Uroviricota;Caudoviricetes;;
ERR2726443_348776	152	No terminal repeats	NA	1	11	0.9428	NA	1	1.7183	Viruses;Duplodnaviria;Heunggongvirae;Uroviricota;Caudoviricetes;;
ERR2726443_303357	312	No terminal repeats	NA	1	11	0.9427	NA	1	1.7183	Viruses;Duplodnaviria;Heunggongvirae;Uroviricota;Caudoviricetes;;
ERR2726443_172050	2113	No terminal repeats	NA	2	11	0.9427	NA	2	2.7697	Viruses;Duplodnaviria;Heunggongvirae;Uroviricota;Caudoviricetes;;
ERR2726443_21903	1035	No terminal repeats	NA	1	11	0.9425	NA	1	1.0831	Viruses;Duplodnaviria;Heunggongvirae;Uroviricota;Caudoviricetes;;
ERR2726443_114239	186	No terminal repeats	NA	1	4	0.9424	NA	1	1.7183	Viruses;Duplodnaviria;Heunggongvirae;Uroviricota;Caudoviricetes;;
ERR2726443_49282	354	No terminal repeats	NA	2	11	0.9422	NA	1	3.4366	Viruses;Duplodnaviria;Heunggongvirae;Uroviricota;Caudoviricetes;;
ERR2726443_75451	651	No terminal repeats	NA	2	11	0.9422	NA	1	1.5685	Viruses;Duplodnaviria;Heunggongvirae;Uroviricota;Caudoviricetes;;
ERR2726443_359090	218	No terminal repeats	NA	1	11	0.9422	NA	1	1.2233	Viruses;Duplodnaviria;Heunggongvirae;Uroviricota;Caudoviricetes;;
ERR2726443_210607	133	No terminal repeats	NA	1	11	0.9415	NA	1	1.7183	Viruses;Duplodnaviria;Heunggongvirae;Uroviricota;Caudoviricetes;;
ERR2726443_31908	6232	No terminal repeats	NA	12	11	0.9413	NA	1	11.9339	Viruses;Duplodnaviria;Heunggongvirae;Uroviricota;Caudoviricetes;;
ERR2726443_316854	435	No terminal repeats	NA	1	11	0.9412	NA	1	1.7183	Viruses;Duplodnaviria;Heunggongvirae;Uroviricota;Caudoviricetes;;
ERR2726443_253313	200	No terminal repeats	NA	1	15	0.9410	NA	1	1.7183	Viruses;Duplodnaviria;Heunggongvirae;Uroviricota;Caudoviricetes;;
ERR2726443_188856	954	No terminal repeats	NA	2	11	0.9410	NA	1	1.7183	Viruses;Duplodnaviria;Heunggongvirae;Uroviricota;Caudoviricetes;;
ERR2726443_139194	1664	No terminal repeats	NA	3	11	0.9407	NA	1	4.4590	Viruses;Duplodnaviria;Heunggongvirae;Uroviricota;Caudoviricetes;;
ERR2726443_78207	2439	No terminal repeats	NA	5	11	0.9407	NA	1	5.5073	Viruses;Duplodnaviria;Heunggongvirae;Uroviricota;Caudoviricetes;;
ERR2726443_132461	1176	No terminal repeats	NA	2	11	0.9406	NA	1	3.3320	Viruses;Duplodnaviria;Heunggongvirae;Uroviricota;Caudoviricetes;;
ERR2726443_17363	3490	No terminal repeats	NA	5	11	0.9405	NA	0	3.2913	Viruses;Duplodnaviria;Heunggongvirae;Uroviricota;Caudoviricetes;;
ERR2726443_218627	360	No terminal repeats	NA	1	11	0.9405	NA	1	1.7183	Viruses;Duplodnaviria;Heunggongvirae;Uroviricota;Caudoviricetes;;
ERR2726443_167840	786	No terminal repeats	NA	1	11	0.9404	NA	1	1.7183	Viruses;Duplodnaviria;Heunggongvirae;Uroviricota;Caudoviricetes;;
ERR2726443_41984	2880	No terminal repeats	NA	6	11	0.9403	NA	0	6.8708	Viruses;Duplodnaviria;Heunggongvirae;Uroviricota;Caudoviricetes;;
ERR2726443_330716	276	No terminal repeats	NA	1	11	0.9403	NA	1	1.4980	Viruses;Duplodnaviria;Heunggongvirae;Uroviricota;Caudoviricetes;;
ERR2726443_38649	1821	No terminal repeats	NA	3	11	0.9401	NA	1	2.6222	Viruses;Duplodnaviria;Heunggongvirae;Uroviricota;Caudoviricetes;;
ERR2726443_6582	2981	No terminal repeats	NA	4	11	0.9401	NA	1	2.7286	Viruses;Duplodnaviria;Heunggongvirae;Uroviricota;Caudoviricetes;;
ERR2726443_273856	157	No terminal repeats	NA	1	11	0.9401	NA	1	1.7183	Viruses;Duplodnaviria;Heunggongvirae;Uroviricota;Caudoviricetes;;
ERR2726443_18260	7605	No terminal repeats	NA	10	11	0.9400	NA	1	3.2686	Viruses;Monodnaviria;Loebvirae;Hofneiviricota;Faserviricetes;Tubulavirales;Inoviridae
ERR2726443_11709	5107	No terminal repeats	NA	11	11	0.9398	NA	2	4.2469	Viruses;Duplodnaviria;Heunggongvirae;Uroviricota;Caudoviricetes;;
ERR2726443_149574	429	No terminal repeats	NA	1	11	0.9398	NA	1	1.7183	Viruses;Duplodnaviria;Heunggongvirae;Uroviricota;Caudoviricetes;;
ERR2726443_114553	257	No terminal repeats	NA	1	11	0.9395	NA	1	1.7183	Viruses;Duplodnaviria;Heunggongvirae;Uroviricota;Caudoviricetes;;
ERR2726443_23448	1176	No terminal repeats	NA	3	11	0.9393	NA	1	3.4366	Viruses;Duplodnaviria;Heunggongvirae;Uroviricota;Caudoviricetes;;
ERR2726443_208257	229	No terminal repeats	NA	1	11	0.9392	NA	1	1.3273	Viruses;Duplodnaviria;Heunggongvirae;Uroviricota;Caudoviricetes;;
ERR2726443_23354	1667	No terminal repeats	NA	2	11	0.9392	NA	1	3.0034	Viruses;Duplodnaviria;Heunggongvirae;Uroviricota;Caudoviricetes;;
ERR2726443_215466	475	No terminal repeats	NA	1	11	0.9392	NA	1	1.7183	Viruses;Duplodnaviria;Heunggongvirae;Uroviricota;Caudoviricetes;;
ERR2726443_19890	1484	No terminal repeats	NA	2	11	0.9391	NA	1	2.7395	Viruses;Duplodnaviria;Heunggongvirae;Uroviricota;Caudoviricetes;;
ERR2726443_43061	1969	No terminal repeats	NA	4	11	0.9389	NA	1	3.2697	Viruses;Duplodnaviria;Heunggongvirae;Uroviricota;Caudoviricetes;;
ERR2726443_66987	3242	No terminal repeats	NA	4	11	0.9389	NA	0	1.8980	Unclassified
ERR2726443_1822	10454	No terminal repeats	NA	17	11	0.9388	NA	1	8.3582	Viruses;Duplodnaviria;Heunggongvirae;Uroviricota;Caudoviricetes;;
ERR2726443_3126	503	No terminal repeats	NA	2	11	0.9386	NA	2	3.4366	Viruses;Duplodnaviria;Heunggongvirae;Uroviricota;Caudoviricetes;;
ERR2726443_74382	2953	No terminal repeats	NA	7	11	0.9384	NA	0	5.6415	Viruses;Duplodnaviria;Heunggongvirae;Uroviricota;Caudoviricetes;;
ERR2726443_307317	202	No terminal repeats	NA	1	11	0.9382	NA	1	1.7183	Viruses;Duplodnaviria;Heunggongvirae;Uroviricota;Caudoviricetes;;
ERR2726443_71817	433	No terminal repeats	NA	1	11	0.9380	NA	1	1.7183	Viruses;Duplodnaviria;Heunggongvirae;Uroviricota;Caudoviricetes;;
ERR2726443_248014	201	No terminal repeats	NA	1	11	0.9378	NA	1	1.7183	Viruses;Duplodnaviria;Heunggongvirae;Uroviricota;Caudoviricetes;;
ERR2726443_52486	1139	No terminal repeats	NA	2	11	0.9373	NA	1	2.9354	Viruses;Duplodnaviria;Heunggongvirae;Uroviricota;Caudoviricetes;;
ERR2726443_228891	235	No terminal repeats	NA	1	11	0.9368	NA	1	1.4062	Viruses;Duplodnaviria;Heunggongvirae;Uroviricota;Caudoviricetes;;
ERR2726443_154112	369	No terminal repeats	NA	2	11	0.9368	NA	1	2.7718	Viruses;Duplodnaviria;Heunggongvirae;Uroviricota;Caudoviricetes;;
ERR2726443_190560	191	No terminal repeats	NA	1	11	0.9367	NA	1	1.7183	Viruses;Duplodnaviria;Heunggongvirae;Uroviricota;Caudoviricetes;;
ERR2726443_37155	332	No terminal repeats	NA	1	11	0.9366	NA	1	1.7183	Viruses;Duplodnaviria;Heunggongvirae;Uroviricota;Caudoviricetes;;
ERR2726443_362003	178	No terminal repeats	NA	1	11	0.9366	NA	1	1.7183	Viruses;Duplodnaviria;Heunggongvirae;Uroviricota;Caudoviricetes;;
ERR2726443_304239	232	No terminal repeats	NA	1	11	0.9365	NA	1	1.7183	Viruses;Duplodnaviria;Heunggongvirae;Uroviricota;Caudoviricetes;;
ERR2726443_22873	716	No terminal repeats	NA	1	11	0.9364	NA	1	1.7183	Viruses;Duplodnaviria;Heunggongvirae;Uroviricota;Caudoviricetes;;
ERR2726443_130662	306	No terminal repeats	NA	1	11	0.9363	NA	1	1.7183	Viruses;Duplodnaviria;Heunggongvirae;Uroviricota;Caudoviricetes;;
ERR2726443_52325	859	No terminal repeats	NA	1	11	0.9362	NA	1	1.7183	Viruses;Duplodnaviria;Heunggongvirae;Uroviricota;Caudoviricetes;;
ERR2726443_5844	2468	No terminal repeats	NA	4	11	0.9361	NA	2	4.9324	Viruses;Duplodnaviria;Heunggongvirae;Uroviricota;Caudoviricetes;;
ERR2726443_32487	1907	No terminal repeats	NA	3	11	0.9361	NA	1	3.4183	Viruses;Duplodnaviria;Heunggongvirae;Uroviricota;Caudoviricetes;;
ERR2726443_163543	332	No terminal repeats	NA	1	11	0.9359	NA	1	1.5008	Viruses;Duplodnaviria;Heunggongvirae;Uroviricota;Caudoviricetes;;
ERR2726443_11562	5979	No terminal repeats	NA	6	11	0.9356	NA	0	2.9772	Viruses;Duplodnaviria;Heunggongvirae;Uroviricota;Caudoviricetes;;
ERR2726443_174554	163	No terminal repeats	NA	1	11	0.9350	NA	1	1.7183	Viruses;Duplodnaviria;Heunggongvirae;Uroviricota;Caudoviricetes;;
ERR2726443_64261	376	No terminal repeats	NA	2	11	0.9348	NA	2	3.4366	Viruses;Duplodnaviria;Heunggongvirae;Uroviricota;Caudoviricetes;;
ERR2726443_205039	236	No terminal repeats	NA	1	11	0.9341	NA	1	1.7183	Viruses;Duplodnaviria;Heunggongvirae;Uroviricota;Caudoviricetes;;
ERR2726443_42001	335	No terminal repeats	NA	1	11	0.9338	NA	1	1.7183	Viruses;Duplodnaviria;Heunggongvirae;Uroviricota;Caudoviricetes;;
ERR2726443_336954	262	No terminal repeats	NA	1	11	0.9336	NA	1	1.7183	Viruses;Duplodnaviria;Heunggongvirae;Uroviricota;Caudoviricetes;;
ERR2726443_347690	254	No terminal repeats	NA	2	11	0.9335	NA	1	1.7183	Viruses;Duplodnaviria;Heunggongvirae;Uroviricota;Caudoviricetes;;
ERR2726443_163008	939	No terminal repeats	NA	1	11	0.9334	NA	1	1.0886	Viruses;Duplodnaviria;Heunggongvirae;Uroviricota;Caudoviricetes;;
ERR2726443_35174	3768	No terminal repeats	NA	9	11	0.9333	NA	0	2.8926	Viruses;Duplodnaviria;Heunggongvirae;Uroviricota;Caudoviricetes;;
ERR2726443_184845	198	No terminal repeats	NA	1	4	0.9327	NA	1	1.7183	Viruses;Duplodnaviria;Heunggongvirae;Uroviricota;Caudoviricetes;;
ERR2726443_154967	437	No terminal repeats	NA	1	11	0.9326	NA	1	1.7160	Viruses;Duplodnaviria;Heunggongvirae;Uroviricota;Caudoviricetes;;
ERR2726443_1014	1260	No terminal repeats	NA	2	11	0.9326	NA	1	1.7183	Viruses;Duplodnaviria;Heunggongvirae;Uroviricota;Caudoviricetes;;
ERR2726443_273855	178	No terminal repeats	NA	2	11	0.9322	NA	1	3.4366	Viruses;Duplodnaviria;Heunggongvirae;Uroviricota;Caudoviricetes;;
ERR2726443_33339	9372	No terminal repeats	NA	13	11	0.9322	NA	0	6.3880	Viruses;Duplodnaviria;Heunggongvirae;Uroviricota;Caudoviricetes;;
ERR2726443_80911	549	No terminal repeats	NA	1	11	0.9321	NA	1	1.7183	Viruses;Duplodnaviria;Heunggongvirae;Uroviricota;Caudoviricetes;;
ERR2726443_219147	335	No terminal repeats	NA	1	11	0.9320	NA	1	1.7183	Viruses;Duplodnaviria;Heunggongvirae;Uroviricota;Caudoviricetes;;
ERR2726443_94627	232	No terminal repeats	NA	1	11	0.9320	NA	1	1.7183	Viruses;Duplodnaviria;Heunggongvirae;Uroviricota;Caudoviricetes;;
ERR2726443_52136	236	No terminal repeats	NA	1	11	0.9316	NA	1	1.3468	Viruses;Duplodnaviria;Heunggongvirae;Uroviricota;Caudoviricetes;;
ERR2726443_323226	221	No terminal repeats	NA	1	11	0.9315	NA	1	1.3308	Viruses;Duplodnaviria;Heunggongvirae;Uroviricota;Caudoviricetes;;
ERR2726443_159854	358	No terminal repeats	NA	1	11	0.9314	NA	1	1.4867	Viruses;Duplodnaviria;Heunggongvirae;Uroviricota;Caudoviricetes;;
ERR2726443_8734	322	No terminal repeats	NA	1	11	0.9312	NA	1	1.7183	Viruses;Duplodnaviria;Heunggongvirae;Uroviricota;Caudoviricetes;;
ERR2726443_43488	2589	No terminal repeats	NA	2	11	0.9310	NA	0	1.2381	Viruses;Duplodnaviria;Heunggongvirae;Uroviricota;Caudoviricetes;;
ERR2726443_246381	203	No terminal repeats	NA	1	11	0.9310	NA	1	1.4698	Viruses;Duplodnaviria;Heunggongvirae;Uroviricota;Caudoviricetes;;
ERR2726443_356541	149	No terminal repeats	NA	1	11	0.9310	NA	1	1.7183	Viruses;Duplodnaviria;Heunggongvirae;Uroviricota;Caudoviricetes;;
ERR2726443_170206	180	No terminal repeats	NA	1	11	0.9307	NA	1	1.3528	Viruses;Duplodnaviria;Heunggongvirae;Uroviricota;Caudoviricetes;;
ERR2726443_294581	196	No terminal repeats	NA	1	11	0.9306	NA	1	1.7183	Viruses;Duplodnaviria;Heunggongvirae;Uroviricota;Caudoviricetes;;
ERR2726443_208263	412	No terminal repeats	NA	1	11	0.9305	NA	1	1.7183	Viruses;Duplodnaviria;Heunggongvirae;Uroviricota;Caudoviricetes;;
ERR2726443_82762	908	No terminal repeats	NA	1	11	0.9299	NA	1	1.1823	Viruses;Duplodnaviria;Heunggongvirae;Uroviricota;Caudoviricetes;;
ERR2726443_154964	402	No terminal repeats	NA	2	11	0.9289	NA	1	1.3950	Viruses;Duplodnaviria;Heunggongvirae;Uroviricota;Caudoviricetes;;
ERR2726443_33848	2326	No terminal repeats	NA	3	11	0.9289	NA	1	2.2115	Viruses;Duplodnaviria;Heunggongvirae;Uroviricota;Caudoviricetes;;
ERR2726443_154073	253	No terminal repeats	NA	1	11	0.9285	NA	1	1.6517	Viruses;Duplodnaviria;Heunggongvirae;Uroviricota;Caudoviricetes;;
ERR2726443_4864	2592	No terminal repeats	NA	1	11	0.9283	NA	0	1.7183	Viruses;Duplodnaviria;Heunggongvirae;Uroviricota;Caudoviricetes;;
ERR2726443_101427	718	No terminal repeats	NA	1	11	0.9283	NA	1	1.7183	Viruses;Duplodnaviria;Heunggongvirae;Uroviricota;Caudoviricetes;;
ERR2726443_59964	366	No terminal repeats	NA	1	11	0.9281	NA	1	1.7183	Viruses;Duplodnaviria;Heunggongvirae;Uroviricota;Caudoviricetes;;
ERR2726443_34133	6095	No terminal repeats	NA	10	11	0.9281	NA	1	5.1548	Viruses;Duplodnaviria;Heunggongvirae;Uroviricota;Caudoviricetes;;
ERR2726443_100868	194	No terminal repeats	NA	1	11	0.9280	NA	1	1.7183	Viruses;Duplodnaviria;Heunggongvirae;Uroviricota;Caudoviricetes;;
ERR2726443_3533	2616	No terminal repeats	NA	3	11	0.9279	NA	1	1.5132	Viruses;Duplodnaviria;Heunggongvirae;Uroviricota;Caudoviricetes;;
ERR2726443_232610	515	No terminal repeats	NA	1	11	0.9279	NA	1	1.7183	Viruses;Duplodnaviria;Heunggongvirae;Uroviricota;Caudoviricetes;;
ERR2726443_178688	164	No terminal repeats	NA	1	11	0.9275	NA	1	1.7183	Viruses;Duplodnaviria;Heunggongvirae;Uroviricota;Caudoviricetes;;
ERR2726443_209835	628	No terminal repeats	NA	2	11	0.9275	NA	1	3.4255	Viruses;Duplodnaviria;Heunggongvirae;Uroviricota;Caudoviricetes;;
ERR2726443_123845	333	No terminal repeats	NA	1	11	0.9274	NA	1	1.7183	Viruses;Duplodnaviria;Heunggongvirae;Uroviricota;Caudoviricetes;;
ERR2726443_147446	375	No terminal repeats	NA	1	11	0.9272	NA	1	1.2865	Viruses;Duplodnaviria;Heunggongvirae;Uroviricota;Caudoviricetes;;
ERR2726443_206091	225	No terminal repeats	NA	1	11	0.9270	NA	1	1.7183	Unclassified
ERR2726443_333923	101	No terminal repeats	NA	1	11	0.9269	NA	1	1.7183	Viruses;Duplodnaviria;Heunggongvirae;Uroviricota;Caudoviricetes;;
ERR2726443_10503	3025	No terminal repeats	NA	5	11	0.9267	NA	0	4.4170	Viruses;Duplodnaviria;Heunggongvirae;Uroviricota;Caudoviricetes;;
ERR2726443_34990	739	No terminal repeats	NA	1	11	0.9267	NA	1	1.7183	Viruses;Duplodnaviria;Heunggongvirae;Uroviricota;Caudoviricetes;;
ERR2726443_75931	3890	No terminal repeats	NA	3	11	0.9259	NA	1	2.8641	Viruses;Duplodnaviria;Heunggongvirae;Uroviricota;Caudoviricetes;;
ERR2726443_294352	159	No terminal repeats	NA	1	11	0.9257	NA	1	1.7183	Viruses;Duplodnaviria;Heunggongvirae;Uroviricota;Caudoviricetes;;
ERR2726443_150288	192	No terminal repeats	NA	1	11	0.9257	NA	1	1.3815	Viruses;Duplodnaviria;Heunggongvirae;Uroviricota;Caudoviricetes;;
ERR2726443_31521	590	No terminal repeats	NA	1	11	0.9256	NA	1	1.7183	Viruses;Duplodnaviria;Heunggongvirae;Uroviricota;Caudoviricetes;;
ERR2726443_280741	232	No terminal repeats	NA	2	11	0.9256	NA	1	1.7183	Viruses;Duplodnaviria;Heunggongvirae;Uroviricota;Caudoviricetes;;
ERR2726443_28089	890	No terminal repeats	NA	1	11	0.9255	NA	1	1.5115	Viruses;Duplodnaviria;Heunggongvirae;Uroviricota;Caudoviricetes;;
ERR2726443_241265	277	No terminal repeats	NA	1	11	0.9255	NA	1	1.7183	Viruses;Duplodnaviria;Heunggongvirae;Uroviricota;Caudoviricetes;;
ERR2726443_384459	196	No terminal repeats	NA	1	11	0.9254	NA	1	1.7183	Viruses;Duplodnaviria;Heunggongvirae;Uroviricota;Caudoviricetes;;
ERR2726443_209125	339	No terminal repeats	NA	1	11	0.9253	NA	1	1.5252	Viruses;Duplodnaviria;Heunggongvirae;Uroviricota;Caudoviricetes;;
ERR2726443_249925	305	No terminal repeats	NA	1	11	0.9253	NA	1	1.7183	Viruses;Duplodnaviria;Heunggongvirae;Uroviricota;Caudoviricetes;;
ERR2726443_250459	356	No terminal repeats	NA	2	11	0.9253	NA	1	1.7183	Viruses;Duplodnaviria;Heunggongvirae;Uroviricota;Caudoviricetes;Crassvirales;Suoliviridae
ERR2726443_55141	1636	No terminal repeats	NA	3	11	0.9248	NA	2	3.4366	Viruses;Duplodnaviria;Heunggongvirae;Uroviricota;Caudoviricetes;;
ERR2726443_228901	235	No terminal repeats	NA	1	11	0.9246	NA	1	1.4062	Viruses;Duplodnaviria;Heunggongvirae;Uroviricota;Caudoviricetes;;
ERR2726443_62269	439	No terminal repeats	NA	1	11	0.9245	NA	1	1.3729	Viruses;Duplodnaviria;Heunggongvirae;Uroviricota;Caudoviricetes;;
ERR2726443_125441	598	No terminal repeats	NA	1	11	0.9245	NA	1	1.4679	Viruses;Duplodnaviria;Heunggongvirae;Uroviricota;Caudoviricetes;;
ERR2726443_140862	527	No terminal repeats	NA	1	11	0.9244	NA	1	1.7183	Viruses;Duplodnaviria;Heunggongvirae;Uroviricota;Caudoviricetes;;
ERR2726443_187724	423	No terminal repeats	NA	1	11	0.9243	NA	1	1.4894	Viruses;Duplodnaviria;Heunggongvirae;Uroviricota;Caudoviricetes;;
ERR2726443_31142	213	No terminal repeats	NA	1	11	0.9241	NA	1	1.7183	Viruses;Duplodnaviria;Heunggongvirae;Uroviricota;Caudoviricetes;;
ERR2726443_16046	224	No terminal repeats	NA	1	11	0.9241	NA	1	1.7183	Viruses;Duplodnaviria;Heunggongvirae;Uroviricota;Caudoviricetes;;
ERR2726443_39519	3581	No terminal repeats	NA	5	11	0.9240	NA	0	3.2592	Viruses;Duplodnaviria;Heunggongvirae;Uroviricota;Caudoviricetes;;
ERR2726443_86380	346	No terminal repeats	NA	1	11	0.9236	NA	1	1.5240	Viruses;Duplodnaviria;Heunggongvirae;Uroviricota;Caudoviricetes;;
ERR2726443_6189	4828	No terminal repeats	NA	9	11	0.9231	NA	2	6.5122	Viruses;Monodnaviria;Loebvirae;Hofneiviricota;Faserviricetes;Tubulavirales;Inoviridae
ERR2726443_140936	485	No terminal repeats	NA	1	11	0.9230	NA	1	1.5606	Viruses;Duplodnaviria;Heunggongvirae;Uroviricota;Caudoviricetes;;
ERR2726443_204804	293	No terminal repeats	NA	2	11	0.9230	NA	1	3.4216	Viruses;Duplodnaviria;Heunggongvirae;Uroviricota;Caudoviricetes;;
ERR2726443_335494	401	No terminal repeats	NA	2	11	0.9226	NA	1	1.7183	Viruses;Duplodnaviria;Heunggongvirae;Uroviricota;Caudoviricetes;;
ERR2726443_135982	341	No terminal repeats	NA	1	11	0.9225	NA	1	1.7183	Viruses;Duplodnaviria;Heunggongvirae;Uroviricota;Caudoviricetes;;
ERR2726443_73407	203	No terminal repeats	NA	1	11	0.9225	NA	1	1.7183	Viruses;Duplodnaviria;Heunggongvirae;Uroviricota;Caudoviricetes;;
ERR2726443_248548	184	No terminal repeats	NA	1	11	0.9222	NA	1	1.7183	Unclassified
ERR2726443_282206	211	No terminal repeats	NA	1	4	0.9219	NA	1	1.7183	Viruses;Duplodnaviria;Heunggongvirae;Uroviricota;Caudoviricetes;;
ERR2726443_158509	151	No terminal repeats	NA	1	15	0.9218	NA	1	1.7183	Viruses;Duplodnaviria;Heunggongvirae;Uroviricota;Caudoviricetes;;
ERR2726443_124990	356	No terminal repeats	NA	1	11	0.9218	NA	1	1.5137	Viruses;Duplodnaviria;Heunggongvirae;Uroviricota;Caudoviricetes;;
ERR2726443_7082	3969	No terminal repeats	NA	6	11	0.9215	NA	1	2.4893	Viruses;Monodnaviria;Loebvirae;Hofneiviricota;Faserviricetes;Tubulavirales;Paulinoviridae
ERR2726443_207157	1281	No terminal repeats	NA	4	11	0.9212	NA	1	4.2282	Viruses;Duplodnaviria;Heunggongvirae;Uroviricota;Caudoviricetes;;
ERR2726443_331482	369	No terminal repeats	NA	2	11	0.9209	NA	1	1.7183	Viruses;Duplodnaviria;Heunggongvirae;Uroviricota;Caudoviricetes;;
ERR2726443_99536	330	No terminal repeats	NA	1	11	0.9206	NA	1	1.7183	Viruses;Duplodnaviria;Heunggongvirae;Uroviricota;Caudoviricetes;;
ERR2726443_279786	282	No terminal repeats	NA	1	11	0.9202	NA	1	1.1825	Viruses;Duplodnaviria;Heunggongvirae;Uroviricota;Caudoviricetes;;
ERR2726443_61247	1027	No terminal repeats	NA	1	11	0.9200	NA	1	1.7183	Viruses;Duplodnaviria;Heunggongvirae;Uroviricota;Caudoviricetes;;
ERR2726443_99390	305	No terminal repeats	NA	1	11	0.9198	NA	1	1.7183	Viruses;Duplodnaviria;Heunggongvirae;Uroviricota;Caudoviricetes;;
ERR2726443_17507	5095	No terminal repeats	NA	7	11	0.9196	NA	2	5.1338	Viruses;Duplodnaviria;Heunggongvirae;Uroviricota;Caudoviricetes;;
ERR2726443_33246	7392	No terminal repeats	NA	7	11	0.9193	NA	0	2.8417	Viruses;Duplodnaviria;Heunggongvirae;Uroviricota;Caudoviricetes;;
ERR2726443_192462	569	No terminal repeats	NA	2	11	0.9192	NA	1	1.1825	Viruses;Duplodnaviria;Heunggongvirae;Uroviricota;Caudoviricetes;;
ERR2726443_6093	30174	No terminal repeats	NA	42	11	0.9190	NA	0	3.7722	Viruses;Duplodnaviria;Heunggongvirae;Uroviricota;Caudoviricetes;;
ERR2726443_70156	4042	No terminal repeats	NA	8	11	0.9190	NA	1	5.5428	Viruses;Duplodnaviria;Heunggongvirae;Uroviricota;Caudoviricetes;;
ERR2726443_133194	527	No terminal repeats	NA	2	11	0.9185	NA	1	3.3954	Viruses;Duplodnaviria;Heunggongvirae;Uroviricota;Caudoviricetes;;
ERR2726443_355126	197	No terminal repeats	NA	1	11	0.9184	NA	1	1.7183	Viruses;Duplodnaviria;Heunggongvirae;Uroviricota;Caudoviricetes;;
ERR2726443_11015	2653	No terminal repeats	NA	3	11	0.9182	NA	0	2.6486	Viruses;Duplodnaviria;Heunggongvirae;Uroviricota;Caudoviricetes;;
ERR2726443_175495	718	No terminal repeats	NA	1	11	0.9181	NA	1	1.0831	Viruses;Duplodnaviria;Heunggongvirae;Uroviricota;Caudoviricetes;;
ERR2726443_107363	579	No terminal repeats	NA	3	11	0.9180	NA	1	2.7895	Viruses;Duplodnaviria;Heunggongvirae;Uroviricota;Caudoviricetes;;
ERR2726443_67009	446	No terminal repeats	NA	1	11	0.9179	NA	1	1.4679	Viruses;Duplodnaviria;Heunggongvirae;Uroviricota;Caudoviricetes;;
ERR2726443_382561	195	No terminal repeats	NA	1	11	0.9178	NA	1	1.7183	Viruses;Duplodnaviria;Heunggongvirae;Uroviricota;Caudoviricetes;;
ERR2726443_66950	1121	No terminal repeats	NA	2	11	0.9177	NA	1	1.7183	Viruses;Duplodnaviria;Heunggongvirae;Uroviricota;Caudoviricetes;;
ERR2726443_4865	1757	No terminal repeats	NA	4	11	0.9175	NA	1	5.1548	Viruses;Duplodnaviria;Heunggongvirae;Uroviricota;Caudoviricetes;;
ERR2726443_24914	3699	No terminal repeats	NA	7	11	0.9175	NA	1	3.4366	Viruses;Monodnaviria;Loebvirae;Hofneiviricota;Faserviricetes;Tubulavirales;Inoviridae
ERR2726443_48545	2085	No terminal repeats	NA	5	11	0.9172	NA	1	4.1769	Viruses;Duplodnaviria;Heunggongvirae;Uroviricota;Caudoviricetes;;
ERR2726443_66534	939	No terminal repeats	NA	2	11	0.9172	NA	1	1.5289	Viruses;Duplodnaviria;Heunggongvirae;Uroviricota;Caudoviricetes;;
ERR2726443_49351	271	No terminal repeats	NA	2	11	0.9172	NA	2	3.4366	Viruses;Duplodnaviria;Heunggongvirae;Uroviricota;Caudoviricetes;;
ERR2726443_44265	2714	No terminal repeats	NA	4	11	0.9171	NA	0	1.7183	Viruses;Duplodnaviria;Heunggongvirae;Uroviricota;Caudoviricetes;;
ERR2726443_116275	667	No terminal repeats	NA	2	11	0.9171	NA	1	3.0554	Viruses;Duplodnaviria;Heunggongvirae;Uroviricota;Caudoviricetes;;
ERR2726443_84818	321	No terminal repeats	NA	2	11	0.9169	NA	1	1.7183	Viruses;Duplodnaviria;Heunggongvirae;Uroviricota;Caudoviricetes;;
ERR2726443_69117	524	No terminal repeats	NA	1	11	0.9169	NA	1	1.4877	Viruses;Duplodnaviria;Heunggongvirae;Uroviricota;Caudoviricetes;;
ERR2726443_226118	287	No terminal repeats	NA	2	11	0.9169	NA	1	1.3993	Viruses;Duplodnaviria;Heunggongvirae;Uroviricota;Caudoviricetes;;
ERR2726443_279416	373	No terminal repeats	NA	1	11	0.9166	NA	1	1.2470	Viruses;Duplodnaviria;Heunggongvirae;Uroviricota;Caudoviricetes;;
ERR2726443_125968	846	No terminal repeats	NA	2	11	0.9166	NA	2	2.9357	Viruses;Duplodnaviria;Heunggongvirae;Uroviricota;Caudoviricetes;;
ERR2726443_75036	261	No terminal repeats	NA	1	11	0.9165	NA	1	1.7183	Viruses;Duplodnaviria;Heunggongvirae;Uroviricota;Caudoviricetes;;
ERR2726443_2749	756	No terminal repeats	NA	2	11	0.9163	NA	1	1.4136	Viruses;Duplodnaviria;Heunggongvirae;Uroviricota;Caudoviricetes;;
ERR2726443_301840	170	No terminal repeats	NA	1	11	0.9159	NA	1	1.3993	Viruses;Duplodnaviria;Heunggongvirae;Uroviricota;Caudoviricetes;;
ERR2726443_88814	2630	No terminal repeats	NA	5	11	0.9155	NA	0	1.6991	Viruses;Duplodnaviria;Heunggongvirae;Uroviricota;Caudoviricetes;;
ERR2726443_236450	403	No terminal repeats	NA	1	11	0.9154	NA	1	1.2171	Viruses;Duplodnaviria;Heunggongvirae;Uroviricota;Caudoviricetes;;
ERR2726443_241374	366	No terminal repeats	NA	1	11	0.9153	NA	1	1.7183	Viruses;Duplodnaviria;Heunggongvirae;Uroviricota;Caudoviricetes;;
ERR2726443_66116	272	No terminal repeats	NA	2	11	0.9152	NA	1	1.7183	Viruses;Duplodnaviria;Heunggongvirae;Uroviricota;Caudoviricetes;;
ERR2726443_51543	696	No terminal repeats	NA	1	11	0.9150	NA	1	1.2856	Viruses;Duplodnaviria;Heunggongvirae;Uroviricota;Caudoviricetes;;
ERR2726443_83290	241	No terminal repeats	NA	1	11	0.9149	NA	1	1.7183	Viruses;Duplodnaviria;Heunggongvirae;Uroviricota;Caudoviricetes;;
ERR2726443_14511	1943	No terminal repeats	NA	6	11	0.9148	NA	1	3.5673	Viruses;Duplodnaviria;Heunggongvirae;Uroviricota;Caudoviricetes;;
ERR2726443_245940	340	No terminal repeats	NA	1	11	0.9145	NA	1	1.3949	Viruses;Duplodnaviria;Heunggongvirae;Uroviricota;Caudoviricetes;;
ERR2726443_116782	846	No terminal repeats	NA	2	11	0.9142	NA	2	3.2688	Viruses;Duplodnaviria;Heunggongvirae;Uroviricota;Caudoviricetes;;
ERR2726443_143597	916	No terminal repeats	NA	2	11	0.9139	NA	2	2.8252	Viruses;Duplodnaviria;Heunggongvirae;Uroviricota;Caudoviricetes;;
ERR2726443_120691	734	No terminal repeats	NA	2	11	0.9136	NA	2	3.4366	Viruses;Duplodnaviria;Heunggongvirae;Uroviricota;Caudoviricetes;;
ERR2726443_10566	3779	No terminal repeats	NA	7	11	0.9135	NA	0	1.3306	Viruses;Duplodnaviria;Heunggongvirae;Uroviricota;Caudoviricetes;;
ERR2726443_68057	625	No terminal repeats	NA	1	11	0.9134	NA	1	1.1892	Viruses;Duplodnaviria;Heunggongvirae;Uroviricota;Caudoviricetes;;
ERR2726443_28158	1982	No terminal repeats	NA	1	11	0.9131	NA	1	1.7183	Viruses;Duplodnaviria;Heunggongvirae;Uroviricota;Caudoviricetes;;
ERR2726443_43965	307	No terminal repeats	NA	1	11	0.9127	NA	1	1.7183	Viruses;Duplodnaviria;Heunggongvirae;Uroviricota;Caudoviricetes;;
ERR2726443_327933	222	No terminal repeats	NA	1	11	0.9123	NA	1	1.7183	Viruses;Duplodnaviria;Heunggongvirae;Uroviricota;Caudoviricetes;;
ERR2726443_32766	1595	No terminal repeats	NA	2	11	0.9121	NA	2	3.0507	Viruses;Duplodnaviria;Heunggongvirae;Uroviricota;Caudoviricetes;;
ERR2726443_186099	406	No terminal repeats	NA	2	11	0.9120	NA	1	1.4828	Viruses;Duplodnaviria;Heunggongvirae;Uroviricota;Caudoviricetes;;
ERR2726443_138946	1843	No terminal repeats	NA	3	11	0.9120	NA	1	3.1540	Viruses;Duplodnaviria;Heunggongvirae;Uroviricota;Caudoviricetes;;
ERR2726443_28962	623	No terminal repeats	NA	2	11	0.9117	NA	1	3.4345	Viruses;Duplodnaviria;Heunggongvirae;Uroviricota;Caudoviricetes;;
ERR2726443_225004	438	No terminal repeats	NA	2	11	0.9116	NA	1	1.7183	Viruses;Duplodnaviria;Heunggongvirae;Uroviricota;Caudoviricetes;;
ERR2726443_246936	201	No terminal repeats	NA	1	11	0.9113	NA	1	0.9967	Viruses;Monodnaviria;Loebvirae;Hofneiviricota;Faserviricetes;Tubulavirales;Inoviridae
ERR2726443_65942	8812	No terminal repeats	NA	9	11	0.9103	NA	0	3.4366	Viruses;Duplodnaviria;Heunggongvirae;Uroviricota;Caudoviricetes;;
ERR2726443_56358	2611	No terminal repeats	NA	4	11	0.9102	NA	1	3.6222	Viruses;Duplodnaviria;Heunggongvirae;Uroviricota;Caudoviricetes;;
ERR2726443_434416	98	No terminal repeats	NA	1	11	0.9098	NA	1	1.7160	Viruses;Duplodnaviria;Heunggongvirae;Uroviricota;Caudoviricetes;;
ERR2726443_228371	252	No terminal repeats	NA	1	11	0.9098	NA	1	1.7183	Viruses;Duplodnaviria;Heunggongvirae;Uroviricota;Caudoviricetes;;
ERR2726443_264296	290	No terminal repeats	NA	1	11	0.9097	NA	1	1.3345	Viruses;Duplodnaviria;Heunggongvirae;Uroviricota;Caudoviricetes;;
ERR2726443_123481	1285	No terminal repeats	NA	2	11	0.9093	NA	1	3.2070	Viruses;Duplodnaviria;Heunggongvirae;Uroviricota;Caudoviricetes;;
ERR2726443_32533	901	No terminal repeats	NA	1	11	0.9093	NA	1	1.7183	Viruses;Duplodnaviria;Heunggongvirae;Uroviricota;Caudoviricetes;;
ERR2726443_264942	304	No terminal repeats	NA	1	11	0.9093	NA	1	1.3983	Viruses;Duplodnaviria;Heunggongvirae;Uroviricota;Caudoviricetes;;
ERR2726443_42256	388	No terminal repeats	NA	2	11	0.9092	NA	1	1.0388	Viruses;Duplodnaviria;Heunggongvirae;Uroviricota;Caudoviricetes;;
ERR2726443_93829	461	No terminal repeats	NA	1	11	0.9092	NA	1	1.5008	Viruses;Duplodnaviria;Heunggongvirae;Uroviricota;Caudoviricetes;;
ERR2726443_169994	178	No terminal repeats	NA	1	11	0.9086	NA	1	1.4287	Viruses;Duplodnaviria;Heunggongvirae;Uroviricota;Caudoviricetes;;
ERR2726443_16660	179	No terminal repeats	NA	1	11	0.9085	NA	1	1.3824	Viruses;Duplodnaviria;Heunggongvirae;Uroviricota;Caudoviricetes;;
ERR2726443_156120	276	No terminal repeats	NA	1	11	0.9084	NA	1	1.7183	Viruses;Duplodnaviria;Heunggongvirae;Uroviricota;Caudoviricetes;;
ERR2726443_74234	1215	No terminal repeats	NA	2	11	0.9082	NA	2	3.0039	Viruses;Duplodnaviria;Heunggongvirae;Uroviricota;Caudoviricetes;;
ERR2726443_55679	1475	No terminal repeats	NA	3	11	0.9080	NA	1	3.4183	Viruses;Duplodnaviria;Heunggongvirae;Uroviricota;Caudoviricetes;;
ERR2726443_104114	355	No terminal repeats	NA	1	11	0.9079	NA	1	1.3729	Viruses;Duplodnaviria;Heunggongvirae;Uroviricota;Caudoviricetes;;
ERR2726443_376176	596	No terminal repeats	NA	2	11	0.9075	NA	2	3.0271	Viruses;Duplodnaviria;Heunggongvirae;Uroviricota;Caudoviricetes;;
ERR2726443_230866	175	No terminal repeats	NA	1	11	0.9073	NA	1	1.3993	Viruses;Duplodnaviria;Heunggongvirae;Uroviricota;Caudoviricetes;;
ERR2726443_144794	665	No terminal repeats	NA	2	11	0.9071	NA	1	1.7183	Viruses;Duplodnaviria;Heunggongvirae;Uroviricota;Caudoviricetes;;
ERR2726443_137732	1045	No terminal repeats	NA	1	11	0.9070	NA	1	1.2881	Viruses;Duplodnaviria;Heunggongvirae;Uroviricota;Caudoviricetes;;
ERR2726443_195754	236	No terminal repeats	NA	2	11	0.9065	NA	1	1.7183	Viruses;Duplodnaviria;Heunggongvirae;Uroviricota;Caudoviricetes;;
ERR2726443_287914	867	No terminal repeats	NA	2	11	0.9065	NA	1	3.4112	Viruses;Duplodnaviria;Heunggongvirae;Uroviricota;Caudoviricetes;;
ERR2726443_38201	2304	No terminal repeats	NA	4	11	0.9062	NA	1	2.6611	Viruses;Duplodnaviria;Heunggongvirae;Uroviricota;Caudoviricetes;;
ERR2726443_40908	1510	No terminal repeats	NA	2	11	0.9061	NA	1	1.3729	Viruses;Duplodnaviria;Heunggongvirae;Uroviricota;Caudoviricetes;;
ERR2726443_108577	829	No terminal repeats	NA	2	11	0.9061	NA	1	1.7183	Viruses;Duplodnaviria;Heunggongvirae;Uroviricota;Caudoviricetes;;
ERR2726443_370715	204	No terminal repeats	NA	1	11	0.9060	NA	1	1.1825	Viruses;Duplodnaviria;Heunggongvirae;Uroviricota;Caudoviricetes;;
ERR2726443_229112	172	No terminal repeats	NA	2	11	0.9059	NA	1	1.2131	Viruses;Duplodnaviria;Heunggongvirae;Uroviricota;Caudoviricetes;;
ERR2726443_317908	171	No terminal repeats	NA	1	11	0.9056	NA	1	1.3410	Viruses;Duplodnaviria;Heunggongvirae;Uroviricota;Caudoviricetes;;
ERR2726443_11675	3497	No terminal repeats	NA	6	11	0.9051	NA	2	8.5616	Viruses;Duplodnaviria;Heunggongvirae;Uroviricota;Caudoviricetes;;
ERR2726443_85706	696	No terminal repeats	NA	2	11	0.9049	NA	2	3.4366	Viruses;Duplodnaviria;Heunggongvirae;Uroviricota;Caudoviricetes;;
ERR2726443_186530	220	No terminal repeats	NA	1	11	0.9045	NA	1	1.7183	Viruses;Duplodnaviria;Heunggongvirae;Uroviricota;Caudoviricetes;;
ERR2726443_32012	766	No terminal repeats	NA	2	11	0.9043	NA	1	1.5032	Viruses;Duplodnaviria;Heunggongvirae;Uroviricota;Caudoviricetes;;
ERR2726443_14849	1233	No terminal repeats	NA	1	11	0.9043	NA	1	1.2268	Viruses;Duplodnaviria;Heunggongvirae;Uroviricota;Caudoviricetes;;
ERR2726443_16920	1663	No terminal repeats	NA	2	11	0.9043	NA	1	2.7775	Viruses;Duplodnaviria;Heunggongvirae;Uroviricota;Caudoviricetes;;
ERR2726443_12599	478	No terminal repeats	NA	2	11	0.9042	NA	1	1.3790	Viruses;Duplodnaviria;Heunggongvirae;Uroviricota;Caudoviricetes;;
ERR2726443_55569	3107	No terminal repeats	NA	4	11	0.9041	NA	1	1.2792	Viruses;Duplodnaviria;Heunggongvirae;Uroviricota;Caudoviricetes;;
ERR2726443_190771	211	No terminal repeats	NA	1	11	0.9040	NA	1	1.7183	Viruses;Duplodnaviria;Heunggongvirae;Uroviricota;Caudoviricetes;;
ERR2726443_259467	180	No terminal repeats	NA	1	11	0.9039	NA	1	1.2865	Viruses;Duplodnaviria;Heunggongvirae;Uroviricota;Caudoviricetes;;
ERR2726443_270134	163	No terminal repeats	NA	1	15	0.9039	NA	1	1.7160	Viruses;Duplodnaviria;Heunggongvirae;Uroviricota;Caudoviricetes;;
ERR2726443_109774	303	No terminal repeats	NA	1	11	0.9039	NA	1	1.2865	Viruses;Duplodnaviria;Heunggongvirae;Uroviricota;Caudoviricetes;;
ERR2726443_218219	285	No terminal repeats	NA	2	11	0.9037	NA	1	1.4339	Viruses;Duplodnaviria;Heunggongvirae;Uroviricota;Caudoviricetes;;
ERR2726443_66162	277	No terminal repeats	NA	2	11	0.9036	NA	1	1.7183	Viruses;Duplodnaviria;Heunggongvirae;Uroviricota;Caudoviricetes;;
ERR2726443_47278	625	No terminal repeats	NA	1	11	0.9034	NA	1	1.7183	Viruses;Duplodnaviria;Heunggongvirae;Uroviricota;Caudoviricetes;;
ERR2726443_7007	12206	No terminal repeats	NA	11	11	0.9033	NA	1	5.6818	Viruses;Duplodnaviria;Heunggongvirae;Uroviricota;Caudoviricetes;;
ERR2726443_7646	3342	No terminal repeats	NA	7	11	0.9030	NA	0	1.7183	Viruses;Duplodnaviria;Heunggongvirae;Uroviricota;Caudoviricetes;;
ERR2726443_333220	270	No terminal repeats	NA	1	11	0.9029	NA	1	1.7183	Viruses;Duplodnaviria;Heunggongvirae;Uroviricota;Caudoviricetes;;
ERR2726443_126302	746	No terminal repeats	NA	2	11	0.9023	NA	1	3.4255	Viruses;Duplodnaviria;Heunggongvirae;Uroviricota;Caudoviricetes;;
ERR2726443_105629	285	No terminal repeats	NA	1	11	0.9023	NA	1	1.4188	Viruses;Monodnaviria;Loebvirae;Hofneiviricota;Faserviricetes;Tubulavirales;Inoviridae
ERR2726443_137606	197	No terminal repeats	NA	1	11	0.9020	NA	1	1.2610	Viruses;Duplodnaviria;Heunggongvirae;Uroviricota;Caudoviricetes;;
ERR2726443_105685	2531	No terminal repeats	NA	4	11	0.9020	NA	0	2.5402	Viruses;Duplodnaviria;Heunggongvirae;Uroviricota;Caudoviricetes;;
ERR2726443_133220	540	No terminal repeats	NA	2	11	0.9020	NA	1	1.7183	Viruses;Duplodnaviria;Heunggongvirae;Uroviricota;Caudoviricetes;;
ERR2726443_126118	493	No terminal repeats	NA	1	11	0.9019	NA	1	1.7183	Viruses;Duplodnaviria;Heunggongvirae;Uroviricota;Caudoviricetes;;
ERR2726443_77320	1640	No terminal repeats	NA	2	11	0.9018	NA	1	1.4920	Viruses;Duplodnaviria;Heunggongvirae;Uroviricota;Caudoviricetes;;
ERR2726443_139729	441	No terminal repeats	NA	1	11	0.9014	NA	1	1.3363	Viruses;Duplodnaviria;Heunggongvirae;Uroviricota;Caudoviricetes;;
ERR2726443_394174	387	No terminal repeats	NA	1	11	0.9014	NA	1	1.7183	Viruses;Duplodnaviria;Heunggongvirae;Uroviricota;Caudoviricetes;;
ERR2726443_90836	428	No terminal repeats	NA	2	11	0.9012	NA	1	1.7183	Viruses;Duplodnaviria;Heunggongvirae;Uroviricota;Caudoviricetes;;
ERR2726443_70610	3214	No terminal repeats	NA	4	11	0.9012	NA	0	3.4036	Viruses;Duplodnaviria;Heunggongvirae;Uroviricota;Caudoviricetes;;
ERR2726443_124543	468	No terminal repeats	NA	2	11	0.9009	NA	1	2.7685	Viruses;Duplodnaviria;Heunggongvirae;Uroviricota;Caudoviricetes;;
ERR2726443_102318	255	No terminal repeats	NA	1	15	0.9007	NA	1	1.3760	Viruses;Duplodnaviria;Heunggongvirae;Uroviricota;Caudoviricetes;;
ERR2726443_174595	395	No terminal repeats	NA	1	11	0.9001	NA	1	1.7122	Viruses;Duplodnaviria;Heunggongvirae;Uroviricota;Caudoviricetes;;
ERR2726443_152302	438	No terminal repeats	NA	1	11	0.8998	NA	1	1.7183	Viruses;Duplodnaviria;Heunggongvirae;Uroviricota;Caudoviricetes;;
ERR2726443_41903	1988	No terminal repeats	NA	3	11	0.8994	NA	1	1.7183	Viruses;Duplodnaviria;Heunggongvirae;Uroviricota;Caudoviricetes;;
ERR2726443_356761	727	No terminal repeats	NA	2	11	0.8992	NA	1	1.7183	Viruses;Duplodnaviria;Heunggongvirae;Uroviricota;Caudoviricetes;;Kyanoviridae
ERR2726443_132707	459	No terminal repeats	NA	1	11	0.8989	NA	1	1.3729	Viruses;Duplodnaviria;Heunggongvirae;Uroviricota;Caudoviricetes;;
ERR2726443_65547	867	No terminal repeats	NA	1	11	0.8988	NA	1	1.7183	Viruses;Duplodnaviria;Heunggongvirae;Uroviricota;Caudoviricetes;;
ERR2726443_95764	267	No terminal repeats	NA	2	11	0.8987	NA	1	1.7107	Viruses;Duplodnaviria;Heunggongvirae;Uroviricota;Caudoviricetes;;
ERR2726443_114143	1045	No terminal repeats	NA	1	11	0.8983	NA	1	1.2881	Viruses;Duplodnaviria;Heunggongvirae;Uroviricota;Caudoviricetes;;
ERR2726443_87909	375	No terminal repeats	NA	2	11	0.8980	NA	1	2.7662	Viruses;Duplodnaviria;Heunggongvirae;Uroviricota;Caudoviricetes;;
ERR2726443_163907	240	No terminal repeats	NA	1	15	0.8977	NA	1	1.1720	Viruses;Duplodnaviria;Heunggongvirae;Uroviricota;Caudoviricetes;;
ERR2726443_68622	1457	No terminal repeats	NA	1	11	0.8972	NA	1	1.0831	Viruses;Duplodnaviria;Heunggongvirae;Uroviricota;Caudoviricetes;;
ERR2726443_41870	4275	No terminal repeats	NA	8	11	0.8971	NA	1	3.5263	Viruses;Duplodnaviria;Heunggongvirae;Uroviricota;Caudoviricetes;;
ERR2726443_32518	1408	No terminal repeats	NA	2	11	0.8971	NA	1	1.7183	Viruses;Duplodnaviria;Heunggongvirae;Uroviricota;Caudoviricetes;;
ERR2726443_145028	259	No terminal repeats	NA	1	11	0.8969	NA	1	1.2865	Viruses;Duplodnaviria;Heunggongvirae;Uroviricota;Caudoviricetes;;
ERR2726443_30516	630	No terminal repeats	NA	2	11	0.8964	NA	1	1.7183	Viruses;Duplodnaviria;Heunggongvirae;Uroviricota;Caudoviricetes;;
ERR2726443_30019	2638	No terminal repeats	NA	3	11	0.8962	NA	2	3.9670	Viruses;Duplodnaviria;Heunggongvirae;Uroviricota;Caudoviricetes;;
ERR2726443_60486	400	No terminal repeats	NA	2	11	0.8961	NA	1	1.7183	Viruses;Duplodnaviria;Heunggongvirae;Uroviricota;Caudoviricetes;;
ERR2726443_173580	302	No terminal repeats	NA	1	11	0.8956	NA	1	1.7183	Viruses;Duplodnaviria;Heunggongvirae;Uroviricota;Caudoviricetes;;
ERR2726443_66983	832	No terminal repeats	NA	1	11	0.8949	NA	1	1.2850	Viruses;Duplodnaviria;Heunggongvirae;Uroviricota;Caudoviricetes;;
ERR2726443_129420	363	No terminal repeats	NA	1	11	0.8948	NA	1	1.7183	Viruses;Duplodnaviria;Heunggongvirae;Uroviricota;Caudoviricetes;;
ERR2726443_220416	271	No terminal repeats	NA	1	11	0.8936	NA	1	1.3345	Viruses;Duplodnaviria;Heunggongvirae;Uroviricota;Caudoviricetes;;
ERR2726443_14122	1018	No terminal repeats	NA	2	11	0.8935	NA	1	3.4366	Viruses;Duplodnaviria;Heunggongvirae;Uroviricota;Caudoviricetes;;
ERR2726443_287010	266	No terminal repeats	NA	1	11	0.8934	NA	1	1.7183	Viruses;Duplodnaviria;Heunggongvirae;Uroviricota;Caudoviricetes;;
ERR2726443_228795	183	No terminal repeats	NA	1	11	0.8931	NA	1	1.3895	Viruses;Duplodnaviria;Heunggongvirae;Uroviricota;Caudoviricetes;;
ERR2726443_3449	1848	No terminal repeats	NA	2	11	0.8930	NA	1	1.7183	Viruses;Duplodnaviria;Heunggongvirae;Uroviricota;Caudoviricetes;;
ERR2726443_43545	4853	No terminal repeats	NA	8	11	0.8930	NA	0	4.7194	Unclassified
ERR2726443_303171	205	No terminal repeats	NA	1	11	0.8925	NA	1	1.7158	Viruses;Duplodnaviria;Heunggongvirae;Uroviricota;Caudoviricetes;;
ERR2726443_216851	287	No terminal repeats	NA	2	11	0.8924	NA	1	1.3993	Viruses;Duplodnaviria;Heunggongvirae;Uroviricota;Caudoviricetes;;
ERR2726443_11758	3125	No terminal repeats	NA	5	11	0.8923	NA	0	3.2505	Viruses;Duplodnaviria;Heunggongvirae;Uroviricota;Caudoviricetes;;
ERR2726443_25291	1969	No terminal repeats	NA	1	11	0.8915	NA	1	1.7115	Viruses;Duplodnaviria;Heunggongvirae;Uroviricota;Caudoviricetes;;
ERR2726443_16327	242	No terminal repeats	NA	2	11	0.8913	NA	1	1.7183	Viruses;Duplodnaviria;Heunggongvirae;Uroviricota;Caudoviricetes;;
ERR2726443_233381	552	No terminal repeats	NA	1	11	0.8912	NA	1	1.3428	Viruses;Duplodnaviria;Heunggongvirae;Uroviricota;Caudoviricetes;;
ERR2726443_566	4700	No terminal repeats	NA	6	11	0.8912	NA	0	1.7165	Viruses;Duplodnaviria;Heunggongvirae;Uroviricota;Caudoviricetes;;
ERR2726443_45064	518	No terminal repeats	NA	1	11	0.8908	NA	1	1.7183	Viruses;Duplodnaviria;Heunggongvirae;Uroviricota;Caudoviricetes;;
ERR2726443_209965	385	No terminal repeats	NA	1	11	0.8906	NA	1	1.5379	Viruses;Duplodnaviria;Heunggongvirae;Uroviricota;Caudoviricetes;;
ERR2726443_181703	131	No terminal repeats	NA	1	11	0.8906	NA	1	1.1125	Viruses;Duplodnaviria;Heunggongvirae;Uroviricota;Caudoviricetes;;
ERR2726443_52089	4426	No terminal repeats	NA	5	11	0.8902	NA	0	1.7183	Viruses;Duplodnaviria;Heunggongvirae;Uroviricota;Caudoviricetes;;
ERR2726443_333718	630	No terminal repeats	NA	2	11	0.8902	NA	2	3.4366	Viruses;Duplodnaviria;Heunggongvirae;Uroviricota;Caudoviricetes;;
ERR2726443_100577	613	No terminal repeats	NA	1	11	0.8899	NA	1	1.3549	Viruses;Duplodnaviria;Heunggongvirae;Uroviricota;Caudoviricetes;;
ERR2726443_55175	1393	No terminal repeats	NA	2	11	0.8899	NA	1	3.4116	Viruses;Duplodnaviria;Heunggongvirae;Uroviricota;Caudoviricetes;;
ERR2726443_3223	2089	No terminal repeats	NA	4	11	0.8895	NA	2	2.2704	Viruses;Duplodnaviria;Heunggongvirae;Uroviricota;Caudoviricetes;;
ERR2726443_190906	687	No terminal repeats	NA	1	11	0.8894	NA	1	1.2306	Viruses;Duplodnaviria;Heunggongvirae;Uroviricota;Caudoviricetes;;
ERR2726443_284121	197	No terminal repeats	NA	1	11	0.8893	NA	1	1.3993	Viruses;Duplodnaviria;Heunggongvirae;Uroviricota;Caudoviricetes;;
ERR2726443_59437	178	No terminal repeats	NA	1	11	0.8890	NA	1	1.1125	Viruses;Duplodnaviria;Heunggongvirae;Uroviricota;Caudoviricetes;;
ERR2726443_86284	3240	No terminal repeats	NA	3	11	0.8887	NA	1	2.7548	Viruses;Duplodnaviria;Heunggongvirae;Uroviricota;Caudoviricetes;;
ERR2726443_121627	587	No terminal repeats	NA	1	11	0.8884	NA	1	1.7183	Viruses;Duplodnaviria;Heunggongvirae;Uroviricota;Caudoviricetes;;
ERR2726443_264726	180	No terminal repeats	NA	1	11	0.8881	NA	1	1.7161	Viruses;Duplodnaviria;Heunggongvirae;Uroviricota;Caudoviricetes;;
ERR2726443_306712	784	No terminal repeats	NA	2	11	0.8880	NA	2	3.1356	Viruses;Duplodnaviria;Heunggongvirae;Uroviricota;Caudoviricetes;;
ERR2726443_46843	4003	No terminal repeats	NA	3	11	0.8877	NA	0	3.4366	Viruses;Duplodnaviria;Heunggongvirae;Uroviricota;Caudoviricetes;;
ERR2726443_116017	703	No terminal repeats	NA	2	11	0.8877	NA	2	3.2688	Viruses;Duplodnaviria;Heunggongvirae;Uroviricota;Caudoviricetes;;
ERR2726443_158782	917	No terminal repeats	NA	4	11	0.8876	NA	1	4.8029	Viruses;Duplodnaviria;Heunggongvirae;Uroviricota;Caudoviricetes;;
ERR2726443_54075	532	No terminal repeats	NA	1	11	0.8876	NA	1	1.7174	Viruses;Duplodnaviria;Heunggongvirae;Uroviricota;Caudoviricetes;;
ERR2726443_37925	2879	No terminal repeats	NA	4	11	0.8875	NA	2	2.4399	Viruses;Duplodnaviria;Heunggongvirae;Uroviricota;Caudoviricetes;;
ERR2726443_83991	949	No terminal repeats	NA	3	11	0.8873	NA	1	4.4564	Viruses;Duplodnaviria;Heunggongvirae;Uroviricota;Caudoviricetes;;
ERR2726443_1835	17888	No terminal repeats	NA	15	11	0.8871	NA	0	3.2338	Viruses;Duplodnaviria;Heunggongvirae;Uroviricota;Caudoviricetes;;
ERR2726443_22878	3011	No terminal repeats	NA	7	11	0.8870	NA	1	4.3866	Viruses;Duplodnaviria;Heunggongvirae;Uroviricota;Caudoviricetes;;
ERR2726443_67303	680	No terminal repeats	NA	2	11	0.8865	NA	1	1.5032	Viruses;Duplodnaviria;Heunggongvirae;Uroviricota;Caudoviricetes;;
ERR2726443_146301	131	No terminal repeats	NA	1	11	0.8862	NA	1	1.1125	Viruses;Duplodnaviria;Heunggongvirae;Uroviricota;Caudoviricetes;;
ERR2726443_185084	492	No terminal repeats	NA	1	11	0.8862	NA	1	1.7183	Viruses;Duplodnaviria;Heunggongvirae;Uroviricota;Caudoviricetes;;
ERR2726443_34325	577	No terminal repeats	NA	1	11	0.8855	NA	1	1.2105	Viruses;Duplodnaviria;Heunggongvirae;Uroviricota;Caudoviricetes;;
ERR2726443_16646	1265	No terminal repeats	NA	3	11	0.8854	NA	1	3.1045	Viruses;Duplodnaviria;Heunggongvirae;Uroviricota;Caudoviricetes;;
ERR2726443_230278	417	No terminal repeats	NA	1	11	0.8854	NA	1	1.2306	Viruses;Duplodnaviria;Heunggongvirae;Uroviricota;Caudoviricetes;;
ERR2726443_13409	435	No terminal repeats	NA	2	11	0.8852	NA	1	1.5148	Viruses;Duplodnaviria;Heunggongvirae;Uroviricota;Caudoviricetes;;
ERR2726443_90577	681	No terminal repeats	NA	3	11	0.8847	NA	1	3.4026	Viruses;Duplodnaviria;Heunggongvirae;Uroviricota;Caudoviricetes;;
ERR2726443_250347	215	No terminal repeats	NA	1	11	0.8840	NA	1	1.7183	Viruses;Duplodnaviria;Heunggongvirae;Uroviricota;Caudoviricetes;;
ERR2726443_2940	2874	No terminal repeats	NA	4	11	0.8838	NA	0	1.0603	Viruses;Duplodnaviria;Heunggongvirae;Uroviricota;Caudoviricetes;;
ERR2726443_10591	594	No terminal repeats	NA	3	11	0.8838	NA	1	1.7183	Viruses;Duplodnaviria;Heunggongvirae;Uroviricota;Caudoviricetes;;
ERR2726443_257510	287	No terminal repeats	NA	1	11	0.8838	NA	1	1.2708	Viruses;Duplodnaviria;Heunggongvirae;Uroviricota;Caudoviricetes;;
ERR2726443_373700	420	No terminal repeats	NA	1	11	0.8837	NA	1	1.3410	Viruses;Duplodnaviria;Heunggongvirae;Uroviricota;Caudoviricetes;;
ERR2726443_8401	554	No terminal repeats	NA	2	11	0.8835	NA	1	1.7183	Viruses;Duplodnaviria;Heunggongvirae;Uroviricota;Caudoviricetes;;Schitoviridae
ERR2726443_80072	3405	No terminal repeats	NA	6	11	0.8834	NA	2	4.8795	Viruses;Duplodnaviria;Heunggongvirae;Uroviricota;Caudoviricetes;;
ERR2726443_12401	948	No terminal repeats	NA	2	15	0.8832	NA	1	1.2975	Viruses;Duplodnaviria;Heunggongvirae;Uroviricota;Caudoviricetes;;
ERR2726443_211911	337	No terminal repeats	NA	2	11	0.8831	NA	1	1.7183	Viruses;Duplodnaviria;Heunggongvirae;Uroviricota;Caudoviricetes;;
ERR2726443_17193	781	No terminal repeats	NA	1	11	0.8828	NA	1	1.7183	Viruses;Duplodnaviria;Heunggongvirae;Uroviricota;Caudoviricetes;;
ERR2726443_3135	3804	No terminal repeats	NA	8	11	0.8828	NA	1	2.7150	Viruses;Monodnaviria;Loebvirae;Hofneiviricota;Faserviricetes;Tubulavirales;Inoviridae
ERR2726443_211823	472	No terminal repeats	NA	1	11	0.8827	NA	1	1.7183	Viruses;Duplodnaviria;Heunggongvirae;Uroviricota;Caudoviricetes;;
ERR2726443_326403	420	No terminal repeats	NA	2	11	0.8821	NA	2	3.4366	Viruses;Duplodnaviria;Heunggongvirae;Uroviricota;Caudoviricetes;;
ERR2726443_13227	12300	DTR	NA	18	11	0.8821	NA	0	4.3235	Viruses;Duplodnaviria;Heunggongvirae;Uroviricota;Caudoviricetes;;
ERR2726443_52526	1038	No terminal repeats	NA	2	11	0.8816	NA	1	3.3152	Unclassified
ERR2726443_93773	270	No terminal repeats	NA	2	11	0.8813	NA	1	1.7183	Viruses;Duplodnaviria;Heunggongvirae;Uroviricota;Caudoviricetes;;
ERR2726443_76652	2452	No terminal repeats	NA	2	11	0.8813	NA	2	2.6360	Viruses;Duplodnaviria;Heunggongvirae;Uroviricota;Caudoviricetes;;
ERR2726443_94450	821	No terminal repeats	NA	2	11	0.8812	NA	2	3.3096	Viruses;Duplodnaviria;Heunggongvirae;Uroviricota;Caudoviricetes;;
ERR2726443_75441	1268	No terminal repeats	NA	4	11	0.8811	NA	1	3.1932	Viruses;Duplodnaviria;Heunggongvirae;Uroviricota;Caudoviricetes;;
ERR2726443_8953	3960	No terminal repeats	NA	2	11	0.8811	NA	0	1.7183	Viruses;Duplodnaviria;Heunggongvirae;Uroviricota;Caudoviricetes;;
ERR2726443_125595	199	No terminal repeats	NA	1	11	0.8805	NA	1	1.4667	Viruses;Duplodnaviria;Heunggongvirae;Uroviricota;Caudoviricetes;;
ERR2726443_2468	3001	No terminal repeats	NA	2	11	0.8803	NA	0	1.2885	Viruses;Duplodnaviria;Heunggongvirae;Uroviricota;Caudoviricetes;;
ERR2726443_86893	192	No terminal repeats	NA	1	4	0.8797	NA	1	1.7183	Viruses;Duplodnaviria;Heunggongvirae;Uroviricota;Caudoviricetes;;
ERR2726443_257561	326	No terminal repeats	NA	1	11	0.8796	NA	1	1.7183	Viruses;Duplodnaviria;Heunggongvirae;Uroviricota;Caudoviricetes;;
ERR2726443_6836	13073	No terminal repeats	NA	16	11	0.8793	NA	0	6.4254	Viruses;Duplodnaviria;Heunggongvirae;Uroviricota;Caudoviricetes;;
ERR2726443_272407	208	No terminal repeats	NA	1	11	0.8787	NA	1	1.5032	Viruses;Duplodnaviria;Heunggongvirae;Uroviricota;Caudoviricetes;;
ERR2726443_133447	253	No terminal repeats	NA	1	11	0.8786	NA	1	1.7183	Viruses;Duplodnaviria;Heunggongvirae;Uroviricota;Caudoviricetes;;
ERR2726443_36670	203	No terminal repeats	NA	1	11	0.8784	NA	1	1.4148	Viruses;Duplodnaviria;Heunggongvirae;Uroviricota;Caudoviricetes;;
ERR2726443_104573	811	No terminal repeats	NA	1	15	0.8778	NA	1	1.2306	Viruses;Duplodnaviria;Heunggongvirae;Uroviricota;Caudoviricetes;;
ERR2726443_979	11280	No terminal repeats	NA	13	11	0.8777	NA	0	2.7074	Viruses;Duplodnaviria;Heunggongvirae;Uroviricota;Caudoviricetes;Crassvirales;
ERR2726443_94346	379	No terminal repeats	NA	2	11	0.8777	NA	1	1.7183	Viruses;Duplodnaviria;Heunggongvirae;Uroviricota;Caudoviricetes;;
ERR2726443_14059	251	No terminal repeats	NA	1	11	0.8773	NA	1	1.1077	Viruses;Duplodnaviria;Heunggongvirae;Uroviricota;Caudoviricetes;;
ERR2726443_47291	7035	No terminal repeats	NA	6	11	0.8768	NA	0	0.8547	Viruses;Duplodnaviria;Heunggongvirae;Uroviricota;Caudoviricetes;;
ERR2726443_21625	1115	No terminal repeats	NA	2	11	0.8762	NA	1	3.3783	Viruses;Duplodnaviria;Heunggongvirae;Uroviricota;Caudoviricetes;;
ERR2726443_127455	250	No terminal repeats	NA	1	11	0.8761	NA	1	1.7161	Viruses;Duplodnaviria;Heunggongvirae;Uroviricota;Caudoviricetes;;
ERR2726443_40163	245	No terminal repeats	NA	2	4	0.8755	NA	1	1.7172	Viruses;Duplodnaviria;Heunggongvirae;Uroviricota;Caudoviricetes;;
ERR2726443_186086	286	No terminal repeats	NA	1	11	0.8751	NA	1	1.5240	Viruses;Duplodnaviria;Heunggongvirae;Uroviricota;Caudoviricetes;;
ERR2726443_75504	12205	No terminal repeats	NA	10	11	0.8745	NA	1	2.7153	Viruses;Duplodnaviria;Heunggongvirae;Uroviricota;Caudoviricetes;;
ERR2726443_80411	4331	No terminal repeats	NA	9	11	0.8743	NA	1	1.4188	Viruses;Monodnaviria;Loebvirae;Hofneiviricota;Faserviricetes;Tubulavirales;Inoviridae
ERR2726443_322531	189	No terminal repeats	NA	1	11	0.8741	NA	1	1.4339	Viruses;Duplodnaviria;Heunggongvirae;Uroviricota;Caudoviricetes;;
ERR2726443_163363	228	No terminal repeats	NA	1	11	0.8738	NA	1	1.4847	Viruses;Duplodnaviria;Heunggongvirae;Uroviricota;Caudoviricetes;;
ERR2726443_16765	2760	No terminal repeats	NA	3	11	0.8737	NA	0	1.3988	Viruses;Duplodnaviria;Heunggongvirae;Uroviricota;Caudoviricetes;;
ERR2726443_89820	291	No terminal repeats	NA	1	11	0.8736	NA	1	1.7183	Viruses;Duplodnaviria;Heunggongvirae;Uroviricota;Caudoviricetes;;
ERR2726443_30190	367	No terminal repeats	NA	1	11	0.8734	NA	1	1.4359	Viruses;Duplodnaviria;Heunggongvirae;Uroviricota;Caudoviricetes;;
ERR2726443_348087	453	No terminal repeats	NA	2	11	0.8734	NA	1	1.7183	Viruses;Duplodnaviria;Heunggongvirae;Uroviricota;Caudoviricetes;;
ERR2726443_126479	861	No terminal repeats	NA	2	11	0.8731	NA	1	3.4366	Viruses;Duplodnaviria;Heunggongvirae;Uroviricota;Caudoviricetes;;
ERR2726443_2351	2568	No terminal repeats	NA	2	11	0.8723	NA	0	1.7183	Viruses;Duplodnaviria;Heunggongvirae;Uroviricota;Caudoviricetes;;
ERR2726443_166726	139	No terminal repeats	NA	1	11	0.8722	NA	1	1.7167	Viruses;Duplodnaviria;Heunggongvirae;Uroviricota;Caudoviricetes;;
ERR2726443_91377	264	No terminal repeats	NA	1	11	0.8712	NA	1	1.7183	Viruses;Duplodnaviria;Heunggongvirae;Uroviricota;Caudoviricetes;;
ERR2726443_3110	15524	No terminal repeats	NA	16	11	0.8711	NA	1	2.5610	Viruses;Duplodnaviria;Heunggongvirae;Uroviricota;Caudoviricetes;;
ERR2726443_161583	337	No terminal repeats	NA	1	11	0.8710	NA	1	1.3345	Viruses;Duplodnaviria;Heunggongvirae;Uroviricota;Caudoviricetes;;
ERR2726443_241957	237	No terminal repeats	NA	1	11	0.8705	NA	1	1.4242	Viruses;Duplodnaviria;Heunggongvirae;Uroviricota;Caudoviricetes;;
ERR2726443_112389	326	No terminal repeats	NA	1	11	0.8695	NA	1	1.7183	Viruses;Duplodnaviria;Heunggongvirae;Uroviricota;Caudoviricetes;;
ERR2726443_29270	4614	No terminal repeats	NA	5	11	0.8693	NA	1	2.2446	Viruses;Duplodnaviria;Heunggongvirae;Uroviricota;Caudoviricetes;;
ERR2726443_38870	1875	No terminal repeats	NA	1	11	0.8691	NA	1	1.5093	Viruses;Duplodnaviria;Heunggongvirae;Uroviricota;Caudoviricetes;;
ERR2726443_189745	463	No terminal repeats	NA	1	11	0.8690	NA	1	1.3745	Viruses;Duplodnaviria;Heunggongvirae;Uroviricota;Caudoviricetes;;
ERR2726443_59274	170	No terminal repeats	NA	1	11	0.8688	NA	1	1.3515	Viruses;Duplodnaviria;Heunggongvirae;Uroviricota;Caudoviricetes;;
ERR2726443_15036	6058	No terminal repeats	NA	9	11	0.8684	NA	2	4.3616	Viruses;Duplodnaviria;Heunggongvirae;Uroviricota;Caudoviricetes;;
ERR2726443_251834	395	No terminal repeats	NA	1	11	0.8684	NA	1	1.7183	Viruses;Duplodnaviria;Heunggongvirae;Uroviricota;Caudoviricetes;;
ERR2726443_127316	212	No terminal repeats	NA	1	11	0.8679	NA	1	1.4046	Viruses;Duplodnaviria;Heunggongvirae;Uroviricota;Caudoviricetes;;
ERR2726443_286645	321	No terminal repeats	NA	2	11	0.8672	NA	1	1.7183	Viruses;Duplodnaviria;Heunggongvirae;Uroviricota;Caudoviricetes;;
ERR2726443_4868	1869	No terminal repeats	NA	4	11	0.8670	NA	1	1.2792	Viruses;Duplodnaviria;Heunggongvirae;Uroviricota;Caudoviricetes;;
ERR2726443_197974	413	No terminal repeats	NA	2	11	0.8669	NA	1	1.7060	Viruses;Duplodnaviria;Heunggongvirae;Uroviricota;Caudoviricetes;;
ERR2726443_4692	33847	No terminal repeats	NA	35	11	0.8669	NA	2	6.1124	Viruses;Duplodnaviria;Heunggongvirae;Uroviricota;Caudoviricetes;;
ERR2726443_262193	205	No terminal repeats	NA	1	11	0.8669	NA	1	1.0663	Viruses;Duplodnaviria;Heunggongvirae;Uroviricota;Caudoviricetes;;
ERR2726443_70695	617	No terminal repeats	NA	2	11	0.8668	NA	1	1.7183	Viruses;Duplodnaviria;Heunggongvirae;Uroviricota;Caudoviricetes;;
ERR2726443_2756	6316	No terminal repeats	NA	5	11	0.8667	NA	2	2.9442	Viruses;Duplodnaviria;Heunggongvirae;Uroviricota;Caudoviricetes;;
ERR2726443_171841	743	No terminal repeats	NA	1	11	0.8662	NA	1	1.5065	Viruses;Duplodnaviria;Heunggongvirae;Uroviricota;Caudoviricetes;;
ERR2726443_117194	215	No terminal repeats	NA	1	11	0.8662	NA	1	1.3963	Viruses;Duplodnaviria;Heunggongvirae;Uroviricota;Caudoviricetes;;
ERR2726443_126393	679	No terminal repeats	NA	2	11	0.8658	NA	1	1.5306	Viruses;Duplodnaviria;Heunggongvirae;Uroviricota;Caudoviricetes;;
ERR2726443_111004	230	No terminal repeats	NA	1	11	0.8657	NA	1	1.7183	Viruses;Duplodnaviria;Heunggongvirae;Uroviricota;Caudoviricetes;;
ERR2726443_37130	239	No terminal repeats	NA	1	4	0.8656	NA	1	1.0212	Viruses;Duplodnaviria;Heunggongvirae;Uroviricota;Caudoviricetes;;
ERR2726443_4001	3912	No terminal repeats	NA	5	11	0.8652	NA	0	2.8936	Viruses;Duplodnaviria;Heunggongvirae;Uroviricota;Caudoviricetes;;
ERR2726443_15430	12455	No terminal repeats	NA	19	11	0.8651	NA	0	5.0572	Viruses;Duplodnaviria;Heunggongvirae;Uroviricota;Caudoviricetes;;
ERR2726443_15866	183	No terminal repeats	NA	1	11	0.8650	NA	1	1.3410	Viruses;Duplodnaviria;Heunggongvirae;Uroviricota;Caudoviricetes;;
ERR2726443_75252	1268	No terminal repeats	NA	2	11	0.8648	NA	1	1.4877	Viruses;Duplodnaviria;Heunggongvirae;Uroviricota;Caudoviricetes;;
ERR2726443_187523	242	No terminal repeats	NA	1	11	0.8645	NA	1	1.2129	Viruses;Duplodnaviria;Heunggongvirae;Uroviricota;Caudoviricetes;;
ERR2726443_82817	324	No terminal repeats	NA	2	11	0.8645	NA	1	1.3468	Viruses;Duplodnaviria;Heunggongvirae;Uroviricota;Caudoviricetes;;
ERR2726443_27574	4988	No terminal repeats	NA	7	11	0.8642	NA	0	1.8302	Viruses;Duplodnaviria;Heunggongvirae;Uroviricota;Caudoviricetes;;
ERR2726443_4866	2359	No terminal repeats	NA	5	11	0.8640	NA	1	2.6367	Viruses;Duplodnaviria;Heunggongvirae;Uroviricota;Caudoviricetes;;
ERR2726443_62864	2713	No terminal repeats	NA	3	11	0.8636	NA	0	1.7140	Viruses;Duplodnaviria;Heunggongvirae;Uroviricota;Caudoviricetes;;
ERR2726443_18173	602	No terminal repeats	NA	3	11	0.8636	NA	1	1.7183	Viruses;Duplodnaviria;Heunggongvirae;Uroviricota;Caudoviricetes;;
ERR2726443_113227	2324	No terminal repeats	NA	2	11	0.8631	NA	1	1.7183	Viruses;Duplodnaviria;Heunggongvirae;Uroviricota;Caudoviricetes;;
ERR2726443_251189	266	No terminal repeats	NA	1	11	0.8629	NA	1	1.3272	Viruses;Duplodnaviria;Heunggongvirae;Uroviricota;Caudoviricetes;;
ERR2726443_359445	241	No terminal repeats	NA	1	11	0.8611	NA	1	1.2362	Viruses;Duplodnaviria;Heunggongvirae;Uroviricota;Caudoviricetes;;
ERR2726443_319291	213	No terminal repeats	NA	1	11	0.8611	NA	1	1.6928	Viruses;Duplodnaviria;Heunggongvirae;Uroviricota;Caudoviricetes;;
ERR2726443_27386	6667	No terminal repeats	NA	8	11	0.8605	NA	0	1.0562	Viruses;Duplodnaviria;Heunggongvirae;Uroviricota;Caudoviricetes;;
ERR2726443_288069	268	No terminal repeats	NA	2	11	0.8598	NA	1	1.3728	Viruses;Duplodnaviria;Heunggongvirae;Uroviricota;Caudoviricetes;;
ERR2726443_367021	182	No terminal repeats	NA	1	11	0.8597	NA	1	1.4287	Viruses;Duplodnaviria;Heunggongvirae;Uroviricota;Caudoviricetes;;
ERR2726443_12456	14028	No terminal repeats	NA	21	11	0.8594	NA	1	4.4444	Viruses;Duplodnaviria;Heunggongvirae;Uroviricota;Caudoviricetes;;
ERR2726443_84082	576	No terminal repeats	NA	1	11	0.8592	NA	1	1.6517	Viruses;Duplodnaviria;Heunggongvirae;Uroviricota;Caudoviricetes;;
ERR2726443_83381	3361	No terminal repeats	NA	4	11	0.8585	NA	1	3.2193	Viruses;Duplodnaviria;Heunggongvirae;Uroviricota;Caudoviricetes;;
ERR2726443_211593	354	No terminal repeats	NA	1	11	0.8575	NA	1	1.7183	Viruses;Duplodnaviria;Heunggongvirae;Uroviricota;Caudoviricetes;;
ERR2726443_170314	420	No terminal repeats	NA	2	11	0.8573	NA	2	3.4366	Viruses;Duplodnaviria;Heunggongvirae;Uroviricota;Caudoviricetes;;
ERR2726443_172109	297	No terminal repeats	NA	1	11	0.8571	NA	1	1.4409	Viruses;Duplodnaviria;Heunggongvirae;Uroviricota;Caudoviricetes;;
ERR2726443_62430	527	No terminal repeats	NA	2	11	0.8569	NA	2	3.4366	Viruses;Duplodnaviria;Heunggongvirae;Uroviricota;Caudoviricetes;;
ERR2726443_87946	681	No terminal repeats	NA	2	11	0.8569	NA	1	1.7183	Viruses;Duplodnaviria;Heunggongvirae;Uroviricota;Caudoviricetes;;
ERR2726443_25029	3702	No terminal repeats	NA	7	11	0.8564	NA	0	0.7108	Viruses;Duplodnaviria;Heunggongvirae;Uroviricota;Caudoviricetes;;
ERR2726443_301165	585	No terminal repeats	NA	1	11	0.8560	NA	1	1.7183	Viruses;Duplodnaviria;Heunggongvirae;Uroviricota;Caudoviricetes;;
ERR2726443_334875	362	No terminal repeats	NA	1	11	0.8555	NA	1	1.0262	Viruses;Duplodnaviria;Heunggongvirae;Uroviricota;Caudoviricetes;;
ERR2726443_188900	258	No terminal repeats	NA	1	11	0.8552	NA	1	1.7174	Viruses;Duplodnaviria;Heunggongvirae;Uroviricota;Caudoviricetes;;
ERR2726443_6712	7431	No terminal repeats	NA	5	11	0.8545	NA	2	2.4866	Viruses;Duplodnaviria;Heunggongvirae;Uroviricota;Caudoviricetes;;
ERR2726443_285322	411	No terminal repeats	NA	2	11	0.8544	NA	1	1.7183	Viruses;Duplodnaviria;Heunggongvirae;Uroviricota;Caudoviricetes;;
ERR2726443_192852	234	No terminal repeats	NA	2	11	0.8542	NA	2	2.6132	Viruses;Duplodnaviria;Heunggongvirae;Uroviricota;Caudoviricetes;;
ERR2726443_16315	9865	No terminal repeats	NA	8	11	0.8538	NA	0	1.7183	Unclassified
ERR2726443_34798	316	No terminal repeats	NA	1	11	0.8537	NA	1	1.1125	Viruses;Duplodnaviria;Heunggongvirae;Uroviricota;Caudoviricetes;;
ERR2726443_27706	2672	No terminal repeats	NA	3	11	0.8535	NA	0	3.0563	Viruses;Duplodnaviria;Heunggongvirae;Uroviricota;Caudoviricetes;;
ERR2726443_58695	4583	No terminal repeats	NA	4	11	0.8533	NA	1	1.7183	Viruses;Duplodnaviria;Heunggongvirae;Uroviricota;Caudoviricetes;;
ERR2726443_74943	729	No terminal repeats	NA	1	11	0.8531	NA	1	1.7183	Viruses;Duplodnaviria;Heunggongvirae;Uroviricota;Caudoviricetes;;
ERR2726443_23625	2783	No terminal repeats	NA	3	11	0.8529	NA	1	1.0421	Viruses;Duplodnaviria;Heunggongvirae;Uroviricota;Caudoviricetes;;
ERR2726443_28222	601	No terminal repeats	NA	1	11	0.8526	NA	1	1.3484	Viruses;Duplodnaviria;Heunggongvirae;Uroviricota;Caudoviricetes;;
ERR2726443_306926	816	No terminal repeats	NA	1	11	0.8523	NA	1	1.7183	Viruses;Duplodnaviria;Heunggongvirae;Uroviricota;Caudoviricetes;;
ERR2726443_160	7305	No terminal repeats	NA	7	11	0.8520	NA	0	2.7664	Viruses;Duplodnaviria;Heunggongvirae;Uroviricota;Caudoviricetes;;
ERR2726443_140638	954	No terminal repeats	NA	3	11	0.8517	NA	1	3.2917	Viruses;Duplodnaviria;Heunggongvirae;Uroviricota;Caudoviricetes;;
ERR2726443_93614	512	No terminal repeats	NA	1	11	0.8515	NA	1	1.2605	Viruses;Duplodnaviria;Heunggongvirae;Uroviricota;Caudoviricetes;;
ERR2726443_49662	1173	No terminal repeats	NA	4	11	0.8514	NA	1	1.7183	Viruses;Duplodnaviria;Heunggongvirae;Uroviricota;Caudoviricetes;;
ERR2726443_158681	508	No terminal repeats	NA	2	11	0.8513	NA	1	1.7083	Viruses;Duplodnaviria;Heunggongvirae;Uroviricota;Caudoviricetes;;
ERR2726443_127167	737	No terminal repeats	NA	1	11	0.8512	NA	1	1.1384	Viruses;Duplodnaviria;Heunggongvirae;Uroviricota;Caudoviricetes;;
ERR2726443_158200	807	No terminal repeats	NA	2	11	0.8496	NA	1	3.4235	Viruses;Duplodnaviria;Heunggongvirae;Uroviricota;Caudoviricetes;;
ERR2726443_166725	139	No terminal repeats	NA	1	11	0.8486	NA	1	1.7167	Viruses;Duplodnaviria;Heunggongvirae;Uroviricota;Caudoviricetes;;
ERR2726443_65858	3217	No terminal repeats	NA	3	11	0.8485	NA	0	0.6835	Viruses;Duplodnaviria;Heunggongvirae;Uroviricota;Caudoviricetes;Crassvirales;
ERR2726443_194216	407	No terminal repeats	NA	1	11	0.8481	NA	1	1.6802	Viruses;Duplodnaviria;Heunggongvirae;Uroviricota;Caudoviricetes;;
ERR2726443_20107	6725	No terminal repeats	NA	5	11	0.8478	NA	0	3.9532	Unclassified
ERR2726443_11535	1994	No terminal repeats	NA	4	11	0.8476	NA	1	1.2306	Viruses;Duplodnaviria;Heunggongvirae;Uroviricota;Caudoviricetes;;
ERR2726443_23391	301	No terminal repeats	NA	1	15	0.8476	NA	1	1.0797	Viruses;Duplodnaviria;Heunggongvirae;Uroviricota;Caudoviricetes;;
ERR2726443_29469	3345	No terminal repeats	NA	7	11	0.8475	NA	0	1.6700	Viruses;Duplodnaviria;Heunggongvirae;Uroviricota;Caudoviricetes;;
ERR2726443_169775	173	No terminal repeats	NA	1	11	0.8475	NA	1	1.7172	Viruses;Duplodnaviria;Heunggongvirae;Uroviricota;Caudoviricetes;;
ERR2726443_18245	4826	No terminal repeats	NA	11	11	0.8473	NA	0	2.6091	Viruses;Duplodnaviria;Heunggongvirae;Uroviricota;Caudoviricetes;;
ERR2726443_222787	864	No terminal repeats	NA	2	11	0.8471	NA	1	3.4255	Viruses;Duplodnaviria;Heunggongvirae;Uroviricota;Caudoviricetes;;
ERR2726443_86588	1164	No terminal repeats	NA	2	11	0.8467	NA	1	1.7183	Viruses;Duplodnaviria;Heunggongvirae;Uroviricota;Caudoviricetes;;
ERR2726443_212931	276	No terminal repeats	NA	1	11	0.8464	NA	1	1.7183	Viruses;Duplodnaviria;Heunggongvirae;Uroviricota;Caudoviricetes;;
ERR2726443_15123	5312	No terminal repeats	NA	4	11	0.8463	NA	0	2.9202	Viruses;Duplodnaviria;Heunggongvirae;Uroviricota;Caudoviricetes;;
ERR2726443_208163	513	No terminal repeats	NA	2	11	0.8462	NA	1	1.7183	Viruses;Duplodnaviria;Heunggongvirae;Uroviricota;Caudoviricetes;;
ERR2726443_114764	2385	No terminal repeats	NA	2	11	0.8456	NA	2	2.7744	Viruses;Duplodnaviria;Heunggongvirae;Uroviricota;Caudoviricetes;;
ERR2726443_44209	2648	No terminal repeats	NA	2	11	0.8453	NA	0	1.7183	Unclassified
ERR2726443_272091	159	No terminal repeats	NA	1	11	0.8450	NA	1	1.2131	Viruses;Duplodnaviria;Heunggongvirae;Uroviricota;Caudoviricetes;;
ERR2726443_96533	2268	No terminal repeats	NA	3	11	0.8449	NA	1	2.7636	Viruses;Duplodnaviria;Heunggongvirae;Uroviricota;Caudoviricetes;;
ERR2726443_16900	1345	No terminal repeats	NA	2	11	0.8445	NA	1	1.7183	Viruses;Duplodnaviria;Heunggongvirae;Uroviricota;Caudoviricetes;;
ERR2726443_28192	516	No terminal repeats	NA	3	11	0.8443	NA	1	1.7183	Viruses;Duplodnaviria;Heunggongvirae;Uroviricota;Caudoviricetes;;
ERR2726443_8572	1490	No terminal repeats	NA	4	11	0.8443	NA	1	2.9854	Viruses;Duplodnaviria;Heunggongvirae;Uroviricota;Caudoviricetes;;
ERR2726443_60625	371	No terminal repeats	NA	1	11	0.8442	NA	1	1.7183	Viruses;Duplodnaviria;Heunggongvirae;Uroviricota;Caudoviricetes;;
ERR2726443_94501	394	No terminal repeats	NA	2	11	0.8438	NA	1	1.3207	Viruses;Duplodnaviria;Heunggongvirae;Uroviricota;Caudoviricetes;;
ERR2726443_32844	1747	No terminal repeats	NA	5	11	0.8436	NA	1	1.3185	Viruses;Duplodnaviria;Heunggongvirae;Uroviricota;Caudoviricetes;;
ERR2726443_1444	1555	No terminal repeats	NA	4	11	0.8436	NA	1	3.3928	Viruses;Duplodnaviria;Heunggongvirae;Uroviricota;Caudoviricetes;;
ERR2726443_132643	329	No terminal repeats	NA	1	11	0.8435	NA	1	1.3963	Viruses;Duplodnaviria;Heunggongvirae;Uroviricota;Caudoviricetes;;
ERR2726443_115843	303	No terminal repeats	NA	2	11	0.8433	NA	1	1.7183	Viruses;Duplodnaviria;Heunggongvirae;Uroviricota;Caudoviricetes;;
ERR2726443_245912	254	No terminal repeats	NA	1	11	0.8421	NA	1	1.2271	Viruses;Duplodnaviria;Heunggongvirae;Uroviricota;Caudoviricetes;;
ERR2726443_196170	349	No terminal repeats	NA	1	11	0.8420	NA	1	1.4524	Viruses;Duplodnaviria;Heunggongvirae;Uroviricota;Caudoviricetes;;
ERR2726443_54070	514	No terminal repeats	NA	2	11	0.8410	NA	1	1.6084	Viruses;Duplodnaviria;Heunggongvirae;Uroviricota;Caudoviricetes;;
ERR2726443_174861	464	No terminal repeats	NA	1	11	0.8406	NA	1	1.7174	Viruses;Duplodnaviria;Heunggongvirae;Uroviricota;Caudoviricetes;;
ERR2726443_130940	414	No terminal repeats	NA	1	11	0.8403	NA	1	1.2836	Viruses;Duplodnaviria;Heunggongvirae;Uroviricota;Caudoviricetes;;
ERR2726443_88182	529	No terminal repeats	NA	2	11	0.8402	NA	1	1.3549	Viruses;Duplodnaviria;Heunggongvirae;Uroviricota;Caudoviricetes;;
ERR2726443_22085	1320	No terminal repeats	NA	1	11	0.8399	NA	1	1.1533	Viruses;Duplodnaviria;Heunggongvirae;Uroviricota;Caudoviricetes;;
ERR2726443_51516	633	No terminal repeats	NA	2	11	0.8391	NA	1	3.2177	Viruses;Duplodnaviria;Heunggongvirae;Uroviricota;Caudoviricetes;;
ERR2726443_3603	5631	No terminal repeats	NA	7	11	0.8389	NA	0	1.7083	Unclassified
ERR2726443_16467	5616	No terminal repeats	NA	7	11	0.8379	NA	2	3.4366	Viruses;Duplodnaviria;Heunggongvirae;Uroviricota;Caudoviricetes;;
ERR2726443_42471	2600	No terminal repeats	NA	3	11	0.8377	NA	1	2.7056	Viruses;Duplodnaviria;Heunggongvirae;Uroviricota;Caudoviricetes;;
ERR2726443_114008	355	No terminal repeats	NA	1	11	0.8375	NA	1	1.3729	Viruses;Duplodnaviria;Heunggongvirae;Uroviricota;Caudoviricetes;;
ERR2726443_53890	203	No terminal repeats	NA	1	11	0.8372	NA	1	1.4242	Viruses;Duplodnaviria;Heunggongvirae;Uroviricota;Caudoviricetes;;
ERR2726443_164618	482	No terminal repeats	NA	2	11	0.8365	NA	1	1.7183	Viruses;Duplodnaviria;Heunggongvirae;Uroviricota;Caudoviricetes;;
ERR2726443_44000	2542	No terminal repeats	NA	4	11	0.8362	NA	0	2.9734	Viruses;Duplodnaviria;Heunggongvirae;Uroviricota;Caudoviricetes;;
ERR2726443_48788	3394	No terminal repeats	NA	8	11	0.8361	NA	0	1.6700	Viruses;Duplodnaviria;Heunggongvirae;Uroviricota;Caudoviricetes;;
ERR2726443_31065	1382	No terminal repeats	NA	1	11	0.8357	NA	1	1.2306	Viruses;Duplodnaviria;Heunggongvirae;Uroviricota;Caudoviricetes;;
ERR2726443_37409	4120	No terminal repeats	NA	2	11	0.8357	NA	0	1.7183	Unclassified
ERR2726443_11769	787	No terminal repeats	NA	1	11	0.8352	NA	1	1.3721	Viruses;Duplodnaviria;Heunggongvirae;Uroviricota;Caudoviricetes;;
ERR2726443_283996	337	No terminal repeats	NA	1	11	0.8351	NA	1	1.7183	Unclassified
ERR2726443_100333	491	No terminal repeats	NA	2	11	0.8346	NA	1	1.5060	Viruses;Duplodnaviria;Heunggongvirae;Uroviricota;Caudoviricetes;;
ERR2726443_32095	857	No terminal repeats	NA	1	11	0.8332	NA	1	1.7183	Viruses;Duplodnaviria;Heunggongvirae;Uroviricota;Caudoviricetes;;
ERR2726443_147498	232	No terminal repeats	NA	1	11	0.8330	NA	1	1.4005	Viruses;Duplodnaviria;Heunggongvirae;Uroviricota;Caudoviricetes;;
ERR2726443_29383	1079	No terminal repeats	NA	1	11	0.8328	NA	1	1.1533	Viruses;Duplodnaviria;Heunggongvirae;Uroviricota;Caudoviricetes;;
ERR2726443_114699	1826	No terminal repeats	NA	1	11	0.8322	NA	1	1.3160	Viruses;Duplodnaviria;Heunggongvirae;Uroviricota;Caudoviricetes;;
ERR2726443_8397	18368	No terminal repeats	NA	28	11	0.8318	NA	0	3.5819	Viruses;Duplodnaviria;Heunggongvirae;Uroviricota;Caudoviricetes;;
ERR2726443_8142	4972	No terminal repeats	NA	8	11	0.8316	NA	3	7.5741	Viruses;Duplodnaviria;Heunggongvirae;Uroviricota;Caudoviricetes;;
ERR2726443_85064	2150	No terminal repeats	NA	1	11	0.8307	NA	1	1.1384	Viruses;Duplodnaviria;Heunggongvirae;Uroviricota;Caudoviricetes;;
ERR2726443_20111	1196	No terminal repeats	NA	3	11	0.8302	NA	1	2.8814	Viruses;Duplodnaviria;Heunggongvirae;Uroviricota;Caudoviricetes;;
ERR2726443_66340	2660	No terminal repeats	NA	2	11	0.8300	NA	0	1.7183	Unclassified
ERR2726443_4459	4570	No terminal repeats	NA	4	11	0.8298	NA	0	3.4366	Viruses;Duplodnaviria;Heunggongvirae;Uroviricota;Caudoviricetes;;
ERR2726443_115574	327	No terminal repeats	NA	1	11	0.8289	NA	1	1.4242	Viruses;Duplodnaviria;Heunggongvirae;Uroviricota;Caudoviricetes;;
ERR2726443_179480	223	No terminal repeats	NA	1	11	0.8286	NA	1	1.3595	Viruses;Duplodnaviria;Heunggongvirae;Uroviricota;Caudoviricetes;;
ERR2726443_24683	259	No terminal repeats	NA	2	11	0.8284	NA	1	1.4136	Viruses;Duplodnaviria;Heunggongvirae;Uroviricota;Caudoviricetes;;
ERR2726443_37704	832	No terminal repeats	NA	2	11	0.8280	NA	1	1.2610	Viruses;Duplodnaviria;Heunggongvirae;Uroviricota;Caudoviricetes;;
ERR2726443_166832	312	No terminal repeats	NA	1	11	0.8274	NA	1	1.4749	Viruses;Duplodnaviria;Heunggongvirae;Uroviricota;Caudoviricetes;;
ERR2726443_83400	1030	No terminal repeats	NA	1	11	0.8274	NA	1	1.0580	Viruses;Duplodnaviria;Heunggongvirae;Uroviricota;Caudoviricetes;;
ERR2726443_110680	432	No terminal repeats	NA	2	11	0.8259	NA	1	1.7183	Viruses;Duplodnaviria;Heunggongvirae;Uroviricota;Caudoviricetes;;
ERR2726443_192824	324	No terminal repeats	NA	1	11	0.8256	NA	1	1.4287	Viruses;Duplodnaviria;Heunggongvirae;Uroviricota;Caudoviricetes;;
ERR2726443_13653	2620	No terminal repeats	NA	4	11	0.8253	NA	0	1.7183	Viruses;Duplodnaviria;Heunggongvirae;Uroviricota;Caudoviricetes;;
ERR2726443_207610	863	No terminal repeats	NA	2	11	0.8253	NA	1	1.3949	Viruses;Duplodnaviria;Heunggongvirae;Uroviricota;Caudoviricetes;;
ERR2726443_85797	5396	No terminal repeats	NA	11	11	0.8248	NA	0	3.4366	Viruses;Duplodnaviria;Heunggongvirae;Uroviricota;Caudoviricetes;;
ERR2726443_30061	1631	No terminal repeats	NA	3	11	0.8244	NA	2	4.7095	Viruses;Duplodnaviria;Heunggongvirae;Uroviricota;Caudoviricetes;;
ERR2726443_47269	421	No terminal repeats	NA	1	11	0.8237	NA	1	1.4005	Viruses;Duplodnaviria;Heunggongvirae;Uroviricota;Caudoviricetes;;
ERR2726443_9267	1285	No terminal repeats	NA	3	11	0.8237	NA	2	3.4366	Viruses;Duplodnaviria;Heunggongvirae;Uroviricota;Caudoviricetes;;
ERR2726443_118257	1637	No terminal repeats	NA	2	11	0.8235	NA	1	1.7073	Viruses;Duplodnaviria;Heunggongvirae;Uroviricota;Caudoviricetes;;
ERR2726443_299644	225	No terminal repeats	NA	1	11	0.8234	NA	1	0.9355	Viruses;Duplodnaviria;Heunggongvirae;Uroviricota;Caudoviricetes;;
ERR2726443_3421	3552	No terminal repeats	NA	6	11	0.8233	NA	1	1.0580	Viruses;Duplodnaviria;Heunggongvirae;Uroviricota;Caudoviricetes;;
ERR2726443_61736	130	No terminal repeats	NA	1	11	0.8231	NA	1	1.4136	Viruses;Duplodnaviria;Heunggongvirae;Uroviricota;Caudoviricetes;;
ERR2726443_20934	3199	No terminal repeats	NA	2	11	0.8216	NA	0	1.4022	Viruses;Duplodnaviria;Heunggongvirae;Uroviricota;Caudoviricetes;;
ERR2726443_14937	813	No terminal repeats	NA	3	11	0.8213	NA	1	1.3207	Viruses;Duplodnaviria;Heunggongvirae;Uroviricota;Caudoviricetes;;
ERR2726443_74261	740	No terminal repeats	NA	2	11	0.8210	NA	1	1.7183	Viruses;Duplodnaviria;Heunggongvirae;Uroviricota;Caudoviricetes;;
ERR2726443_216543	193	No terminal repeats	NA	1	11	0.8204	NA	1	0.7382	Viruses;Duplodnaviria;Heunggongvirae;Uroviricota;Caudoviricetes;;
ERR2726443_169221	617	No terminal repeats	NA	2	11	0.8202	NA	1	1.7125	Viruses;Duplodnaviria;Heunggongvirae;Uroviricota;Caudoviricetes;;
ERR2726443_38999	4297	No terminal repeats	NA	6	11	0.8197	NA	0	1.7183	Viruses;Duplodnaviria;Heunggongvirae;Uroviricota;Caudoviricetes;;
ERR2726443_303024	277	No terminal repeats	NA	1	11	0.8193	NA	1	1.7068	Viruses;Duplodnaviria;Heunggongvirae;Uroviricota;Caudoviricetes;;
ERR2726443_186602	170	No terminal repeats	NA	1	15	0.8191	NA	1	1.7107	Viruses;Duplodnaviria;Heunggongvirae;Uroviricota;Caudoviricetes;;
ERR2726443_255415	312	No terminal repeats	NA	1	11	0.8188	NA	1	0.9308	Viruses;Duplodnaviria;Heunggongvirae;Uroviricota;Caudoviricetes;;
ERR2726443_61514	243	No terminal repeats	NA	1	11	0.8187	NA	1	1.3528	Viruses;Duplodnaviria;Heunggongvirae;Uroviricota;Caudoviricetes;;
ERR2726443_146819	213	No terminal repeats	NA	1	11	0.8181	NA	1	1.2131	Viruses;Duplodnaviria;Heunggongvirae;Uroviricota;Caudoviricetes;;
ERR2726443_231531	235	No terminal repeats	NA	2	11	0.8180	NA	1	1.7167	Viruses;Duplodnaviria;Heunggongvirae;Uroviricota;Caudoviricetes;;
ERR2726443_310234	206	No terminal repeats	NA	1	11	0.8180	NA	1	1.4242	Viruses;Duplodnaviria;Heunggongvirae;Uroviricota;Caudoviricetes;;
ERR2726443_159797	230	No terminal repeats	NA	1	11	0.8179	NA	1	0.9355	Viruses;Duplodnaviria;Heunggongvirae;Uroviricota;Caudoviricetes;;
ERR2726443_116715	592	No terminal repeats	NA	2	11	0.8177	NA	2	3.2688	Viruses;Duplodnaviria;Heunggongvirae;Uroviricota;Caudoviricetes;;
ERR2726443_48989	273	No terminal repeats	NA	1	11	0.8177	NA	1	1.3345	Viruses;Duplodnaviria;Heunggongvirae;Uroviricota;Caudoviricetes;;
ERR2726443_203941	164	No terminal repeats	NA	1	11	0.8172	NA	1	1.4001	Viruses;Duplodnaviria;Heunggongvirae;Uroviricota;Caudoviricetes;;
ERR2726443_96605	226	No terminal repeats	NA	1	11	0.8164	NA	1	1.4242	Viruses;Duplodnaviria;Heunggongvirae;Uroviricota;Caudoviricetes;;
ERR2726443_272797	164	No terminal repeats	NA	1	4	0.8164	NA	1	1.4287	Viruses;Duplodnaviria;Heunggongvirae;Uroviricota;Caudoviricetes;;
ERR2726443_5083	1797	No terminal repeats	NA	2	11	0.8160	NA	1	3.4255	Viruses;Duplodnaviria;Heunggongvirae;Uroviricota;Caudoviricetes;;
ERR2726443_8077	3239	No terminal repeats	NA	4	11	0.8152	NA	0	1.7183	Viruses;Duplodnaviria;Heunggongvirae;Uroviricota;Caudoviricetes;;
ERR2726443_228793	383	No terminal repeats	NA	1	11	0.8151	NA	1	1.7183	Viruses;Duplodnaviria;Heunggongvirae;Uroviricota;Caudoviricetes;;
ERR2726443_333519	232	No terminal repeats	NA	1	11	0.8142	NA	1	1.7161	Viruses;Duplodnaviria;Heunggongvirae;Uroviricota;Caudoviricetes;;
ERR2726443_15506	11645	No terminal repeats	NA	9	11	0.8136	NA	0	2.5731	Unclassified
ERR2726443_35264	4463	No terminal repeats	NA	7	11	0.8133	NA	0	1.4091	Viruses;Duplodnaviria;Heunggongvirae;Uroviricota;Caudoviricetes;;
ERR2726443_180358	279	No terminal repeats	NA	1	11	0.8120	NA	1	1.7172	Viruses;Duplodnaviria;Heunggongvirae;Uroviricota;Caudoviricetes;;
ERR2726443_30361	744	No terminal repeats	NA	1	11	0.8112	NA	1	1.7183	Viruses;Duplodnaviria;Heunggongvirae;Uroviricota;Caudoviricetes;;
ERR2726443_19493	3379	No terminal repeats	NA	6	11	0.8111	NA	0	3.0205	Viruses;Duplodnaviria;Heunggongvirae;Uroviricota;Caudoviricetes;;
ERR2726443_108911	165	No terminal repeats	NA	1	11	0.8111	NA	1	1.7162	Viruses;Duplodnaviria;Heunggongvirae;Uroviricota;Caudoviricetes;;
ERR2726443_15132	3648	No terminal repeats	NA	3	11	0.8109	NA	0	2.3675	Viruses;Duplodnaviria;Heunggongvirae;Uroviricota;Caudoviricetes;;
ERR2726443_137393	426	No terminal repeats	NA	2	11	0.8106	NA	1	1.3963	Viruses;Duplodnaviria;Heunggongvirae;Uroviricota;Caudoviricetes;;
ERR2726443_114117	282	No terminal repeats	NA	1	11	0.8104	NA	1	1.0800	Viruses;Duplodnaviria;Heunggongvirae;Uroviricota;Caudoviricetes;;
ERR2726443_67619	1253	No terminal repeats	NA	2	11	0.8101	NA	1	1.7183	Viruses;Duplodnaviria;Heunggongvirae;Uroviricota;Caudoviricetes;;
ERR2726443_10019	7704	No terminal repeats	NA	7	11	0.8094	NA	0	3.1270	Unclassified
ERR2726443_12104	5199	No terminal repeats	NA	8	15	0.8087	NA	0	2.4771	Viruses;Duplodnaviria;Heunggongvirae;Uroviricota;Caudoviricetes;;
ERR2726443_13138	2933	No terminal repeats	NA	3	11	0.8087	NA	0	1.7183	Viruses;Duplodnaviria;Heunggongvirae;Uroviricota;Caudoviricetes;;
ERR2726443_243446	411	No terminal repeats	NA	2	11	0.8085	NA	1	1.7183	Viruses;Duplodnaviria;Heunggongvirae;Uroviricota;Caudoviricetes;;
ERR2726443_273689	247	No terminal repeats	NA	1	11	0.8081	NA	1	1.2509	Viruses;Duplodnaviria;Heunggongvirae;Uroviricota;Caudoviricetes;;
ERR2726443_121254	619	No terminal repeats	NA	2	11	0.8072	NA	1	1.6172	Viruses;Duplodnaviria;Heunggongvirae;Uroviricota;Caudoviricetes;;
ERR2726443_228637	409	No terminal repeats	NA	1	11	0.8071	NA	1	1.1453	Viruses;Duplodnaviria;Heunggongvirae;Uroviricota;Caudoviricetes;;
ERR2726443_115449	862	No terminal repeats	NA	2	4	0.8071	NA	1	1.7183	Viruses;Duplodnaviria;Heunggongvirae;Uroviricota;Caudoviricetes;;
ERR2726443_68149	2005	No terminal repeats	NA	2	11	0.8067	NA	1	1.7183	Viruses;Duplodnaviria;Heunggongvirae;Uroviricota;Caudoviricetes;;
ERR2726443_29345	4270	No terminal repeats	NA	7	11	0.8067	NA	1	0.9967	Viruses;Monodnaviria;Loebvirae;Hofneiviricota;Faserviricetes;Tubulavirales;Inoviridae
ERR2726443_91853	2176	No terminal repeats	NA	6	11	0.8061	NA	2	3.4321	Viruses;Duplodnaviria;Heunggongvirae;Uroviricota;Caudoviricetes;;
ERR2726443_228725	246	No terminal repeats	NA	1	15	0.8060	NA	1	1.5459	Viruses;Duplodnaviria;Heunggongvirae;Uroviricota;Caudoviricetes;;
ERR2726443_95933	586	No terminal repeats	NA	2	11	0.8054	NA	1	1.0262	Viruses;Duplodnaviria;Heunggongvirae;Uroviricota;Caudoviricetes;;
ERR2726443_176775	1382	No terminal repeats	NA	1	11	0.8047	NA	1	1.2306	Viruses;Duplodnaviria;Heunggongvirae;Uroviricota;Caudoviricetes;;
ERR2726443_4827	1908	No terminal repeats	NA	5	11	0.8045	NA	1	2.7173	Viruses;Duplodnaviria;Heunggongvirae;Uroviricota;Caudoviricetes;;
ERR2726443_27557	376	No terminal repeats	NA	1	11	0.8038	NA	1	1.5143	Viruses;Duplodnaviria;Heunggongvirae;Uroviricota;Caudoviricetes;;
ERR2726443_239599	411	No terminal repeats	NA	2	11	0.8038	NA	1	1.7183	Viruses;Duplodnaviria;Heunggongvirae;Uroviricota;Caudoviricetes;;
ERR2726443_122846	585	No terminal repeats	NA	1	11	0.8030	NA	1	1.7183	Viruses;Duplodnaviria;Heunggongvirae;Uroviricota;Caudoviricetes;;
ERR2726443_27276	17176	No terminal repeats	NA	28	11	0.8029	NA	0	8.3534	Viruses;Duplodnaviria;Heunggongvirae;Uroviricota;Caudoviricetes;;
ERR2726443_339850	386	No terminal repeats	NA	1	11	0.8026	NA	1	1.3506	Viruses;Duplodnaviria;Heunggongvirae;Uroviricota;Caudoviricetes;;
ERR2726443_40264	1752	No terminal repeats	NA	5	11	0.8026	NA	1	6.0757	Viruses;Duplodnaviria;Heunggongvirae;Uroviricota;Caudoviricetes;;
ERR2726443_179461	162	No terminal repeats	NA	1	11	0.8019	NA	1	1.4242	Viruses;Duplodnaviria;Heunggongvirae;Uroviricota;Caudoviricetes;;
ERR2726443_133158	377	No terminal repeats	NA	1	11	0.8018	NA	1	1.7097	Viruses;Duplodnaviria;Heunggongvirae;Uroviricota;Caudoviricetes;;
ERR2726443_50205	1759	No terminal repeats	NA	2	11	0.8013	NA	1	1.7183	Viruses;Duplodnaviria;Heunggongvirae;Uroviricota;Caudoviricetes;;
ERR2726443_280618	190	No terminal repeats	NA	1	11	0.8005	NA	1	1.7118	Viruses;Duplodnaviria;Heunggongvirae;Uroviricota;Caudoviricetes;;
ERR2726443_25651	3730	No terminal repeats	NA	6	11	0.7997	NA	0	1.8302	Viruses;Duplodnaviria;Heunggongvirae;Uroviricota;Caudoviricetes;;
ERR2726443_293688	269	No terminal repeats	NA	1	11	0.7991	NA	1	1.5702	Viruses;Duplodnaviria;Heunggongvirae;Uroviricota;Caudoviricetes;;
ERR2726443_20564	3691	No terminal repeats	NA	5	11	0.7987	NA	2	4.6717	Viruses;Duplodnaviria;Heunggongvirae;Uroviricota;Caudoviricetes;;
ERR2726443_76215	1446	No terminal repeats	NA	4	11	0.7985	NA	1	3.0986	Viruses;Duplodnaviria;Heunggongvirae;Uroviricota;Caudoviricetes;;
ERR2726443_35945	8598	No terminal repeats	NA	13	11	0.7981	NA	0	4.9451	Viruses;Duplodnaviria;Heunggongvirae;Uroviricota;Caudoviricetes;;
ERR2726443_65647	504	No terminal repeats	NA	2	11	0.7979	NA	1	1.7083	Viruses;Duplodnaviria;Heunggongvirae;Uroviricota;Caudoviricetes;;
ERR2726443_184801	186	No terminal repeats	NA	1	11	0.7977	NA	1	0.7290	Viruses;Duplodnaviria;Heunggongvirae;Uroviricota;Caudoviricetes;;
ERR2726443_21106	1012	No terminal repeats	NA	1	11	0.7973	NA	1	1.7183	Viruses;Duplodnaviria;Heunggongvirae;Uroviricota;Caudoviricetes;;
ERR2726443_67828	614	No terminal repeats	NA	1	11	0.7968	NA	1	1.4211	Viruses;Duplodnaviria;Heunggongvirae;Uroviricota;Caudoviricetes;;
ERR2726443_37615	461	No terminal repeats	NA	1	11	0.7966	NA	1	1.2077	Viruses;Duplodnaviria;Heunggongvirae;Uroviricota;Caudoviricetes;;
ERR2726443_127450	493	No terminal repeats	NA	2	11	0.7962	NA	1	1.7183	Viruses;Duplodnaviria;Heunggongvirae;Uroviricota;Caudoviricetes;;
ERR2726443_202321	1163	No terminal repeats	NA	2	11	0.7954	NA	1	1.5103	Viruses;Duplodnaviria;Heunggongvirae;Uroviricota;Caudoviricetes;;
ERR2726443_221020	895	No terminal repeats	NA	1	11	0.7953	NA	1	0.9308	Viruses;Duplodnaviria;Heunggongvirae;Uroviricota;Caudoviricetes;;
ERR2726443_114914	873	No terminal repeats	NA	1	11	0.7945	NA	1	1.7183	Viruses;Duplodnaviria;Heunggongvirae;Uroviricota;Caudoviricetes;;
ERR2726443_31144	2695	No terminal repeats	NA	5	11	0.7942	NA	1	3.2591	Viruses;Duplodnaviria;Heunggongvirae;Uroviricota;Caudoviricetes;;
ERR2726443_55411	578	No terminal repeats	NA	1	11	0.7932	NA	1	0.8348	Viruses;Duplodnaviria;Heunggongvirae;Uroviricota;Caudoviricetes;;
ERR2726443_50829	1740	No terminal repeats	NA	3	11	0.7930	NA	1	3.2235	Viruses;Duplodnaviria;Heunggongvirae;Uroviricota;Caudoviricetes;;
ERR2726443_309950	224	No terminal repeats	NA	1	11	0.7929	NA	1	1.3993	Viruses;Duplodnaviria;Heunggongvirae;Uroviricota;Caudoviricetes;;
ERR2726443_57319	2583	No terminal repeats	NA	2	11	0.7928	NA	1	1.4598	Viruses;Duplodnaviria;Heunggongvirae;Uroviricota;Caudoviricetes;;
ERR2726443_209338	802	No terminal repeats	NA	1	11	0.7927	NA	1	1.1125	Viruses;Duplodnaviria;Heunggongvirae;Uroviricota;Caudoviricetes;;
ERR2726443_125662	165	No terminal repeats	NA	1	11	0.7916	NA	1	1.6579	Viruses;Duplodnaviria;Heunggongvirae;Uroviricota;Caudoviricetes;;
ERR2726443_2083	3138	No terminal repeats	NA	5	11	0.7905	NA	1	2.2711	Viruses;Duplodnaviria;Heunggongvirae;Uroviricota;Caudoviricetes;;
ERR2726443_152767	765	No terminal repeats	NA	1	11	0.7902	NA	1	1.6407	Viruses;Duplodnaviria;Heunggongvirae;Uroviricota;Caudoviricetes;;
ERR2726443_143780	1126	No terminal repeats	NA	2	11	0.7901	NA	2	2.7922	Viruses;Duplodnaviria;Heunggongvirae;Uroviricota;Caudoviricetes;;
ERR2726443_304185	358	No terminal repeats	NA	1	11	0.7894	NA	1	1.2211	Viruses;Duplodnaviria;Heunggongvirae;Uroviricota;Caudoviricetes;;
ERR2726443_26724	2806	No terminal repeats	NA	4	11	0.7881	NA	0	0.0000	Unclassified
ERR2726443_10075	1247	No terminal repeats	NA	3	11	0.7879	NA	1	1.5173	Viruses;Duplodnaviria;Heunggongvirae;Uroviricota;Caudoviricetes;;
ERR2726443_147277	2978	No terminal repeats	NA	2	11	0.7878	NA	0	0.0000	Unclassified
ERR2726443_27995	827	No terminal repeats	NA	3	4	0.7877	NA	1	1.3171	Viruses;Duplodnaviria;Heunggongvirae;Uroviricota;Caudoviricetes;;
ERR2726443_86271	1056	No terminal repeats	NA	2	11	0.7876	NA	1	3.4246	Viruses;Duplodnaviria;Heunggongvirae;Uroviricota;Caudoviricetes;;
ERR2726443_27093	819	No terminal repeats	NA	1	11	0.7875	NA	1	1.2306	Viruses;Duplodnaviria;Heunggongvirae;Uroviricota;Caudoviricetes;;
ERR2726443_385777	181	No terminal repeats	NA	1	11	0.7874	NA	1	1.7167	Viruses;Duplodnaviria;Heunggongvirae;Uroviricota;Caudoviricetes;;
ERR2726443_50146	511	No terminal repeats	NA	1	11	0.7871	NA	1	1.7104	Viruses;Duplodnaviria;Heunggongvirae;Uroviricota;Caudoviricetes;;
ERR2726443_24705	3619	No terminal repeats	NA	6	11	0.7863	NA	0	2.8778	Viruses;Duplodnaviria;Heunggongvirae;Uroviricota;Caudoviricetes;;
ERR2726443_310500	458	No terminal repeats	NA	1	11	0.7859	NA	1	1.7183	Unclassified
ERR2726443_228162	600	No terminal repeats	NA	1	11	0.7847	NA	1	1.2033	Viruses;Duplodnaviria;Heunggongvirae;Uroviricota;Caudoviricetes;;
ERR2726443_9814	6553	No terminal repeats	NA	7	11	0.7846	NA	0	2.8321	Viruses;Duplodnaviria;Heunggongvirae;Uroviricota;Caudoviricetes;;
ERR2726443_59399	304	No terminal repeats	NA	1	11	0.7844	NA	1	0.8784	Viruses;Monodnaviria;Shotokuvirae;Cressdnaviricota;Arfiviricetes;Cirlivirales;Circoviridae
ERR2726443_167649	166	No terminal repeats	NA	1	11	0.7843	NA	1	1.4001	Viruses;Duplodnaviria;Heunggongvirae;Uroviricota;Caudoviricetes;;
ERR2726443_21614	1063	No terminal repeats	NA	1	11	0.7843	NA	1	1.5362	Viruses;Duplodnaviria;Heunggongvirae;Uroviricota;Caudoviricetes;;
ERR2726443_32182	12429	No terminal repeats	NA	13	11	0.7831	NA	1	1.6709	Viruses;Duplodnaviria;Heunggongvirae;Uroviricota;Caudoviricetes;;
ERR2726443_74710	2785	No terminal repeats	NA	2	11	0.7818	NA	0	1.7110	Viruses;Duplodnaviria;Heunggongvirae;Uroviricota;Caudoviricetes;;Kyanoviridae
ERR2726443_55630	8688	No terminal repeats	NA	10	11	0.7817	NA	0	0.8617	Viruses;Duplodnaviria;Heunggongvirae;Uroviricota;Caudoviricetes;;
ERR2726443_269419	344	No terminal repeats	NA	1	11	0.7813	NA	1	1.7168	Viruses;Duplodnaviria;Heunggongvirae;Uroviricota;Caudoviricetes;;
ERR2726443_9037	11778	No terminal repeats	NA	10	11	0.7811	NA	0	5.6342	Viruses;Duplodnaviria;Heunggongvirae;Uroviricota;Caudoviricetes;;
ERR2726443_210640	387	No terminal repeats	NA	1	11	0.7811	NA	1	1.4422	Viruses;Duplodnaviria;Heunggongvirae;Uroviricota;Caudoviricetes;;
ERR2726443_18613	5565	No terminal repeats	NA	6	11	0.7801	NA	0	1.7183	Viruses;Duplodnaviria;Heunggongvirae;Uroviricota;Caudoviricetes;;
ERR2726443_54340	3195	No terminal repeats	NA	4	11	0.7785	NA	0	1.7183	Viruses;Duplodnaviria;Heunggongvirae;Uroviricota;Caudoviricetes;;
ERR2726443_101071	230	No terminal repeats	NA	1	11	0.7777	NA	1	1.7090	Viruses;Duplodnaviria;Heunggongvirae;Uroviricota;Caudoviricetes;;
ERR2726443_133877	465	No terminal repeats	NA	2	11	0.7769	NA	1	1.7183	Viruses;Duplodnaviria;Heunggongvirae;Uroviricota;Caudoviricetes;;
ERR2726443_37858	2864	No terminal repeats	NA	1	11	0.7753	NA	0	0.0000	Unclassified
ERR2726443_286028	421	ITR	NA	1	11	0.7748	NA	1	1.3608	Viruses;Duplodnaviria;Heunggongvirae;Uroviricota;Caudoviricetes;;
ERR2726443_1153	3530	No terminal repeats	NA	1	11	0.7735	NA	0	1.4208	Viruses;Duplodnaviria;Heunggongvirae;Uroviricota;Caudoviricetes;;
ERR2726443_137764	446	No terminal repeats	NA	1	11	0.7734	NA	1	1.7136	Viruses;Duplodnaviria;Heunggongvirae;Uroviricota;Caudoviricetes;;
ERR2726443_100664	808	No terminal repeats	NA	2	11	0.7728	NA	1	1.4031	Viruses;Duplodnaviria;Heunggongvirae;Uroviricota;Caudoviricetes;;
ERR2726443_259661	231	No terminal repeats	NA	1	11	0.7727	NA	1	1.4287	Viruses;Duplodnaviria;Heunggongvirae;Uroviricota;Caudoviricetes;;
ERR2726443_14983	2922	No terminal repeats	NA	5	11	0.7724	NA	0	2.9558	Viruses;Duplodnaviria;Heunggongvirae;Uroviricota;Caudoviricetes;;
ERR2726443_388534	185	No terminal repeats	NA	1	11	0.7713	NA	1	1.6414	Viruses;Duplodnaviria;Heunggongvirae;Uroviricota;Caudoviricetes;;
ERR2726443_360188	69	No terminal repeats	NA	1	11	0.7707	NA	1	1.2354	Viruses;Duplodnaviria;Heunggongvirae;Uroviricota;Caudoviricetes;;
ERR2726443_47542	4784	No terminal repeats	NA	2	11	0.7704	NA	0	1.2145	Viruses;Duplodnaviria;Heunggongvirae;Uroviricota;Caudoviricetes;;
ERR2726443_33728	3719	No terminal repeats	NA	4	11	0.7689	NA	0	0.4082	Viruses;Duplodnaviria;Heunggongvirae;Uroviricota;Caudoviricetes;;
ERR2726443_131587	116	No terminal repeats	NA	1	11	0.7681	NA	1	0.7290	Viruses;Duplodnaviria;Heunggongvirae;Uroviricota;Caudoviricetes;;
ERR2726443_122752	1022	No terminal repeats	NA	1	11	0.7677	NA	1	1.0580	Viruses;Duplodnaviria;Heunggongvirae;Uroviricota;Caudoviricetes;;
ERR2726443_60249	3391	No terminal repeats	NA	2	11	0.7670	NA	1	1.5132	Viruses;Duplodnaviria;Heunggongvirae;Uroviricota;Caudoviricetes;;
ERR2726443_1316	1856	No terminal repeats	NA	5	11	0.7669	NA	1	2.4854	Viruses;Duplodnaviria;Heunggongvirae;Uroviricota;Caudoviricetes;;
ERR2726443_180910	771	No terminal repeats	NA	2	11	0.7662	NA	1	3.0762	Viruses;Duplodnaviria;Heunggongvirae;Uroviricota;Caudoviricetes;;
ERR2726443_39256	3071	No terminal repeats	NA	1	11	0.7657	NA	0	0.0000	Unclassified
ERR2726443_68421	3354	No terminal repeats	NA	1	11	0.7655	NA	0	0.0000	Unclassified
ERR2726443_171768	332	No terminal repeats	NA	1	11	0.7653	NA	1	1.2609	Viruses;Duplodnaviria;Heunggongvirae;Uroviricota;Caudoviricetes;;
ERR2726443_55013	2975	No terminal repeats	NA	4	11	0.7639	NA	1	1.7136	Viruses;Duplodnaviria;Heunggongvirae;Uroviricota;Caudoviricetes;;
ERR2726443_198582	221	No terminal repeats	NA	1	11	0.7633	NA	1	1.4209	Viruses;Duplodnaviria;Heunggongvirae;Uroviricota;Caudoviricetes;;
ERR2726443_237286	484	No terminal repeats	NA	1	11	0.7620	NA	1	1.3499	Viruses;Duplodnaviria;Heunggongvirae;Uroviricota;Caudoviricetes;;
ERR2726443_27407	14758	No terminal repeats	NA	9	11	0.7606	NA	0	0.0000	Unclassified
ERR2726443_56388	1039	No terminal repeats	NA	1	11	0.7598	NA	1	1.6802	Viruses;Duplodnaviria;Heunggongvirae;Uroviricota;Caudoviricetes;;
ERR2726443_95653	560	No terminal repeats	NA	1	11	0.7597	NA	1	1.2569	Viruses;Duplodnaviria;Heunggongvirae;Uroviricota;Caudoviricetes;;
ERR2726443_44789	2737	No terminal repeats	NA	2	11	0.7593	NA	0	1.7183	Unclassified
ERR2726443_177516	484	No terminal repeats	NA	2	11	0.7587	NA	1	1.7183	Viruses;Duplodnaviria;Heunggongvirae;Uroviricota;Caudoviricetes;;
ERR2726443_140140	214	No terminal repeats	NA	1	15	0.7583	NA	1	1.6281	Viruses;Duplodnaviria;Heunggongvirae;Uroviricota;Caudoviricetes;;
ERR2726443_209559	306	No terminal repeats	NA	2	11	0.7583	NA	1	0.7382	Viruses;Duplodnaviria;Heunggongvirae;Uroviricota;Caudoviricetes;;
ERR2726443_78939	1285	No terminal repeats	NA	1	11	0.7583	NA	1	1.2306	Viruses;Duplodnaviria;Heunggongvirae;Uroviricota;Caudoviricetes;;
ERR2726443_101089	1047	No terminal repeats	NA	2	11	0.7577	NA	1	3.1780	Viruses;Duplodnaviria;Heunggongvirae;Uroviricota;Caudoviricetes;;
ERR2726443_74190	643	No terminal repeats	NA	1	11	0.7573	NA	1	1.2661	Viruses;Duplodnaviria;Heunggongvirae;Uroviricota;Caudoviricetes;;
ERR2726443_138321	520	No terminal repeats	NA	2	11	0.7573	NA	1	1.4287	Viruses;Duplodnaviria;Heunggongvirae;Uroviricota;Caudoviricetes;;
ERR2726443_49475	3199	No terminal repeats	NA	3	11	0.7573	NA	0	1.7183	Viruses;Duplodnaviria;Heunggongvirae;Uroviricota;Caudoviricetes;;
ERR2726443_204238	397	No terminal repeats	NA	1	11	0.7556	NA	1	1.7177	Viruses;Duplodnaviria;Heunggongvirae;Uroviricota;Caudoviricetes;;
ERR2726443_301779	301	No terminal repeats	NA	1	11	0.7550	NA	1	1.4209	Viruses;Duplodnaviria;Heunggongvirae;Uroviricota;Caudoviricetes;;
ERR2726443_67438	181	No terminal repeats	NA	1	11	0.7537	NA	1	1.3562	Viruses;Duplodnaviria;Heunggongvirae;Uroviricota;Caudoviricetes;;
ERR2726443_8923	599	No terminal repeats	NA	1	11	0.7537	NA	1	1.7020	Viruses;Duplodnaviria;Heunggongvirae;Uroviricota;Caudoviricetes;;Herelleviridae
ERR2726443_170233	306	No terminal repeats	NA	1	11	0.7530	NA	1	1.0800	Viruses;Duplodnaviria;Heunggongvirae;Uroviricota;Caudoviricetes;;
ERR2726443_33021	2736	No terminal repeats	NA	5	11	0.7526	NA	1	2.4923	Viruses;Duplodnaviria;Heunggongvirae;Uroviricota;Caudoviricetes;;
ERR2726443_17296	4110	No terminal repeats	NA	5	11	0.7516	NA	0	0.0000	Unclassified
ERR2726443_1836	5784	No terminal repeats	NA	5	11	0.7511	NA	1	2.8758	Viruses;Duplodnaviria;Heunggongvirae;Uroviricota;Caudoviricetes;;
ERR2726443_15768	981	No terminal repeats	NA	1	11	0.7511	NA	1	0.9308	Viruses;Duplodnaviria;Heunggongvirae;Uroviricota;Caudoviricetes;;
ERR2726443_266242	383	No terminal repeats	NA	2	11	0.7492	NA	1	1.6293	Viruses;Duplodnaviria;Heunggongvirae;Uroviricota;Caudoviricetes;;
ERR2726443_71649	1017	No terminal repeats	NA	2	11	0.7488	NA	1	1.7183	Viruses;Duplodnaviria;Heunggongvirae;Uroviricota;Caudoviricetes;;
ERR2726443_70435	2696	No terminal repeats	NA	1	11	0.7487	NA	0	0.0000	Unclassified
ERR2726443_167593	162	No terminal repeats	NA	1	11	0.7472	NA	1	1.6545	Viruses;Duplodnaviria;Heunggongvirae;Uroviricota;Caudoviricetes;;
ERR2726443_41819	3347	No terminal repeats	NA	2	11	0.7469	NA	0	0.0000	Unclassified
ERR2726443_83342	3535	No terminal repeats	NA	3	11	0.7458	NA	0	0.0000	Unclassified
ERR2726443_60408	716	No terminal repeats	NA	1	11	0.7451	NA	1	0.9355	Viruses;Duplodnaviria;Heunggongvirae;Uroviricota;Caudoviricetes;;
ERR2726443_24452	3859	No terminal repeats	NA	6	11	0.7444	NA	0	0.0000	Unclassified
ERR2726443_9581	5562	No terminal repeats	NA	10	11	0.7442	NA	0	3.2631	Viruses;Duplodnaviria;Heunggongvirae;Uroviricota;Caudoviricetes;;
ERR2726443_5657	808	No terminal repeats	NA	1	11	0.7439	NA	1	1.4359	Viruses;Duplodnaviria;Heunggongvirae;Uroviricota;Caudoviricetes;;
ERR2726443_305260	319	No terminal repeats	NA	1	11	0.7436	NA	1	1.7157	Viruses;Duplodnaviria;Heunggongvirae;Uroviricota;Caudoviricetes;;
ERR2726443_318046	232	No terminal repeats	NA	1	11	0.7423	NA	1	1.7161	Viruses;Duplodnaviria;Heunggongvirae;Uroviricota;Caudoviricetes;;
ERR2726443_235683	772	No terminal repeats	NA	2	11	0.7421	NA	1	1.7183	Viruses;Duplodnaviria;Heunggongvirae;Uroviricota;Caudoviricetes;;
ERR2726443_17514	5465	No terminal repeats	NA	3	11	0.7417	NA	0	1.3379	Viruses;Duplodnaviria;Heunggongvirae;Uroviricota;Caudoviricetes;;
ERR2726443_334626	340	No terminal repeats	NA	1	11	0.7416	NA	1	1.3313	Viruses;Duplodnaviria;Heunggongvirae;Uroviricota;Caudoviricetes;;
ERR2726443_81331	415	No terminal repeats	NA	1	11	0.7416	NA	1	1.7083	Viruses;Duplodnaviria;Heunggongvirae;Uroviricota;Caudoviricetes;;
ERR2726443_10083	2506	No terminal repeats	NA	3	11	0.7413	NA	0	1.4917	Viruses;Duplodnaviria;Heunggongvirae;Uroviricota;Caudoviricetes;;
ERR2726443_18972	3415	No terminal repeats	NA	2	11	0.7410	NA	1	1.5132	Viruses;Duplodnaviria;Heunggongvirae;Uroviricota;Caudoviricetes;;
ERR2726443_105627	742	No terminal repeats	NA	1	11	0.7407	NA	1	1.6379	Viruses;Duplodnaviria;Heunggongvirae;Uroviricota;Caudoviricetes;;
ERR2726443_160458	1675	No terminal repeats	NA	2	11	0.7402	NA	1	1.3394	Viruses;Duplodnaviria;Heunggongvirae;Uroviricota;Caudoviricetes;;
ERR2726443_19166	3086	No terminal repeats	NA	5	11	0.7401	NA	1	3.4242	Viruses;Duplodnaviria;Heunggongvirae;Uroviricota;Caudoviricetes;;
ERR2726443_70844	499	No terminal repeats	NA	2	11	0.7399	NA	1	1.7183	Viruses;Duplodnaviria;Heunggongvirae;Uroviricota;Caudoviricetes;;
ERR2726443_18238	4127	No terminal repeats	NA	5	11	0.7395	NA	0	1.7023	Viruses;Duplodnaviria;Heunggongvirae;Uroviricota;Caudoviricetes;;
ERR2726443_258706	194	No terminal repeats	NA	1	11	0.7393	NA	1	0.6871	Viruses;Duplodnaviria;Heunggongvirae;Uroviricota;Caudoviricetes;;
ERR2726443_270451	287	No terminal repeats	NA	1	11	0.7386	NA	1	0.7382	Viruses;Duplodnaviria;Heunggongvirae;Uroviricota;Caudoviricetes;;
ERR2726443_33093	4950	No terminal repeats	NA	4	11	0.7385	NA	1	1.7183	Viruses;Duplodnaviria;Heunggongvirae;Uroviricota;Caudoviricetes;;
ERR2726443_253269	411	No terminal repeats	NA	1	11	0.7384	NA	1	1.4883	Viruses;Duplodnaviria;Heunggongvirae;Uroviricota;Caudoviricetes;;
ERR2726443_35602	1505	No terminal repeats	NA	3	11	0.7379	NA	1	5.1159	Viruses;Duplodnaviria;Heunggongvirae;Uroviricota;Caudoviricetes;;
ERR2726443_136255	1789	No terminal repeats	NA	4	11	0.7375	NA	1	4.3758	Viruses;Duplodnaviria;Heunggongvirae;Uroviricota;Caudoviricetes;;
ERR2726443_19653	5185	No terminal repeats	NA	5	11	0.7372	NA	0	1.7183	Unclassified
ERR2726443_230428	1494	No terminal repeats	NA	3	11	0.7372	NA	1	1.7183	Viruses;Duplodnaviria;Heunggongvirae;Uroviricota;Caudoviricetes;;
ERR2726443_120874	2109	No terminal repeats	NA	2	11	0.7367	NA	1	1.3484	Viruses;Duplodnaviria;Heunggongvirae;Uroviricota;Caudoviricetes;;
ERR2726443_38598	1033	No terminal repeats	NA	2	11	0.7364	NA	1	1.3160	Viruses;Duplodnaviria;Heunggongvirae;Uroviricota;Caudoviricetes;;
ERR2726443_160429	160	No terminal repeats	NA	1	11	0.7355	NA	1	0.7382	Viruses;Duplodnaviria;Heunggongvirae;Uroviricota;Caudoviricetes;;
ERR2726443_55245	302	No terminal repeats	NA	1	11	0.7353	NA	1	1.3983	Viruses;Duplodnaviria;Heunggongvirae;Uroviricota;Caudoviricetes;;
ERR2726443_143439	1166	No terminal repeats	NA	2	11	0.7351	NA	1	1.7183	Viruses;Duplodnaviria;Heunggongvirae;Uroviricota;Caudoviricetes;;
ERR2726443_79258	651	No terminal repeats	NA	1	11	0.7346	NA	1	1.1904	Viruses;Duplodnaviria;Heunggongvirae;Uroviricota;Caudoviricetes;;
ERR2726443_179155	292	No terminal repeats	NA	1	11	0.7341	NA	1	1.6281	Viruses;Duplodnaviria;Heunggongvirae;Uroviricota;Caudoviricetes;;
ERR2726443_53125	800	No terminal repeats	NA	1	11	0.7339	NA	1	1.7129	Viruses;Duplodnaviria;Heunggongvirae;Uroviricota;Caudoviricetes;;
ERR2726443_190769	226	No terminal repeats	NA	1	15	0.7336	NA	1	1.6771	Viruses;Duplodnaviria;Heunggongvirae;Uroviricota;Caudoviricetes;;
ERR2726443_22047	2839	No terminal repeats	NA	6	11	0.7335	NA	0	1.7183	Viruses;Duplodnaviria;Heunggongvirae;Uroviricota;Caudoviricetes;;
ERR2726443_180513	558	No terminal repeats	NA	2	11	0.7324	NA	1	1.4944	Viruses;Duplodnaviria;Heunggongvirae;Uroviricota;Caudoviricetes;;
ERR2726443_17226	434	No terminal repeats	NA	1	11	0.7323	NA	1	1.7076	Viruses;Duplodnaviria;Heunggongvirae;Uroviricota;Caudoviricetes;;
ERR2726443_10524	3850	No terminal repeats	NA	7	11	0.7317	NA	0	0.0000	Unclassified
ERR2726443_29450	6964	No terminal repeats	NA	5	11	0.7308	NA	0	1.7183	Viruses;Duplodnaviria;Heunggongvirae;Uroviricota;Caudoviricetes;;
ERR2726443_7817	3556	No terminal repeats	NA	2	11	0.7302	NA	0	0.0000	Unclassified
ERR2726443_10700	8257	No terminal repeats	NA	12	11	0.7297	NA	0	2.6586	Viruses;Duplodnaviria;Heunggongvirae;Uroviricota;Caudoviricetes;;
ERR2726443_2446	5052	No terminal repeats	NA	2	11	0.7293	NA	0	1.7127	Viruses;Duplodnaviria;Heunggongvirae;Uroviricota;Caudoviricetes;;Kyanoviridae
ERR2726443_173005	345	No terminal repeats	NA	2	11	0.7289	NA	1	0.9927	Viruses;Duplodnaviria;Heunggongvirae;Uroviricota;Caudoviricetes;;
ERR2726443_378576	164	No terminal repeats	NA	1	11	0.7268	NA	1	1.4287	Viruses;Duplodnaviria;Heunggongvirae;Uroviricota;Caudoviricetes;;
ERR2726443_42455	2642	No terminal repeats	NA	3	11	0.7259	NA	0	0.0000	Unclassified
ERR2726443_100798	319	No terminal repeats	NA	2	11	0.7259	NA	1	0.9927	Viruses;Duplodnaviria;Heunggongvirae;Uroviricota;Caudoviricetes;;
ERR2726443_32201	2851	No terminal repeats	NA	3	11	0.7255	NA	0	0.0000	Unclassified
ERR2726443_135799	184	No terminal repeats	NA	1	11	0.7255	NA	1	1.1579	Viruses;Duplodnaviria;Heunggongvirae;Uroviricota;Caudoviricetes;;
ERR2726443_55142	2590	No terminal repeats	NA	3	11	0.7248	NA	0	0.0000	Unclassified
ERR2726443_33264	380	No terminal repeats	NA	1	11	0.7239	NA	1	1.4689	Viruses;Duplodnaviria;Heunggongvirae;Uroviricota;Caudoviricetes;;
ERR2726443_179719	254	No terminal repeats	NA	1	11	0.7230	NA	1	1.3780	Viruses;Duplodnaviria;Heunggongvirae;Uroviricota;Caudoviricetes;;
ERR2726443_212374	378	No terminal repeats	NA	1	11	0.7222	NA	1	1.4883	Viruses;Duplodnaviria;Heunggongvirae;Uroviricota;Caudoviricetes;;
ERR2726443_121277	2411	No terminal repeats	NA	5	11	0.7221	NA	1	1.7136	Viruses;Duplodnaviria;Heunggongvirae;Uroviricota;Caudoviricetes;;
ERR2726443_67969	517	No terminal repeats	NA	1	11	0.7221	NA	1	1.4239	Viruses;Duplodnaviria;Heunggongvirae;Uroviricota;Caudoviricetes;;
ERR2726443_29113	5254	No terminal repeats	NA	4	11	0.7214	NA	0	1.7183	Viruses;Duplodnaviria;Heunggongvirae;Uroviricota;Caudoviricetes;;
ERR2726443_334120	174	No terminal repeats	NA	1	11	0.7208	NA	1	1.3345	Viruses;Duplodnaviria;Heunggongvirae;Uroviricota;Caudoviricetes;;
ERR2726443_129142	279	No terminal repeats	NA	1	11	0.7198	NA	1	1.5097	Viruses;Duplodnaviria;Heunggongvirae;Uroviricota;Caudoviricetes;;
ERR2726443_48260	4415	No terminal repeats	NA	2	11	0.7191	NA	0	0.0000	Unclassified
ERR2726443_22958	5252	No terminal repeats	NA	1	11	0.7185	NA	0	0.8486	Viruses;Duplodnaviria;Heunggongvirae;Uroviricota;Caudoviricetes;;
ERR2726443_33218	4840	No terminal repeats	NA	6	11	0.7181	NA	0	0.0000	Unclassified
ERR2726443_89722	308	No terminal repeats	NA	1	11	0.7179	NA	1	1.6281	Viruses;Duplodnaviria;Heunggongvirae;Uroviricota;Caudoviricetes;;
ERR2726443_71248	4395	No terminal repeats	NA	8	11	0.7178	NA	0	1.7042	Viruses;Duplodnaviria;Heunggongvirae;Uroviricota;Caudoviricetes;;
ERR2726443_107069	419	No terminal repeats	NA	2	11	0.7172	NA	1	3.3589	Viruses;Duplodnaviria;Heunggongvirae;Uroviricota;Caudoviricetes;;
ERR2726443_7299	4743	No terminal repeats	NA	2	11	0.7168	NA	0	0.0000	Unclassified
ERR2726443_21505	2565	No terminal repeats	NA	2	11	0.7167	NA	0	1.7183	Viruses;Duplodnaviria;Heunggongvirae;Uroviricota;Caudoviricetes;;
ERR2726443_38670	2860	No terminal repeats	NA	2	11	0.7154	NA	0	0.0000	Unclassified
ERR2726443_292430	200	No terminal repeats	NA	1	11	0.7151	NA	1	1.6853	Viruses;Duplodnaviria;Heunggongvirae;Uroviricota;Caudoviricetes;;
ERR2726443_52597	2290	No terminal repeats	NA	5	11	0.7147	NA	1	2.2209	Viruses;Duplodnaviria;Heunggongvirae;Uroviricota;Caudoviricetes;;
ERR2726443_32135	3383	No terminal repeats	NA	11	11	0.7143	NA	0	1.4625	Viruses;Duplodnaviria;Heunggongvirae;Uroviricota;Caudoviricetes;;
ERR2726443_90867	1141	No terminal repeats	NA	1	11	0.7141	NA	1	1.7183	Viruses;Duplodnaviria;Heunggongvirae;Uroviricota;Caudoviricetes;;
ERR2726443_374022	281	No terminal repeats	NA	1	11	0.7138	NA	1	1.3264	Viruses;Duplodnaviria;Heunggongvirae;Uroviricota;Caudoviricetes;;
ERR2726443_24851	12686	No terminal repeats	NA	13	11	0.7134	NA	1	2.0965	Viruses;Duplodnaviria;Heunggongvirae;Uroviricota;Caudoviricetes;;
ERR2726443_202283	1058	No terminal repeats	NA	2	11	0.7129	NA	1	1.0036	Viruses;Duplodnaviria;Heunggongvirae;Uroviricota;Caudoviricetes;;
ERR2726443_19136	6729	No terminal repeats	NA	7	11	0.7128	NA	0	1.7391	Viruses;Duplodnaviria;Heunggongvirae;Uroviricota;Caudoviricetes;;
ERR2726443_1095	26651	No terminal repeats	NA	20	11	0.7114	NA	0	1.7125	Viruses;Duplodnaviria;Heunggongvirae;Uroviricota;Caudoviricetes;;
ERR2726443_33450	5822	No terminal repeats	NA	5	11	0.7097	NA	1	2.3187	Viruses;Duplodnaviria;Heunggongvirae;Uroviricota;Caudoviricetes;;
ERR2726443_155716	368	No terminal repeats	NA	1	11	0.7095	NA	1	1.1125	Viruses;Duplodnaviria;Heunggongvirae;Uroviricota;Caudoviricetes;;
ERR2726443_385245	289	No terminal repeats	NA	1	11	0.7087	NA	1	1.2661	Viruses;Duplodnaviria;Heunggongvirae;Uroviricota;Caudoviricetes;;
ERR2726443_290201	236	No terminal repeats	NA	1	11	0.7077	NA	1	1.6308	Viruses;Duplodnaviria;Heunggongvirae;Uroviricota;Caudoviricetes;;
ERR2726443_70657	3094	No terminal repeats	NA	5	11	0.7076	NA	0	2.9353	Viruses;Duplodnaviria;Heunggongvirae;Uroviricota;Caudoviricetes;;
ERR2726443_31130	5423	No terminal repeats	NA	3	11	0.7061	NA	0	0.0000	Unclassified
ERR2726443_21801	2646	No terminal repeats	NA	2	11	0.7055	NA	0	0.0000	Unclassified
ERR2726443_16033	3446	No terminal repeats	NA	6	11	0.7054	NA	1	1.7183	Viruses;Duplodnaviria;Heunggongvirae;Uroviricota;Caudoviricetes;;
ERR2726443_129792	198	No terminal repeats	NA	1	11	0.7054	NA	1	1.6721	Unclassified
ERR2726443_48873	3869	No terminal repeats	NA	2	11	0.7045	NA	0	1.4913	Viruses;Duplodnaviria;Heunggongvirae;Uroviricota;Caudoviricetes;;
ERR2726443_140369	266	No terminal repeats	NA	1	11	0.7040	NA	1	1.4001	Viruses;Duplodnaviria;Heunggongvirae;Uroviricota;Caudoviricetes;;
ERR2726443_204765	445	No terminal repeats	NA	1	11	0.7037	NA	1	1.7136	Viruses;Duplodnaviria;Heunggongvirae;Uroviricota;Caudoviricetes;;
ERR2726443_12532	2573	No terminal repeats	NA	3	11	0.7037	NA	0	0.4048	Viruses;Duplodnaviria;Heunggongvirae;Uroviricota;Caudoviricetes;;
ERR2726443_41703	7272	No terminal repeats	NA	10	11	0.7035	NA	0	1.8302	Viruses;Duplodnaviria;Heunggongvirae;Uroviricota;Caudoviricetes;;
ERR2726443_84964	683	No terminal repeats	NA	1	11	0.7030	NA	1	1.4359	Viruses;Duplodnaviria;Heunggongvirae;Uroviricota;Caudoviricetes;;
ERR2726443_64176	3289	No terminal repeats	NA	6	11	0.7020	NA	0	1.3566	Unclassified
ERR2726443_189130	730	No terminal repeats	NA	1	11	0.7019	NA	1	1.1678	Viruses;Duplodnaviria;Heunggongvirae;Uroviricota;Caudoviricetes;;
ERR2726443_2410	3111	No terminal repeats	NA	1	11	0.7015	NA	0	0.0000	Unclassified
ERR2726443_12108	3724	No terminal repeats	NA	2	11	0.7006	NA	0	1.7183	Unclassified
ERR2726443_3055	261	No terminal repeats	NA	1	11	0.7004	NA	1	1.1579	Viruses;Duplodnaviria;Heunggongvirae;Uroviricota;Caudoviricetes;;
